SKU,Processor,vCPUs (Qty.),Memory (GB),Max Temp Storage Disks (Qty.),Temp Disk Size (GiB),Temp Disk Random Read (RR)1 IOPS,Temp Disk Random Read (RR)1 Throughput (MB/s),Temp Disk Random Write (RW)1 IOPS,Temp Disk Random Write (RW)1 Throughput (MB/s),Max Remote Storage Disks (Qty.),Uncached Premium SSD IOPS,Uncached Premium SSD Throughput (MB/s),Uncached Premium SSD Burst1 IOPS,Uncached Premium SSD Burst1 Throughput (MB/s),Uncached Ultra Disk and Premium SSD v2 IOPS,Uncached Ultra Disk and Premium SSD v2 Throughput (MB/s),Uncached Burst1 Ultra Disk and Premium SSD v2 IOPS,Uncached Burst1 Ultra Disk and Premium SSD v2 Throughput (MB/s),Max NICs (Qty.),Max Network Bandwidth (Mb/s),Premium Storage,Premium Storage caching,Live Migration,Memory Preserving Updates,Generation 2 VMs,Generation 1 VMs,Accelerated Networking,Ephemeral OS Disk,Temporary local NVMe disks,Nested Virtualization,NVMe storage,Constrained core,Accelerators (Qty.),Accelerator-Memory (GB),Temp Disk Random Read (RR)1 Throughput (MBps),Temp Disk Random Write (RW)1 Throughput (MBps),Max Network Bandwidth (Mbps),VM Generation Support,Ephemeral OS Disks,Base CPU Performance of VM (%)1,Initial Credits (Qty.),Credits banked/hour (Qty.),Max Banked Credits (Qty.),Uncached Premium SSD Throughput (MBps),Uncached Premium SSD Burst1 Throughput (MBps),Local temporary storage,Temp Disk Size (GiB)1,Temp Disk Random Read (RR)2 IOPS3,Temp Disk Random Read (RR)2 Throughput (MBps)3,Uncached Ultra Disk and Premium SSD v2 Throughput (MBps),Uncached Burst1 Ultra Disk and Premium SSD v2 Throughput (MBps),Azure Disk Encryption for Linux VMs,Azure Disk Encryption for Windows VMs,"Temp Disk Random Read (RR)1,2 IOPS3","Temp Disk Random Read (RR)1,2 Throughput (MBps)3",Trusted Launch,Cores (Qty.),EPC Memory (GiB),Temp Disk Random Read (RR) IOPS,Temp Disk Random Read (RR) Throughput (MBps),EPC Memory (MiB),Accelerated Networking1,Temp Disk Random Write (RW)2 IOPS3,Temp Disk Random Write (RW)2 Throughput (MBps)3,Uncached Burst1  Ultra Disk and Premium SSD v2 IOPS,Uncached Burst1  Ultra Disk and Premium SSD v2 Throughput (MBps),Memory (GiB),Temp Disk Random Read1 IOPS,Temp Disk Sequential Read 1 Throughput (MBps),Temp Disk Random Write 1 IOPS,Temp Disk Sequential Write1 Throughput (MBps),Max Temp Storage (Qty.),Temp Storage Size (GiB),Temp ReadWrite Storage IOPS,Temp ReadWrite Storage Speed (MBps),Max Remote Storage (Qty.),Uncached Storage IOPS,Uncached Storage Speed (MBps),Uncached Storage Burst1 IOPS,Uncached Storage Burst1 Speed (MBps),Temp Disk Sequential Read1 Throughput (MBps),Temp Disk Random Write1 IOPS,Disk Cache Size (GiB),Cached Disk Random Read (RR)1 IOPS,Cached Disk Random Read (RR)1 Throughput (MBps),Accelerator Memory (GB),Hibernation,Uncached Disk IOPS,Uncached Disk Speed (MBps),Max Bandwidth (Mbps),Temp Disk Size (TB),Max Front-end NICs (Qty.),Max Front-end Bandwidth (Mbps),Max Scale-up NICS (Qty.),Max Scale-Up Bandwidth (Gbps)1,Max Scale-out NICS (Qty.),Max Scale-Out Bandwidth (TBps)2,Max Scale-Up Bandwidth (TBps)1,Max Scale-Out Bandwidth (Gbps)2,Max NVMe Disks (Qty.),NVMe Disk Size (TiB),Infiniband,NVMe Disk Size (GiB),L3 Cache (MB),Memory Bandwidth (GB/s),Base CPU Frequency (GHz),Single-core Frequency Peak (GHz),All-core Frequency Peak (GHz),Local Solid State Disks (Qty.),Local Solid State Disk Size (GiB),Backend NICs (Qty.),RDMA Performance (Gb/s),Backend Network,L3 Cache (GB),Memory Bandwidth (TB/s),Temp Disk Random Read (RR)2 Throughput (MB/s)3,Temp Disk Random Write (RW)2 Throughput (MB/s)3,Temp Disk Random Read (RR)1 IOPS,Temp Disk Random Read (RR)1 Throughput (MB/s),Temp Disk Random Write (RW)1 IOPS,Temp Disk Random Write (RW)1 Throughput (MB/s),Max Temp Disk Random Read (RR)1 IOPS,Max Temp Disk Random Read (RR)1 Throughput (MB/s),Max Temp Disk Cache Size (GiB),Max Temp Disk Burst2 IOPS,Max Temp Disk Burst2 Throughput (MB/s),Max Uncached Premium SSD IOPS,Max Uncached Premium SSD Throughput (MB/s),Max Uncached Premium SSD Burst1 IOPS,Max Uncached Premium SSD Burst1 Throughput (MB/s),Write Accelerator,Max Uncached Ultra Disk and Premium SSD v2 IOPS,Max Uncached Ultra Disk and Premium SSD v2 Throughput (MB/s),Max Temp Disk Sequential Read (SR)1 IOPS,Max Temp Disk Sequential Read (SR)1 Throughput (MB/s),Temp Disk Size (GB),Temp Disk Sequential Read1 Throughput (MB/s),Temp Disk Sequential Write1 Throughput (MB/s)
Standard_F1ads_v7,AMD EPYC 9005 (Turin) [x86-64],1,4,1,110,37500,280,15000,140,10,4000,118,44000,1412,4400,136,48400,1653,2,16000,Supported,Supported,Supported,Supported,Supported,Not Supported,Supported,Supported,Supported,Supported,,,,,,,,,,,,,,,,,,,,,,,,,,,,,,,,,,,,,,,,,,,,,,,,,,,,,,,,,,,,,,,,,,,,,,,,,,,,,,,,,,,,,,,,,,,,,,,,,,,,,,,,,,,,
Standard_F2ads_v7,AMD EPYC 9005 (Turin) [x86-64],2,8,1,220,75000,560,30000,280,12,8000,234,47200,1412,8800,273,52083,1653,3,16000,Supported,Supported,Supported,Supported,Supported,Not Supported,Supported,Supported,Supported,Supported,,,,,,,,,,,,,,,,,,,,,,,,,,,,,,,,,,,,,,,,,,,,,,,,,,,,,,,,,,,,,,,,,,,,,,,,,,,,,,,,,,,,,,,,,,,,,,,,,,,,,,,,,,,,
Standard_F4ads_v7,AMD EPYC 9005 (Turin) [x86-64],4,16,1,440,150000,1120,60000,560,26,16000,468,47200,1412,17600,547,52083,1653,4,25000,Supported,Supported,Supported,Supported,Supported,Not Supported,Supported,Supported,Supported,Supported,,,,,,,,,,,,,,,,,,,,,,,,,,,,,,,,,,,,,,,,,,,,,,,,,,,,,,,,,,,,,,,,,,,,,,,,,,,,,,,,,,,,,,,,,,,,,,,,,,,,,,,,,,,,
Standard_F8ads_v7,AMD EPYC 9005 (Turin) [x86-64],8,32,2,440,300000,2240,120000,1120,48,32000,936,72700,1412,35200,1095,80000,1653,8,25000,Supported,Supported,Supported,Supported,Supported,Not Supported,Supported,Supported,Supported,Supported,,,,,,,,,,,,,,,,,,,,,,,,,,,,,,,,,,,,,,,,,,,,,,,,,,,,,,,,,,,,,,,,,,,,,,,,,,,,,,,,,,,,,,,,,,,,,,,,,,,,,,,,,,,,
Standard_F16ads_v7,AMD EPYC 9005 (Turin) [x86-64],16,64,4,440,600000,4480,240000,2240,64,64000,1872,94400,1916,70400,2191,104167,2241,8,25000,Supported,Supported,Supported,Supported,Supported,Not Supported,Supported,Supported,Supported,Supported,,,,,,,,,,,,,,,,,,,,,,,,,,,,,,,,,,,,,,,,,,,,,,,,,,,,,,,,,,,,,,,,,,,,,,,,,,,,,,,,,,,,,,,,,,,,,,,,,,,,,,,,,,,,
Standard_F32ads_v7,AMD EPYC 9005 (Turin) [x86-64],32,128,4,880,1200000,8960,480000,4480,64,128000,3744,132000,3832,140800,4382,145200,4484,8,45000,Supported,Supported,Supported,Supported,Supported,Not Supported,Supported,Supported,Supported,Supported,,,,,,,,,,,,,,,,,,,,,,,,,,,,,,,,,,,,,,,,,,,,,,,,,,,,,,,,,,,,,,,,,,,,,,,,,,,,,,,,,,,,,,,,,,,,,,,,,,,,,,,,,,,,
Standard_F48ads_v7,AMD EPYC 9005 (Turin) [x86-64],48,192,6,880,1800000,13440,720000,6720,64,192000,5663,192500,5749,211200,6573,211750,6669,8,70000,Supported,Supported,Supported,Supported,Supported,Not Supported,Supported,Supported,Supported,Supported,,,,,,,,,,,,,,,,,,,,,,,,,,,,,,,,,,,,,,,,,,,,,,,,,,,,,,,,,,,,,,,,,,,,,,,,,,,,,,,,,,,,,,,,,,,,,,,,,,,,,,,,,,,,
Standard_F64ads_v7,AMD EPYC 9005 (Turin) [x86-64],64,256,4,1760,2400000,17920,960000,8960,64,204800,7488,225280,7663,281600,8764,310886,8966,15,75000,Supported,Supported,Supported,Supported,Supported,Not Supported,Supported,Supported,Supported,Supported,,,,,,,,,,,,,,,,,,,,,,,,,,,,,,,,,,,,,,,,,,,,,,,,,,,,,,,,,,,,,,,,,,,,,,,,,,,,,,,,,,,,,,,,,,,,,,,,,,,,,,,,,,,,
Standard_F80ads_v7,AMD EPYC 9005 (Turin) [x86-64],80,320,4,2200,3000000,22400,1200000,11200,64,212000,10344,242640,11410,310000,10356,355443,11450,15,80000,Supported,Supported,Supported,Supported,Supported,Not Supported,Supported,Supported,Supported,Supported,,,,,,,,,,,,,,,,,,,,,,,,,,,,,,,,,,,,,,,,,,,,,,,,,,,,,,,,,,,,,,,,,,,,,,,,,,,,,,,,,,,,,,,,,,,,,,,,,,,,,,,,,,,,
Standard_F1alds_v7,AMD EPYC 9005 (Turin)  [x86-64],1,2,1,110,37500,280,15000,140,10,4000,118,44000,1412,4400,136,48400,1653,2,16000,Supported,Supported,Supported,Supported,Supported,Not Supported,Supported,Supported,Supported,Supported,,,,,,,,,,,,,,,,,,,,,,,,,,,,,,,,,,,,,,,,,,,,,,,,,,,,,,,,,,,,,,,,,,,,,,,,,,,,,,,,,,,,,,,,,,,,,,,,,,,,,,,,,,,,
Standard_F2alds_v7,AMD EPYC 9005 (Turin)  [x86-64],2,4,1,220,75000,560,30000,280,12,8000,234,47200,1412,8800,273,52083,1653,3,16000,Supported,Supported,Supported,Supported,Supported,Not Supported,Supported,Supported,Supported,Supported,,,,,,,,,,,,,,,,,,,,,,,,,,,,,,,,,,,,,,,,,,,,,,,,,,,,,,,,,,,,,,,,,,,,,,,,,,,,,,,,,,,,,,,,,,,,,,,,,,,,,,,,,,,,
Standard_F4alds_v7,AMD EPYC 9005 (Turin)  [x86-64],4,8,1,440,150000,1120,60000,560,26,16000,468,47200,1412,17600,547,52083,1653,4,25000,Supported,Supported,Supported,Supported,Supported,Not Supported,Supported,Supported,Supported,Supported,,,,,,,,,,,,,,,,,,,,,,,,,,,,,,,,,,,,,,,,,,,,,,,,,,,,,,,,,,,,,,,,,,,,,,,,,,,,,,,,,,,,,,,,,,,,,,,,,,,,,,,,,,,,
Standard_F8alds_v7,AMD EPYC 9005 (Turin)  [x86-64],8,16,2,440,300000,2240,120000,1120,48,32000,936,72700,1412,35200,1095,80000,1653,8,25000,Supported,Supported,Supported,Supported,Supported,Not Supported,Supported,Supported,Supported,Supported,,,,,,,,,,,,,,,,,,,,,,,,,,,,,,,,,,,,,,,,,,,,,,,,,,,,,,,,,,,,,,,,,,,,,,,,,,,,,,,,,,,,,,,,,,,,,,,,,,,,,,,,,,,,
Standard_F16alds_v7,AMD EPYC 9005 (Turin)  [x86-64],16,32,4,440,600000,4480,240000,2240,64,64000,1872,94400,1916,70400,2191,104167,2241,8,25000,Supported,Supported,Supported,Supported,Supported,Not Supported,Supported,Supported,Supported,Supported,,,,,,,,,,,,,,,,,,,,,,,,,,,,,,,,,,,,,,,,,,,,,,,,,,,,,,,,,,,,,,,,,,,,,,,,,,,,,,,,,,,,,,,,,,,,,,,,,,,,,,,,,,,,
Standard_F32alds_v7,AMD EPYC 9005 (Turin)  [x86-64],32,64,4,880,1200000,8960,480000,4480,64,128000,3744,132000,3832,140800,4382,145200,4484,8,45000,Supported,Supported,Supported,Supported,Supported,Not Supported,Supported,Supported,Supported,Supported,,,,,,,,,,,,,,,,,,,,,,,,,,,,,,,,,,,,,,,,,,,,,,,,,,,,,,,,,,,,,,,,,,,,,,,,,,,,,,,,,,,,,,,,,,,,,,,,,,,,,,,,,,,,
Standard_F48alds_v7,AMD EPYC 9005 (Turin)  [x86-64],48,96,6,880,1800000,13440,720000,6720,64,192000,5663,192500,5749,211200,6573,211750,6669,8,70000,Supported,Supported,Supported,Supported,Supported,Not Supported,Supported,Supported,Supported,Supported,,,,,,,,,,,,,,,,,,,,,,,,,,,,,,,,,,,,,,,,,,,,,,,,,,,,,,,,,,,,,,,,,,,,,,,,,,,,,,,,,,,,,,,,,,,,,,,,,,,,,,,,,,,,
Standard_F64alds_v7,AMD EPYC 9005 (Turin)  [x86-64],64,128,4,1760,2400000,17920,960000,8960,64,204800,7488,225280,7663,281600,8764,310886,8966,15,75000,Supported,Supported,Supported,Supported,Supported,Not Supported,Supported,Supported,Supported,Supported,,,,,,,,,,,,,,,,,,,,,,,,,,,,,,,,,,,,,,,,,,,,,,,,,,,,,,,,,,,,,,,,,,,,,,,,,,,,,,,,,,,,,,,,,,,,,,,,,,,,,,,,,,,,
Standard_F80alds_v7,AMD EPYC 9005 (Turin)  [x86-64],80,160,4,2200,3000000,22400,1200000,11200,64,212000,10344,242640,11410,310000,10356,355443,11450,15,80000,Supported,Supported,Supported,Supported,Supported,Not Supported,Supported,Supported,Supported,Supported,,,,,,,,,,,,,,,,,,,,,,,,,,,,,,,,,,,,,,,,,,,,,,,,,,,,,,,,,,,,,,,,,,,,,,,,,,,,,,,,,,,,,,,,,,,,,,,,,,,,,,,,,,,,
Standard_F2als_v6,AMD EPYC 9004 (Genoa) [x86-64],2,4,,,,,,,4,4000,90,20000,1250,8000,90,20000,1250,2,12500,Supported,Supported,Supported,Supported,Supported,Not Supported,Supported,Not Supported,,Supported,,,,,,,,,,,,,,,,,,,,,,,,,,,,,,,,,,,,,,,,,,,,,,,,,,,,,,,,,,,,,,,,,,,,,,,,,,,,,,,,,,,,,,,,,,,,,,,,,,,,,,,,,,,,
Standard_F4als_v6,AMD EPYC 9004 (Genoa) [x86-64],4,8,,,,,,,8,7600,180,20000,1250,15200,180,20000,1250,2,12500,Supported,Supported,Supported,Supported,Supported,Not Supported,Supported,Not Supported,,Supported,,,,,,,,,,,,,,,,,,,,,,,,,,,,,,,,,,,,,,,,,,,,,,,,,,,,,,,,,,,,,,,,,,,,,,,,,,,,,,,,,,,,,,,,,,,,,,,,,,,,,,,,,,,,
Standard_F8als_v6,AMD EPYC 9004 (Genoa) [x86-64],8,16,,,,,,,16,15200,360,40000,1250,30400,360,80000,1250,4,12500,Supported,Supported,Supported,Supported,Supported,Not Supported,Supported,Not Supported,,Supported,,,,,,,,,,,,,,,,,,,,,,,,,,,,,,,,,,,,,,,,,,,,,,,,,,,,,,,,,,,,,,,,,,,,,,,,,,,,,,,,,,,,,,,,,,,,,,,,,,,,,,,,,,,,
Standard_F16als_v6,AMD EPYC 9004 (Genoa) [x86-64],16,32,,,,,,,32,30400,720,40000,1250,60800,720,80000,1250,8,16000,Supported,Supported,Supported,Supported,Supported,Not Supported,Supported,Not Supported,,Supported,,,,,,,,,,,,,,,,,,,,,,,,,,,,,,,,,,,,,,,,,,,,,,,,,,,,,,,,,,,,,,,,,,,,,,,,,,,,,,,,,,,,,,,,,,,,,,,,,,,,,,,,,,,,
Standard_F32als_v6,AMD EPYC 9004 (Genoa) [x86-64],32,64,,,,,,,32,57600,1440,57600,1700,115200,1440,115200,1700,8,20000,Supported,Supported,Supported,Supported,Supported,Not Supported,Supported,Not Supported,,Supported,,,,,,,,,,,,,,,,,,,,,,,,,,,,,,,,,,,,,,,,,,,,,,,,,,,,,,,,,,,,,,,,,,,,,,,,,,,,,,,,,,,,,,,,,,,,,,,,,,,,,,,,,,,,
Standard_F48als_v6,AMD EPYC 9004 (Genoa) [x86-64],48,96,,,,,,,32,86400,2160,86400,2550,172800,2160,172800,2550,8,28000,Supported,Supported,Supported,Supported,Supported,Not Supported,Supported,Not Supported,,Supported,,,,,,,,,,,,,,,,,,,,,,,,,,,,,,,,,,,,,,,,,,,,,,,,,,,,,,,,,,,,,,,,,,,,,,,,,,,,,,,,,,,,,,,,,,,,,,,,,,,,,,,,,,,,
Standard_F64als_v6,AMD EPYC 9004 (Genoa) [x86-64],64,128,,,,,,,32,115200,2880,115200,3400,230400,2880,230400,3400,8,"36,000",Supported,Supported,Supported,Supported,Supported,Not Supported,Supported,Not Supported,,Supported,,,,,,,,,,,,,,,,,,,,,,,,,,,,,,,,,,,,,,,,,,,,,,,,,,,,,,,,,,,,,,,,,,,,,,,,,,,,,,,,,,,,,,,,,,,,,,,,,,,,,,,,,,,,
Standard_F1als_v7,AMD EPYC 9005 (Turin) [x86-64],1,2,,,,,,,10,4000,118,44000,1412,4400,136,48400,1653,2,16000,Supported,Supported,Supported,Supported,Supported,Not Supported,Supported,Not Supported,,Supported,,,,,,,,,,,,,,,,,,,,,,,,,,,,,,,,,,,,,,,,,,,,,,,,,,,,,,,,,,,,,,,,,,,,,,,,,,,,,,,,,,,,,,,,,,,,,,,,,,,,,,,,,,,,
Standard_F2als_v7,AMD EPYC 9005 (Turin) [x86-64],2,4,,,,,,,12,8000,234,47200,1412,8800,273,52083,1653,3,16000,Supported,Supported,Supported,Supported,Supported,Not Supported,Supported,Not Supported,,Supported,,,,,,,,,,,,,,,,,,,,,,,,,,,,,,,,,,,,,,,,,,,,,,,,,,,,,,,,,,,,,,,,,,,,,,,,,,,,,,,,,,,,,,,,,,,,,,,,,,,,,,,,,,,,
Standard_F4als_v7,AMD EPYC 9005 (Turin) [x86-64],4,8,,,,,,,26,16000,468,47200,1412,17600,547,52083,1653,4,25000,Supported,Supported,Supported,Supported,Supported,Not Supported,Supported,Not Supported,,Supported,,,,,,,,,,,,,,,,,,,,,,,,,,,,,,,,,,,,,,,,,,,,,,,,,,,,,,,,,,,,,,,,,,,,,,,,,,,,,,,,,,,,,,,,,,,,,,,,,,,,,,,,,,,,
Standard_F8als_v7,AMD EPYC 9005 (Turin) [x86-64],8,16,,,,,,,48,32000,936,72700,1412,35200,1095,80000,1653,8,25000,Supported,Supported,Supported,Supported,Supported,Not Supported,Supported,Not Supported,,Supported,,,,,,,,,,,,,,,,,,,,,,,,,,,,,,,,,,,,,,,,,,,,,,,,,,,,,,,,,,,,,,,,,,,,,,,,,,,,,,,,,,,,,,,,,,,,,,,,,,,,,,,,,,,,
Standard_F16als_v7,AMD EPYC 9005 (Turin) [x86-64],16,32,,,,,,,64,64000,1872,94400,1916,70400,2191,104167,2241,8,25000,Supported,Supported,Supported,Supported,Supported,Not Supported,Supported,Not Supported,,Supported,,,,,,,,,,,,,,,,,,,,,,,,,,,,,,,,,,,,,,,,,,,,,,,,,,,,,,,,,,,,,,,,,,,,,,,,,,,,,,,,,,,,,,,,,,,,,,,,,,,,,,,,,,,,
Standard_F32als_v7,AMD EPYC 9005 (Turin) [x86-64],32,64,,,,,,,64,128000,3744,132000,3832,140800,4382,145200,4484,8,45000,Supported,Supported,Supported,Supported,Supported,Not Supported,Supported,Not Supported,,Supported,,,,,,,,,,,,,,,,,,,,,,,,,,,,,,,,,,,,,,,,,,,,,,,,,,,,,,,,,,,,,,,,,,,,,,,,,,,,,,,,,,,,,,,,,,,,,,,,,,,,,,,,,,,,
Standard_F48als_v7,AMD EPYC 9005 (Turin) [x86-64],48,96,,,,,,,64,192000,5663,192500,5749,211200,6573,211750,6669,8,70000,Supported,Supported,Supported,Supported,Supported,Not Supported,Supported,Not Supported,,Supported,,,,,,,,,,,,,,,,,,,,,,,,,,,,,,,,,,,,,,,,,,,,,,,,,,,,,,,,,,,,,,,,,,,,,,,,,,,,,,,,,,,,,,,,,,,,,,,,,,,,,,,,,,,,
Standard_F64als_v7,AMD EPYC 9005 (Turin) [x86-64],64,128,,,,,,,64,204800,7488,225280,7663,281600,8764,310886,8966,15,75000,Supported,Supported,Supported,Supported,Supported,Not Supported,Supported,Not Supported,,Supported,,,,,,,,,,,,,,,,,,,,,,,,,,,,,,,,,,,,,,,,,,,,,,,,,,,,,,,,,,,,,,,,,,,,,,,,,,,,,,,,,,,,,,,,,,,,,,,,,,,,,,,,,,,,
Standard_F80als_v7,AMD EPYC 9005 (Turin) [x86-64],80,160,,,,,,,64,212000,10344,242640,11410,310000,10356,355443,11450,15,80000,Supported,Supported,Supported,Supported,Supported,Not Supported,Supported,Not Supported,,Supported,,,,,,,,,,,,,,,,,,,,,,,,,,,,,,,,,,,,,,,,,,,,,,,,,,,,,,,,,,,,,,,,,,,,,,,,,,,,,,,,,,,,,,,,,,,,,,,,,,,,,,,,,,,,
Standard_F1amds_v7,AMD EPYC 9005 (Turin)  [x86-64],1,8,1,110,37500,280,15000,140,10,4000,118,44000,1412,4400,136,48400,1653,2,16000,Supported,Supported,Supported,Supported,Supported,Not Supported,Supported,Supported,Supported,Supported,,,,,,,,,,,,,,,,,,,,,,,,,,,,,,,,,,,,,,,,,,,,,,,,,,,,,,,,,,,,,,,,,,,,,,,,,,,,,,,,,,,,,,,,,,,,,,,,,,,,,,,,,,,,
Standard_F2amds_v7,AMD EPYC 9005 (Turin)  [x86-64],2,16,1,220,75000,560,30000,280,12,8000,234,47200,1412,8800,273,52083,1653,3,16000,Supported,Supported,Supported,Supported,Supported,Not Supported,Supported,Supported,Supported,Supported,,,,,,,,,,,,,,,,,,,,,,,,,,,,,,,,,,,,,,,,,,,,,,,,,,,,,,,,,,,,,,,,,,,,,,,,,,,,,,,,,,,,,,,,,,,,,,,,,,,,,,,,,,,,
Standard_F4amds_v7,AMD EPYC 9005 (Turin)  [x86-64],4,32,1,440,150000,1120,60000,560,26,16000,468,47200,1412,17600,547,52083,1653,4,25000,Supported,Supported,Supported,Supported,Supported,Not Supported,Supported,Supported,Supported,Supported,,,,,,,,,,,,,,,,,,,,,,,,,,,,,,,,,,,,,,,,,,,,,,,,,,,,,,,,,,,,,,,,,,,,,,,,,,,,,,,,,,,,,,,,,,,,,,,,,,,,,,,,,,,,
Standard_F8amds_v7,AMD EPYC 9005 (Turin)  [x86-64],8,64,2,440,300000,2240,120000,1120,48,32000,936,72700,1412,35200,1095,80000,1653,8,25000,Supported,Supported,Supported,Supported,Supported,Not Supported,Supported,Supported,Supported,Supported,,,,,,,,,,,,,,,,,,,,,,,,,,,,,,,,,,,,,,,,,,,,,,,,,,,,,,,,,,,,,,,,,,,,,,,,,,,,,,,,,,,,,,,,,,,,,,,,,,,,,,,,,,,,
Standard_F16amds_v7,AMD EPYC 9005 (Turin)  [x86-64],16,128,4,440,600000,4480,240000,2240,64,64000,1872,94400,1916,70400,2191,104167,2241,8,25000,Supported,Supported,Supported,Supported,Supported,Not Supported,Supported,Supported,Supported,Supported,,,,,,,,,,,,,,,,,,,,,,,,,,,,,,,,,,,,,,,,,,,,,,,,,,,,,,,,,,,,,,,,,,,,,,,,,,,,,,,,,,,,,,,,,,,,,,,,,,,,,,,,,,,,
Standard_F32amds_v7,AMD EPYC 9005 (Turin)  [x86-64],32,256,4,880,1200000,8960,480000,4480,64,128000,3744,132000,3832,140800,4382,145200,4484,8,45000,Supported,Supported,Supported,Supported,Supported,Not Supported,Supported,Supported,Supported,Supported,,,,,,,,,,,,,,,,,,,,,,,,,,,,,,,,,,,,,,,,,,,,,,,,,,,,,,,,,,,,,,,,,,,,,,,,,,,,,,,,,,,,,,,,,,,,,,,,,,,,,,,,,,,,
Standard_F48amds_v7,AMD EPYC 9005 (Turin)  [x86-64],48,384,6,880,1800000,13440,720000,6720,64,192000,5663,192500,5749,211200,6573,211750,6669,8,70000,Supported,Supported,Supported,Supported,Supported,Not Supported,Supported,Supported,Supported,Supported,,,,,,,,,,,,,,,,,,,,,,,,,,,,,,,,,,,,,,,,,,,,,,,,,,,,,,,,,,,,,,,,,,,,,,,,,,,,,,,,,,,,,,,,,,,,,,,,,,,,,,,,,,,,
Standard_F64amds_v7,AMD EPYC 9005 (Turin)  [x86-64],64,512,4,1760,2400000,17920,960000,8960,64,204800,7488,225280,7663,281600,8764,310886,8966,15,75000,Supported,Supported,Supported,Supported,Supported,Not Supported,Supported,Supported,Supported,Supported,,,,,,,,,,,,,,,,,,,,,,,,,,,,,,,,,,,,,,,,,,,,,,,,,,,,,,,,,,,,,,,,,,,,,,,,,,,,,,,,,,,,,,,,,,,,,,,,,,,,,,,,,,,,
Standard_F80amds_v7,AMD EPYC 9005 (Turin)  [x86-64],80,640,4,2200,3000000,22400,1200000,11200,64,212000,10344,242640,11410,310000,10356,355443,11450,15,80000,Supported,Supported,Supported,Supported,Supported,Not Supported,Supported,Supported,Supported,Supported,,,,,,,,,,,,,,,,,,,,,,,,,,,,,,,,,,,,,,,,,,,,,,,,,,,,,,,,,,,,,,,,,,,,,,,,,,,,,,,,,,,,,,,,,,,,,,,,,,,,,,,,,,,,
Standard_F2ams_v6,AMD EPYC 9004 (Genoa) [x86-64],2,16,,,,,,,4,4000,90,20000,1250,8000,90,20000,1250,2,12500,Supported,Supported,Supported,Supported,Supported,Not Supported,Supported,Not Supported,,Supported,,,,,,,,,,,,,,,,,,,,,,,,,,,,,,,,,,,,,,,,,,,,,,,,,,,,,,,,,,,,,,,,,,,,,,,,,,,,,,,,,,,,,,,,,,,,,,,,,,,,,,,,,,,,
Standard_F4ams_v6,AMD EPYC 9004 (Genoa) [x86-64],4,32,,,,,,,8,7600,180,20000,1250,15200,180,20000,1250,2,12500,Supported,Supported,Supported,Supported,Supported,Not Supported,Supported,Not Supported,,Supported,,,,,,,,,,,,,,,,,,,,,,,,,,,,,,,,,,,,,,,,,,,,,,,,,,,,,,,,,,,,,,,,,,,,,,,,,,,,,,,,,,,,,,,,,,,,,,,,,,,,,,,,,,,,
Standard_F8ams_v6,AMD EPYC 9004 (Genoa) [x86-64],8,64,,,,,,,16,15200,360,40000,1250,30400,360,80000,1250,4,12500,Supported,Supported,Supported,Supported,Supported,Not Supported,Supported,Not Supported,,Supported,,,,,,,,,,,,,,,,,,,,,,,,,,,,,,,,,,,,,,,,,,,,,,,,,,,,,,,,,,,,,,,,,,,,,,,,,,,,,,,,,,,,,,,,,,,,,,,,,,,,,,,,,,,,
Standard_F16ams_v6,AMD EPYC 9004 (Genoa) [x86-64],16,128,,,,,,,32,30400,720,40000,1250,60800,720,80000,1250,8,16000,Supported,Supported,Supported,Supported,Supported,Not Supported,Supported,Not Supported,,Supported,,,,,,,,,,,,,,,,,,,,,,,,,,,,,,,,,,,,,,,,,,,,,,,,,,,,,,,,,,,,,,,,,,,,,,,,,,,,,,,,,,,,,,,,,,,,,,,,,,,,,,,,,,,,
Standard_F32ams_v6,AMD EPYC 9004 (Genoa) [x86-64],32,256,,,,,,,32,57600,1440,57600,1700,115200,1440,115200,1700,8,20000,Supported,Supported,Supported,Supported,Supported,Not Supported,Supported,Not Supported,,Supported,,,,,,,,,,,,,,,,,,,,,,,,,,,,,,,,,,,,,,,,,,,,,,,,,,,,,,,,,,,,,,,,,,,,,,,,,,,,,,,,,,,,,,,,,,,,,,,,,,,,,,,,,,,,
Standard_F48ams_v6,AMD EPYC 9004 (Genoa) [x86-64],48,384,,,,,,,32,86400,2160,86400,2550,172800,2160,172800,2550,8,28000,Supported,Supported,Supported,Supported,Supported,Not Supported,Supported,Not Supported,,Supported,,,,,,,,,,,,,,,,,,,,,,,,,,,,,,,,,,,,,,,,,,,,,,,,,,,,,,,,,,,,,,,,,,,,,,,,,,,,,,,,,,,,,,,,,,,,,,,,,,,,,,,,,,,,
Standard_F64ams_v6,AMD EPYC 9004 (Genoa) [x86-64],64,512,,,,,,,32,115200,2880,115200,3400,230400,2880,230400,3400,8,36000,Supported,Supported,Supported,Supported,Supported,Not Supported,Supported,Not Supported,,Supported,,,,,,,,,,,,,,,,,,,,,,,,,,,,,,,,,,,,,,,,,,,,,,,,,,,,,,,,,,,,,,,,,,,,,,,,,,,,,,,,,,,,,,,,,,,,,,,,,,,,,,,,,,,,
Standard_F1ams_v7,AMD EPYC 9005 (Turin) [x86-64],1,8,,,,,,,10,4000,118,44000,1412,4400,136,48400,1653,2,16000,Supported,Supported,Supported,Supported,Supported,Not Supported,Supported,Not Supported,,Supported,,,,,,,,,,,,,,,,,,,,,,,,,,,,,,,,,,,,,,,,,,,,,,,,,,,,,,,,,,,,,,,,,,,,,,,,,,,,,,,,,,,,,,,,,,,,,,,,,,,,,,,,,,,,
Standard_F2ams_v7,AMD EPYC 9005 (Turin) [x86-64],2,16,,,,,,,12,8000,234,47200,1412,8800,273,52083,1653,3,16000,Supported,Supported,Supported,Supported,Supported,Not Supported,Supported,Not Supported,,Supported,,,,,,,,,,,,,,,,,,,,,,,,,,,,,,,,,,,,,,,,,,,,,,,,,,,,,,,,,,,,,,,,,,,,,,,,,,,,,,,,,,,,,,,,,,,,,,,,,,,,,,,,,,,,
Standard_F4ams_v7,AMD EPYC 9005 (Turin) [x86-64],4,32,,,,,,,26,16000,468,47200,1412,17600,547,52083,1653,4,25000,Supported,Supported,Supported,Supported,Supported,Not Supported,Supported,Not Supported,,Supported,,,,,,,,,,,,,,,,,,,,,,,,,,,,,,,,,,,,,,,,,,,,,,,,,,,,,,,,,,,,,,,,,,,,,,,,,,,,,,,,,,,,,,,,,,,,,,,,,,,,,,,,,,,,
Standard_F8ams_v7,AMD EPYC 9005 (Turin) [x86-64],8,64,,,,,,,48,32000,936,72700,1412,35200,1095,80000,1653,8,25000,Supported,Supported,Supported,Supported,Supported,Not Supported,Supported,Not Supported,,Supported,,,,,,,,,,,,,,,,,,,,,,,,,,,,,,,,,,,,,,,,,,,,,,,,,,,,,,,,,,,,,,,,,,,,,,,,,,,,,,,,,,,,,,,,,,,,,,,,,,,,,,,,,,,,
Standard_F16ams_v7,AMD EPYC 9005 (Turin) [x86-64],16,128,,,,,,,64,64000,1872,94400,1916,70400,2191,104167,2241,8,25000,Supported,Supported,Supported,Supported,Supported,Not Supported,Supported,Not Supported,,Supported,,,,,,,,,,,,,,,,,,,,,,,,,,,,,,,,,,,,,,,,,,,,,,,,,,,,,,,,,,,,,,,,,,,,,,,,,,,,,,,,,,,,,,,,,,,,,,,,,,,,,,,,,,,,
Standard_F32ams_v7,AMD EPYC 9005 (Turin) [x86-64],32,256,,,,,,,64,128000,3744,132000,3832,140800,4382,145200,4484,8,45000,Supported,Supported,Supported,Supported,Supported,Not Supported,Supported,Not Supported,,Supported,,,,,,,,,,,,,,,,,,,,,,,,,,,,,,,,,,,,,,,,,,,,,,,,,,,,,,,,,,,,,,,,,,,,,,,,,,,,,,,,,,,,,,,,,,,,,,,,,,,,,,,,,,,,
Standard_F48ams_v7,AMD EPYC 9005 (Turin) [x86-64],48,384,,,,,,,64,192000,5663,192500,5749,211200,6573,211750,6669,8,70000,Supported,Supported,Supported,Supported,Supported,Not Supported,Supported,Not Supported,,Supported,,,,,,,,,,,,,,,,,,,,,,,,,,,,,,,,,,,,,,,,,,,,,,,,,,,,,,,,,,,,,,,,,,,,,,,,,,,,,,,,,,,,,,,,,,,,,,,,,,,,,,,,,,,,
Standard_F64ams_v7,AMD EPYC 9005 (Turin) [x86-64],64,512,,,,,,,64,204800,7488,225280,7663,281600,8764,310886,8966,15,75000,Supported,Supported,Supported,Supported,Supported,Not Supported,Supported,Not Supported,,Supported,,,,,,,,,,,,,,,,,,,,,,,,,,,,,,,,,,,,,,,,,,,,,,,,,,,,,,,,,,,,,,,,,,,,,,,,,,,,,,,,,,,,,,,,,,,,,,,,,,,,,,,,,,,,
Standard_F80ams_v7,AMD EPYC 9005 (Turin) [x86-64],80,640,,,,,,,64,212000,10344,242640,11410,310000,10356,355443,11450,15,80000,Supported,Supported,Supported,Supported,Supported,Not Supported,Supported,Not Supported,,Supported,,,,,,,,,,,,,,,,,,,,,,,,,,,,,,,,,,,,,,,,,,,,,,,,,,,,,,,,,,,,,,,,,,,,,,,,,,,,,,,,,,,,,,,,,,,,,,,,,,,,,,,,,,,,
Standard_F2as_v6,AMD EPYC 9004 (Genoa) [x86-64],2,8,,,,,,,4,4000,90,20000,1250,8000,90,20000,1250,2,12500,Supported,Supported,Supported,Supported,Supported,Not Supported,Supported,Not Supported,,Supported,,,,,,,,,,,,,,,,,,,,,,,,,,,,,,,,,,,,,,,,,,,,,,,,,,,,,,,,,,,,,,,,,,,,,,,,,,,,,,,,,,,,,,,,,,,,,,,,,,,,,,,,,,,,
Standard_F4as_v6,AMD EPYC 9004 (Genoa) [x86-64],4,16,,,,,,,8,7600,180,20000,1250,15200,180,20000,1250,2,12500,Supported,Supported,Supported,Supported,Supported,Not Supported,Supported,Not Supported,,Supported,,,,,,,,,,,,,,,,,,,,,,,,,,,,,,,,,,,,,,,,,,,,,,,,,,,,,,,,,,,,,,,,,,,,,,,,,,,,,,,,,,,,,,,,,,,,,,,,,,,,,,,,,,,,
Standard_F8as_v6,AMD EPYC 9004 (Genoa) [x86-64],8,32,,,,,,,16,15200,360,40000,1250,30400,360,80000,1250,4,12500,Supported,Supported,Supported,Supported,Supported,Not Supported,Supported,Not Supported,,Supported,,,,,,,,,,,,,,,,,,,,,,,,,,,,,,,,,,,,,,,,,,,,,,,,,,,,,,,,,,,,,,,,,,,,,,,,,,,,,,,,,,,,,,,,,,,,,,,,,,,,,,,,,,,,
Standard_F16as_v6,AMD EPYC 9004 (Genoa) [x86-64],16,64,,,,,,,32,30400,720,40000,1250,60800,720,80000,1250,8,16000,Supported,Supported,Supported,Supported,Supported,Not Supported,Supported,Not Supported,,Supported,,,,,,,,,,,,,,,,,,,,,,,,,,,,,,,,,,,,,,,,,,,,,,,,,,,,,,,,,,,,,,,,,,,,,,,,,,,,,,,,,,,,,,,,,,,,,,,,,,,,,,,,,,,,
Standard_F32as_v6,AMD EPYC 9004 (Genoa) [x86-64],32,128,,,,,,,32,57600,1440,57600,1700,115200,1440,115200,1700,8,20000,Supported,Supported,Supported,Supported,Supported,Not Supported,Supported,Not Supported,,Supported,,,,,,,,,,,,,,,,,,,,,,,,,,,,,,,,,,,,,,,,,,,,,,,,,,,,,,,,,,,,,,,,,,,,,,,,,,,,,,,,,,,,,,,,,,,,,,,,,,,,,,,,,,,,
Standard_F48as_v6,AMD EPYC 9004 (Genoa) [x86-64],48,192,,,,,,,32,86400,2160,86400,2550,172800,2160,172800,2550,8,28000,Supported,Supported,Supported,Supported,Supported,Not Supported,Supported,Not Supported,,Supported,,,,,,,,,,,,,,,,,,,,,,,,,,,,,,,,,,,,,,,,,,,,,,,,,,,,,,,,,,,,,,,,,,,,,,,,,,,,,,,,,,,,,,,,,,,,,,,,,,,,,,,,,,,,
Standard_F64as_v6,AMD EPYC 9004 (Genoa) [x86-64],64,256,,,,,,,32,115200,2880,115200,3400,230400,2880,230400,3400,8,36000,Supported,Supported,Supported,Supported,Supported,Not Supported,Supported,Not Supported,,Supported,,,,,,,,,,,,,,,,,,,,,,,,,,,,,,,,,,,,,,,,,,,,,,,,,,,,,,,,,,,,,,,,,,,,,,,,,,,,,,,,,,,,,,,,,,,,,,,,,,,,,,,,,,,,
Standard_F1as_v7,AMD EPYC 9005 (Turin) [x86-64],1,4,,,,,,,10,4000,118,44000,1412,4400,136,48400,1653,2,16000,Supported,Supported,Supported,Supported,Supported,Not Supported,Supported,Not Supported,,Supported,,,,,,,,,,,,,,,,,,,,,,,,,,,,,,,,,,,,,,,,,,,,,,,,,,,,,,,,,,,,,,,,,,,,,,,,,,,,,,,,,,,,,,,,,,,,,,,,,,,,,,,,,,,,
Standard_F2as_v7,AMD EPYC 9005 (Turin) [x86-64],2,8,,,,,,,12,8000,234,47200,1412,8800,273,52083,1653,3,16000,Supported,Supported,Supported,Supported,Supported,Not Supported,Supported,Not Supported,,Supported,,,,,,,,,,,,,,,,,,,,,,,,,,,,,,,,,,,,,,,,,,,,,,,,,,,,,,,,,,,,,,,,,,,,,,,,,,,,,,,,,,,,,,,,,,,,,,,,,,,,,,,,,,,,
Standard_F4as_v7,AMD EPYC 9005 (Turin) [x86-64],4,16,,,,,,,26,16000,468,47200,1412,17600,547,52083,1653,4,25000,Supported,Supported,Supported,Supported,Supported,Not Supported,Supported,Not Supported,,Supported,,,,,,,,,,,,,,,,,,,,,,,,,,,,,,,,,,,,,,,,,,,,,,,,,,,,,,,,,,,,,,,,,,,,,,,,,,,,,,,,,,,,,,,,,,,,,,,,,,,,,,,,,,,,
Standard_F8as_v7,AMD EPYC 9005 (Turin) [x86-64],8,32,,,,,,,48,32000,936,72700,1412,35200,1095,80000,1653,8,25000,Supported,Supported,Supported,Supported,Supported,Not Supported,Supported,Not Supported,,Supported,,,,,,,,,,,,,,,,,,,,,,,,,,,,,,,,,,,,,,,,,,,,,,,,,,,,,,,,,,,,,,,,,,,,,,,,,,,,,,,,,,,,,,,,,,,,,,,,,,,,,,,,,,,,
Standard_F16as_v7,AMD EPYC 9005 (Turin) [x86-64],16,64,,,,,,,64,64000,1872,94400,1916,70400,2191,104167,2241,8,25000,Supported,Supported,Supported,Supported,Supported,Not Supported,Supported,Not Supported,,Supported,,,,,,,,,,,,,,,,,,,,,,,,,,,,,,,,,,,,,,,,,,,,,,,,,,,,,,,,,,,,,,,,,,,,,,,,,,,,,,,,,,,,,,,,,,,,,,,,,,,,,,,,,,,,
Standard_F32as_v7,AMD EPYC 9005 (Turin) [x86-64],32,128,,,,,,,64,128000,3744,132000,3832,140800,4382,145200,4484,8,45000,Supported,Supported,Supported,Supported,Supported,Not Supported,Supported,Not Supported,,Supported,,,,,,,,,,,,,,,,,,,,,,,,,,,,,,,,,,,,,,,,,,,,,,,,,,,,,,,,,,,,,,,,,,,,,,,,,,,,,,,,,,,,,,,,,,,,,,,,,,,,,,,,,,,,
Standard_F48as_v7,AMD EPYC 9005 (Turin) [x86-64],48,192,,,,,,,64,192000,5663,192500,5749,211200,6573,211750,6669,8,70000,Supported,Supported,Supported,Supported,Supported,Not Supported,Supported,Not Supported,,Supported,,,,,,,,,,,,,,,,,,,,,,,,,,,,,,,,,,,,,,,,,,,,,,,,,,,,,,,,,,,,,,,,,,,,,,,,,,,,,,,,,,,,,,,,,,,,,,,,,,,,,,,,,,,,
Standard_F64as_v7,AMD EPYC 9005 (Turin) [x86-64],64,256,,,,,,,64,204800,7488,225280,7663,281600,8764,310886,8966,15,75000,Supported,Supported,Supported,Supported,Supported,Not Supported,Supported,Not Supported,,Supported,,,,,,,,,,,,,,,,,,,,,,,,,,,,,,,,,,,,,,,,,,,,,,,,,,,,,,,,,,,,,,,,,,,,,,,,,,,,,,,,,,,,,,,,,,,,,,,,,,,,,,,,,,,,
Standard_F80as_v7,AMD EPYC 9005 (Turin) [x86-64],80,320,,,,,,,64,212000,10344,242640,11410,310000,10356,355443,11450,15,80000,Supported,Supported,Supported,Supported,Supported,Not Supported,Supported,Not Supported,,Supported,,,,,,,,,,,,,,,,,,,,,,,,,,,,,,,,,,,,,,,,,,,,,,,,,,,,,,,,,,,,,,,,,,,,,,,,,,,,,,,,,,,,,,,,,,,,,,,,,,,,,,,,,,,,
Standard_F2s_v2,Intel Xeon Platinum 8370C (Ice Lake) [x86-64] Intel Xeon Platinum 8272CL (Cascade Lake) [x86-64] Intel Xeon Platinum 8168 (Skylake) [x86-64] Intel Xeon Platinum 8573C (Emerald Rapids) [x86-64],2,4,1,16,4000,31,,,4,3200,47,4000,200,,,,,2,5000,,,,,,,,,,,,,,,,,,,,,,,,,,,,,,,,,,,,,,,,,,,,,,,,,,,,,,,,,,,,,,,,,,,,,,,,,,,,,,,,,,,,,,,,,,,,,,,,,,,,,,,,,,,,,,,,,,,,,,
Standard_F4s_v2,Intel Xeon Platinum 8370C (Ice Lake) [x86-64] Intel Xeon Platinum 8272CL (Cascade Lake) [x86-64] Intel Xeon Platinum 8168 (Skylake) [x86-64] Intel Xeon Platinum 8573C (Emerald Rapids) [x86-64],4,8,1,32,8000,63,,,8,6400,95,8000,200,,,,,2,10000,,,,,,,,,,,,,,,,,,,,,,,,,,,,,,,,,,,,,,,,,,,,,,,,,,,,,,,,,,,,,,,,,,,,,,,,,,,,,,,,,,,,,,,,,,,,,,,,,,,,,,,,,,,,,,,,,,,,,,
Standard_F8s_v2,Intel Xeon Platinum 8370C (Ice Lake) [x86-64] Intel Xeon Platinum 8272CL (Cascade Lake) [x86-64] Intel Xeon Platinum 8168 (Skylake) [x86-64] Intel Xeon Platinum 8573C (Emerald Rapids) [x86-64],8,16,1,64,16000,127,,,16,12800,190,16000,400,,,,,4,12500,,,,,,,,,,,,,,,,,,,,,,,,,,,,,,,,,,,,,,,,,,,,,,,,,,,,,,,,,,,,,,,,,,,,,,,,,,,,,,,,,,,,,,,,,,,,,,,,,,,,,,,,,,,,,,,,,,,,,,
Standard_F16s_v2,Intel Xeon Platinum 8370C (Ice Lake) [x86-64] Intel Xeon Platinum 8272CL (Cascade Lake) [x86-64] Intel Xeon Platinum 8168 (Skylake) [x86-64] Intel Xeon Platinum 8573C (Emerald Rapids) [x86-64],16,32,1,128,32000,255,,,32,25600,380,32000,800,,,,,4,12500,,,,,,,,,,,,,,,,,,,,,,,,,,,,,,,,,,,,,,,,,,,,,,,,,,,,,,,,,,,,,,,,,,,,,,,,,,,,,,,,,,,,,,,,,,,,,,,,,,,,,,,,,,,,,,,,,,,,,,
Standard_F32s_v2,Intel Xeon Platinum 8370C (Ice Lake) [x86-64] Intel Xeon Platinum 8272CL (Cascade Lake) [x86-64] Intel Xeon Platinum 8168 (Skylake) [x86-64] Intel Xeon Platinum 8573C (Emerald Rapids) [x86-64],32,64,1,256,64000,512,,,32,51200,750,64000,1600,,,,,8,16000,,,,,,,,,,,,,,,,,,,,,,,,,,,,,,,,,,,,,,,,,,,,,,,,,,,,,,,,,,,,,,,,,,,,,,,,,,,,,,,,,,,,,,,,,,,,,,,,,,,,,,,,,,,,,,,,,,,,,,
Standard_F48s_v2,Intel Xeon Platinum 8370C (Ice Lake) [x86-64] Intel Xeon Platinum 8272CL (Cascade Lake) [x86-64] Intel Xeon Platinum 8168 (Skylake) [x86-64] Intel Xeon Platinum 8573C (Emerald Rapids) [x86-64],48,96,1,384,96000,768,,,32,76800,1100,80000,2000,,,,,8,21000,,,,,,,,,,,,,,,,,,,,,,,,,,,,,,,,,,,,,,,,,,,,,,,,,,,,,,,,,,,,,,,,,,,,,,,,,,,,,,,,,,,,,,,,,,,,,,,,,,,,,,,,,,,,,,,,,,,,,,
Standard_F64s_v2,Intel Xeon Platinum 8370C (Ice Lake) [x86-64] Intel Xeon Platinum 8272CL (Cascade Lake) [x86-64] Intel Xeon Platinum 8168 (Skylake) [x86-64] Intel Xeon Platinum 8573C (Emerald Rapids) [x86-64],64,128,1,512,128000,1024,,,32,80000,1100,80000,2000,,,,,8,28000,,,,,,,,,,,,,,,,,,,,,,,,,,,,,,,,,,,,,,,,,,,,,,,,,,,,,,,,,,,,,,,,,,,,,,,,,,,,,,,,,,,,,,,,,,,,,,,,,,,,,,,,,,,,,,,,,,,,,,
Standard_F72s_v2,Intel Xeon Platinum 8370C (Ice Lake) [x86-64] Intel Xeon Platinum 8272CL (Cascade Lake) [x86-64] Intel Xeon Platinum 8168 (Skylake) [x86-64] Intel Xeon Platinum 8573C (Emerald Rapids) [x86-64],72,144,1,576,144000,1152,,,32,80000,1100,80000,2000,,,,,8,30000,,,,,,,,,,,,,,,,,,,,,,,,,,,,,,,,,,,,,,,,,,,,,,,,,,,,,,,,,,,,,,,,,,,,,,,,,,,,,,,,,,,,,,,,,,,,,,,,,,,,,,,,,,,,,,,,,,,,,,
Standard_FX4mds,Intel Xeon Gold 6246R (Cascade Lake) [x86-64],4,84,1,168,40000,343,,,8,6700,104,,,,,,,2,4000,Supported,Supported,Supported,Supported,Supported,Not Supported,Supported,Supported,,Supported,,,,,,,,,,,,,,,,,,,,,,,,,,,,,,,,,,,,,,,,,,,,,,,,,,,,,,,,,,,,,,,,,,,,,,,,,,,,,,,,,,,,,,,,,,,,,,,,,,,,,,,,,,,,
Standard_FX12mds,Intel Xeon Gold 6246R (Cascade Lake) [x86-64],12,252,1,504,100000,1029,,,24,20000,314,,,,,,,4,8000,Supported,Supported,Supported,Supported,Supported,Not Supported,Supported,Supported,,Supported,,,,,,,,,,,,,,,,,,,,,,,,,,,,,,,,,,,,,,,,,,,,,,,,,,,,,,,,,,,,,,,,,,,,,,,,,,,,,,,,,,,,,,,,,,,,,,,,,,,,,,,,,,,,
Standard_FX24mds,Intel Xeon Gold 6246R (Cascade Lake) [x86-64],24,504,1,1008,200000,2057,,,32,40000,629,,,,,,,4,16000,Supported,Supported,Supported,Supported,Supported,Not Supported,Supported,Supported,,Supported,,,,,,,,,,,,,,,,,,,,,,,,,,,,,,,,,,,,,,,,,,,,,,,,,,,,,,,,,,,,,,,,,,,,,,,,,,,,,,,,,,,,,,,,,,,,,,,,,,,,,,,,,,,,
Standard_FX36mds,Intel Xeon Gold 6246R (Cascade Lake) [x86-64],36,756,1,1512,300000,3086,,,32,60000,944,,,,,,,8,24000,Supported,Supported,Supported,Supported,Supported,Not Supported,Supported,Supported,,Supported,,,,,,,,,,,,,,,,,,,,,,,,,,,,,,,,,,,,,,,,,,,,,,,,,,,,,,,,,,,,,,,,,,,,,,,,,,,,,,,,,,,,,,,,,,,,,,,,,,,,,,,,,,,,
Standard_FX48mds,Intel Xeon Gold 6246R (Cascade Lake) [x86-64],48,1008,1,2016,400000,3871,,,32,80000,1258,,,,,,,8,32000,Supported,Supported,Supported,Supported,Supported,Not Supported,Supported,Supported,,Supported,,,,,,,,,,,,,,,,,,,,,,,,,,,,,,,,,,,,,,,,,,,,,,,,,,,,,,,,,,,,,,,,,,,,,,,,,,,,,,,,,,,,,,,,,,,,,,,,,,,,,,,,,,,,
Standard_FX2mds_v2,Intel Xeon Platinum 8573C (Emerald Rapids) [x86-64],2,42,1,110,"37,500",180,"15,000",90,8,"8,000",273,"40,000","1,250","12,000",300,"60,000","1,375",2,"12,500",Supported,Supported,Supported,Supported,Supported,Not Supported,Supported,Supported,Supported,Supported,Supported,Supported,,,,,,,,,,,,,,,,,,,,,,,,,,,,,,,,,,,,,,,,,,,,,,,,,,,,,,,,,,,,,,,,,,,,,,,,,,,,,,,,,,,,,,,,,,,,,,,,,,,,,,,,,,
Standard_FX4mds_v2,Intel Xeon Platinum 8573C (Emerald Rapids) [x86-64],4,84,1,220,"75,000",360,"30,000",180,12,"16,000",545,"65,000","1,800","21,400",600,"86,938","1,980",2,"25,000",Supported,Supported,Supported,Supported,Supported,Not Supported,Supported,Supported,Supported,Supported,Supported,Supported,,,,,,,,,,,,,,,,,,,,,,,,,,,,,,,,,,,,,,,,,,,,,,,,,,,,,,,,,,,,,,,,,,,,,,,,,,,,,,,,,,,,,,,,,,,,,,,,,,,,,,,,,,
Standard_FX8mds_v2,Intel Xeon Platinum 8573C (Emerald Rapids) [x86-64],8,168,1,440,"150,000",720,"60,000",360,24,"33,000","1,091","65,000","1,800","44,200","1,200","87,061","1,980",4,"25,000",Supported,Supported,Supported,Supported,Supported,Not Supported,Supported,Supported,Supported,Supported,Supported,Supported,,,,,,,,,,,,,,,,,,,,,,,,,,,,,,,,,,,,,,,,,,,,,,,,,,,,,,,,,,,,,,,,,,,,,,,,,,,,,,,,,,,,,,,,,,,,,,,,,,,,,,,,,,
Standard_FX12mds_v2,Intel Xeon Platinum 8573C (Emerald Rapids) [x86-64],12,252,2,440,"300,000","1,440","120,000",720,48,"49,500","1,636","67,500","2,400","66,300","1,750","90,409","2,567",4,"25,000",Supported,Supported,Supported,Supported,Supported,Not Supported,Supported,Supported,Supported,Supported,Supported,Supported,,,,,,,,,,,,,,,,,,,,,,,,,,,,,,,,,,,,,,,,,,,,,,,,,,,,,,,,,,,,,,,,,,,,,,,,,,,,,,,,,,,,,,,,,,,,,,,,,,,,,,,,,,
Standard_FX16mds_v2,Intel Xeon Platinum 8573C (Emerald Rapids) [x86-64],16,336,2,440,"300,000","1,440","120,000",720,48,"66,000","2,182","70,000","3,000","88,400","2,300","93,758","3,163",8,"25,000",Supported,Supported,Supported,Supported,Supported,Not Supported,Supported,Supported,Supported,Supported,Supported,Supported,,,,,,,,,,,,,,,,,,,,,,,,,,,,,,,,,,,,,,,,,,,,,,,,,,,,,,,,,,,,,,,,,,,,,,,,,,,,,,,,,,,,,,,,,,,,,,,,,,,,,,,,,,
Standard_FX24mds_v2,Intel Xeon Platinum 8573C (Emerald Rapids) [x86-64],24,504,3,440,"450,000","2,160","180,000","1,080",48,"98,000","3,273","105,000","4,500","131,300","3,550","140,679","4,881",8,"50,000",Supported,Supported,Supported,Supported,Supported,Not Supported,Supported,Supported,Supported,Supported,Supported,Supported,,,,,,,,,,,,,,,,,,,,,,,,,,,,,,,,,,,,,,,,,,,,,,,,,,,,,,,,,,,,,,,,,,,,,,,,,,,,,,,,,,,,,,,,,,,,,,,,,,,,,,,,,,
Standard_FX32mds_v2,Intel Xeon Platinum 8573C (Emerald Rapids) [x86-64],32,672,4,440,"600,000","2,880","240,000",1440,64,"130,000","4,364","140,000","6,000","174,200","4,800","187,600","6,600",8,"50,000",Supported,Supported,Supported,Supported,Supported,Not Supported,Supported,Supported,Supported,Supported,Supported,Supported,,,,,,,,,,,,,,,,,,,,,,,,,,,,,,,,,,,,,,,,,,,,,,,,,,,,,,,,,,,,,,,,,,,,,,,,,,,,,,,,,,,,,,,,,,,,,,,,,,,,,,,,,,
Standard_FX48mds_v2,Intel Xeon Platinum 8573C (Emerald Rapids) [x86-64],48,1008,6,440,"900,000","4,320","360,000",2160,64,"190,000","6,545","200,000","9,000","253,300","7,300","266,632","10,038",8,"50,000",Supported,Supported,Supported,Supported,Supported,Not Supported,Supported,Supported,Supported,Supported,Supported,Supported,,,,,,,,,,,,,,,,,,,,,,,,,,,,,,,,,,,,,,,,,,,,,,,,,,,,,,,,,,,,,,,,,,,,,,,,,,,,,,,,,,,,,,,,,,,,,,,,,,,,,,,,,,
Standard_FX64mds_v2,Intel Xeon Platinum 8573C (Emerald Rapids) [x86-64],64,1344,4,880,"1,200,000","5,760","480,000",2880,64,"220,000","8,727","230,000","9,750","294,800","9,600","308,200","10,725",8,"50,000",Supported,Supported,Supported,Supported,Supported,Not Supported,Supported,Supported,Supported,Supported,Supported,Supported,,,,,,,,,,,,,,,,,,,,,,,,,,,,,,,,,,,,,,,,,,,,,,,,,,,,,,,,,,,,,,,,,,,,,,,,,,,,,,,,,,,,,,,,,,,,,,,,,,,,,,,,,,
Standard_FX96mds_v2,Intel Xeon Platinum 8573C (Emerald Rapids) [x86-64],96,1832,6,880,"1,800,000","8,640","720,000",4320,64,"260,000","10,000","260,000","10,625","400,000","11,250","400,000","12,000",8,"70,000",Supported,Supported,Supported,Supported,Supported,Not Supported,Supported,Supported,Supported,Supported,Supported,Supported,,,,,,,,,,,,,,,,,,,,,,,,,,,,,,,,,,,,,,,,,,,,,,,,,,,,,,,,,,,,,,,,,,,,,,,,,,,,,,,,,,,,,,,,,,,,,,,,,,,,,,,,,,
Standard_FX2ms_v2,Intel Xeon Platinum 8573C (Emerald Rapids) [x86-64],2,42,,,,,,,8,"8,000",273,"40,000","1,250","12,000",300,"60,000","1,375",2,"12,500",Supported,Supported,Supported,Supported,Supported,Not Supported,Supported,Not Supported,,Supported,Supported,Supported,,,,,,,,,,,,,,,,,,,,,,,,,,,,,,,,,,,,,,,,,,,,,,,,,,,,,,,,,,,,,,,,,,,,,,,,,,,,,,,,,,,,,,,,,,,,,,,,,,,,,,,,,,
Standard_FX4ms_v2,Intel Xeon Platinum 8573C (Emerald Rapids) [x86-64],4,84,,,,,,,12,"16,000",545,"65,000","1,800","21,400",600,"86,938","1,980",2,"25,000",Supported,Supported,Supported,Supported,Supported,Not Supported,Supported,Not Supported,,Supported,Supported,Supported,,,,,,,,,,,,,,,,,,,,,,,,,,,,,,,,,,,,,,,,,,,,,,,,,,,,,,,,,,,,,,,,,,,,,,,,,,,,,,,,,,,,,,,,,,,,,,,,,,,,,,,,,,
Standard_FX8ms_v2,Intel Xeon Platinum 8573C (Emerald Rapids) [x86-64],8,168,,,,,,,24,"33,000","1,091","65,000","1,800","44,200","1,200","87,061","1,980",4,"25,000",Supported,Supported,Supported,Supported,Supported,Not Supported,Supported,Not Supported,,Supported,Supported,Supported,,,,,,,,,,,,,,,,,,,,,,,,,,,,,,,,,,,,,,,,,,,,,,,,,,,,,,,,,,,,,,,,,,,,,,,,,,,,,,,,,,,,,,,,,,,,,,,,,,,,,,,,,,
Standard_FX12ms_v2,Intel Xeon Platinum 8573C (Emerald Rapids) [x86-64],12,252,,,,,,,48,"49,500","1,636","67,500","2,400","66,300","1,750","90,409","2,567",4,"25,000",Supported,Supported,Supported,Supported,Supported,Not Supported,Supported,Not Supported,,Supported,Supported,Supported,,,,,,,,,,,,,,,,,,,,,,,,,,,,,,,,,,,,,,,,,,,,,,,,,,,,,,,,,,,,,,,,,,,,,,,,,,,,,,,,,,,,,,,,,,,,,,,,,,,,,,,,,,
Standard_FX16ms_v2,Intel Xeon Platinum 8573C (Emerald Rapids) [x86-64],16,336,,,,,,,48,"66,000","2,182","70,000","3,000","88,400","2,300","93,758","3,163",8,"25,000",Supported,Supported,Supported,Supported,Supported,Not Supported,Supported,Not Supported,,Supported,Supported,Supported,,,,,,,,,,,,,,,,,,,,,,,,,,,,,,,,,,,,,,,,,,,,,,,,,,,,,,,,,,,,,,,,,,,,,,,,,,,,,,,,,,,,,,,,,,,,,,,,,,,,,,,,,,
Standard_FX24ms_v2,Intel Xeon Platinum 8573C (Emerald Rapids) [x86-64],24,504,,,,,,,48,"98,000","3,273","105,000","4,500","131,300","3,550","140,679","4,881",8,"50,000",Supported,Supported,Supported,Supported,Supported,Not Supported,Supported,Not Supported,,Supported,Supported,Supported,,,,,,,,,,,,,,,,,,,,,,,,,,,,,,,,,,,,,,,,,,,,,,,,,,,,,,,,,,,,,,,,,,,,,,,,,,,,,,,,,,,,,,,,,,,,,,,,,,,,,,,,,,
Standard_FX32ms_v2,Intel Xeon Platinum 8573C (Emerald Rapids) [x86-64],32,672,,,,,,,64,"130,000","4,364","140,000","6,000","174,200","4,800","187,600","6,600",8,"50,000",Supported,Supported,Supported,Supported,Supported,Not Supported,Supported,Not Supported,,Supported,Supported,Supported,,,,,,,,,,,,,,,,,,,,,,,,,,,,,,,,,,,,,,,,,,,,,,,,,,,,,,,,,,,,,,,,,,,,,,,,,,,,,,,,,,,,,,,,,,,,,,,,,,,,,,,,,,
Standard_FX48ms_v2,Intel Xeon Platinum 8573C (Emerald Rapids) [x86-64],48,1008,,,,,,,64,"190,000","6,545","200,000","9,000","253,300","7,300","266,632","10,038",8,"50,000",Supported,Supported,Supported,Supported,Supported,Not Supported,Supported,Not Supported,,Supported,Supported,Supported,,,,,,,,,,,,,,,,,,,,,,,,,,,,,,,,,,,,,,,,,,,,,,,,,,,,,,,,,,,,,,,,,,,,,,,,,,,,,,,,,,,,,,,,,,,,,,,,,,,,,,,,,,
Standard_FX64ms_v2,Intel Xeon Platinum 8573C (Emerald Rapids) [x86-64],64,1344,,,,,,,64,"220,000","8,727","230,000","9,750","294,800","9,600","308,200","10,725",8,"50,000",Supported,Supported,Supported,Supported,Supported,Not Supported,Supported,Not Supported,,Supported,Supported,Supported,,,,,,,,,,,,,,,,,,,,,,,,,,,,,,,,,,,,,,,,,,,,,,,,,,,,,,,,,,,,,,,,,,,,,,,,,,,,,,,,,,,,,,,,,,,,,,,,,,,,,,,,,,
Standard_FX96ms_v2,Intel Xeon Platinum 8573C (Emerald Rapids) [x86-64],96,1832,,,,,,,64,"260,000","10,000","260,000","10,625","400,000","11,250","400,000","12,000",8,"70,000",Supported,Supported,Supported,Supported,Supported,Not Supported,Supported,Not Supported,,Supported,Supported,Supported,,,,,,,,,,,,,,,,,,,,,,,,,,,,,,,,,,,,,,,,,,,,,,,,,,,,,,,,,,,,,,,,,,,,,,,,,,,,,,,,,,,,,,,,,,,,,,,,,,,,,,,,,,
Standard_NP10s,Intel Xeon 8171M (Skylake) [x86-64],10,168,1,736,,,,,8,,,,,,,,,1,7500,Supported,Supported,Not Supported,Not Supported,Not Supported,Supported,Not Supported,Supported,,Not Supported,,,1,64,,,,,,,,,,,,,,,,,,,,,,,,,,,,,,,,,,,,,,,,,,,,,,,,,,,,,,,,,,,,,,,,,,,,,,,,,,,,,,,,,,,,,,,,,,,,,,,,,,,,,,,,
Standard_NP20s,Intel Xeon 8171M (Skylake) [x86-64],20,336,1,1474,,,,,16,,,,,,,,,2,15000,Supported,Supported,Not Supported,Not Supported,Not Supported,Supported,Not Supported,Supported,,Not Supported,,,2,128,,,,,,,,,,,,,,,,,,,,,,,,,,,,,,,,,,,,,,,,,,,,,,,,,,,,,,,,,,,,,,,,,,,,,,,,,,,,,,,,,,,,,,,,,,,,,,,,,,,,,,,,
Standard_NP40s,Intel Xeon 8171M (Skylake) [x86-64],40,672,1,2948,,,,,32,,,,,,,,,4,30000,Supported,Supported,Not Supported,Not Supported,Not Supported,Supported,Not Supported,Supported,,Not Supported,,,4,256,,,,,,,,,,,,,,,,,,,,,,,,,,,,,,,,,,,,,,,,,,,,,,,,,,,,,,,,,,,,,,,,,,,,,,,,,,,,,,,,,,,,,,,,,,,,,,,,,,,,,,,,
Standard_A1_v2,Intel Xeon Platinum 8370C (Ice Lake) [x86-64] Intel Xeon Platinum 8272CL (Cascade Lake) [x86-64] Intel Xeon 8171M 2.1 GHz (Skylake) [x86-64] Intel Xeon E5-2673 v4 2.3 GHz (Broadwell) [x86-64] Intel Xeon E5-2673 v3 2.4 GHz (Haswell) [x86-64]  Intel Xeon Platinum 8573C (Emerald Rapids) [x86-64],1,2,1,10,"1,000",,,,2,"1,000",,,,,,,,2,,Not Supported,Not Supported,Supported,Supported,,,Not Supported,,,Not Supported,,,,,20,10,250,Generation 1,Not Supported,,,,,,,,,,,,,,,,,,,,,,,,,,,,,,,,,,,,,,,,,,,,,,,,,,,,,,,,,,,,,,,,,,,,,,,,,,,,,,,,,,,,,,,,,,,,,,,,,,,
Standard_A2_v2,Intel Xeon Platinum 8370C (Ice Lake) [x86-64] Intel Xeon Platinum 8272CL (Cascade Lake) [x86-64] Intel Xeon 8171M 2.1 GHz (Skylake) [x86-64] Intel Xeon E5-2673 v4 2.3 GHz (Broadwell) [x86-64] Intel Xeon E5-2673 v3 2.4 GHz (Haswell) [x86-64]  Intel Xeon Platinum 8573C (Emerald Rapids) [x86-64],2,4,1,20,2000,,,,4,2000,,,,,,,,2,,Not Supported,Not Supported,Supported,Supported,,,Not Supported,,,Not Supported,,,,,40,20,500,Generation 1,Not Supported,,,,,,,,,,,,,,,,,,,,,,,,,,,,,,,,,,,,,,,,,,,,,,,,,,,,,,,,,,,,,,,,,,,,,,,,,,,,,,,,,,,,,,,,,,,,,,,,,,,
Standard_A4_v2,Intel Xeon Platinum 8370C (Ice Lake) [x86-64] Intel Xeon Platinum 8272CL (Cascade Lake) [x86-64] Intel Xeon 8171M 2.1 GHz (Skylake) [x86-64] Intel Xeon E5-2673 v4 2.3 GHz (Broadwell) [x86-64] Intel Xeon E5-2673 v3 2.4 GHz (Haswell) [x86-64]  Intel Xeon Platinum 8573C (Emerald Rapids) [x86-64],4,8,1,40,"4,000",,,,8,"4,000",,,,,,,,4,,Not Supported,Not Supported,Supported,Supported,,,Not Supported,,,Not Supported,,,,,80,40,"1,000",Generation 1,Not Supported,,,,,,,,,,,,,,,,,,,,,,,,,,,,,,,,,,,,,,,,,,,,,,,,,,,,,,,,,,,,,,,,,,,,,,,,,,,,,,,,,,,,,,,,,,,,,,,,,,,
Standard_A8_v2,Intel Xeon Platinum 8370C (Ice Lake) [x86-64] Intel Xeon Platinum 8272CL (Cascade Lake) [x86-64] Intel Xeon 8171M 2.1 GHz (Skylake) [x86-64] Intel Xeon E5-2673 v4 2.3 GHz (Broadwell) [x86-64] Intel Xeon E5-2673 v3 2.4 GHz (Haswell) [x86-64]  Intel Xeon Platinum 8573C (Emerald Rapids) [x86-64],8,16,1,80,"8,000",,,,16,"8,000",,,,,,,,8,,Not Supported,Not Supported,Supported,Supported,,,Not Supported,,,Not Supported,,,,,160,80,2000,Generation 1,Not Supported,,,,,,,,,,,,,,,,,,,,,,,,,,,,,,,,,,,,,,,,,,,,,,,,,,,,,,,,,,,,,,,,,,,,,,,,,,,,,,,,,,,,,,,,,,,,,,,,,,,
Standard_A2m_v2,Intel Xeon Platinum 8370C (Ice Lake) [x86-64] Intel Xeon Platinum 8272CL (Cascade Lake) [x86-64] Intel Xeon 8171M 2.1 GHz (Skylake) [x86-64] Intel Xeon E5-2673 v4 2.3 GHz (Broadwell) [x86-64] Intel Xeon E5-2673 v3 2.4 GHz (Haswell) [x86-64]  Intel Xeon Platinum 8573C (Emerald Rapids) [x86-64],2,16,1,20,2000,,,,4,2000,,,,,,,,2,,Not Supported,Not Supported,Supported,Supported,,,Not Supported,,,Not Supported,,,,,40,20,500,Generation 1,Not Supported,,,,,,,,,,,,,,,,,,,,,,,,,,,,,,,,,,,,,,,,,,,,,,,,,,,,,,,,,,,,,,,,,,,,,,,,,,,,,,,,,,,,,,,,,,,,,,,,,,,
Standard_A4m_v2,Intel Xeon Platinum 8370C (Ice Lake) [x86-64] Intel Xeon Platinum 8272CL (Cascade Lake) [x86-64] Intel Xeon 8171M 2.1 GHz (Skylake) [x86-64] Intel Xeon E5-2673 v4 2.3 GHz (Broadwell) [x86-64] Intel Xeon E5-2673 v3 2.4 GHz (Haswell) [x86-64]  Intel Xeon Platinum 8573C (Emerald Rapids) [x86-64],4,32,1,40,"4,000",,,,8,"4,000",,,,,,,,4,,Not Supported,Not Supported,Supported,Supported,,,Not Supported,,,Not Supported,,,,,80,40,"1,000",Generation 1,Not Supported,,,,,,,,,,,,,,,,,,,,,,,,,,,,,,,,,,,,,,,,,,,,,,,,,,,,,,,,,,,,,,,,,,,,,,,,,,,,,,,,,,,,,,,,,,,,,,,,,,,
Standard_A8m_v2,Intel Xeon Platinum 8370C (Ice Lake) [x86-64] Intel Xeon Platinum 8272CL (Cascade Lake) [x86-64] Intel Xeon 8171M 2.1 GHz (Skylake) [x86-64] Intel Xeon E5-2673 v4 2.3 GHz (Broadwell) [x86-64] Intel Xeon E5-2673 v3 2.4 GHz (Haswell) [x86-64]  Intel Xeon Platinum 8573C (Emerald Rapids) [x86-64],8,64,1,80,"8,000",,,,16,"8,000",,,,,,,,8,,Not Supported,Not Supported,Supported,Supported,,,Not Supported,,,Not Supported,,,,,160,80,2000,Generation 1,Not Supported,,,,,,,,,,,,,,,,,,,,,,,,,,,,,,,,,,,,,,,,,,,,,,,,,,,,,,,,,,,,,,,,,,,,,,,,,,,,,,,,,,,,,,,,,,,,,,,,,,,
Standard_B2ats_v2,AMD EPYC 7763v (Milan) [x86-64],2,1,,,,,,,4,"3,750",,"10,000",,,,,,2,,Supported,Supported,Supported,Supported,Supported,Supported,Supported,Not Supported,,Not Supported,,,,,,,"6,250",,,20%,60,24,576,85,960,,,,,,,,,,,,,,,,,,,,,,,,,,,,,,,,,,,,,,,,,,,,,,,,,,,,,,,,,,,,,,,,,,,,,,,,,,,,,,,,,,,,,,,,,,,,,
Standard_B2als_v2,AMD EPYC 7763v (Milan) [x86-64],2,4,,,,,,,4,"3,750",,"10,000",,,,,,2,,Supported,Supported,Supported,Supported,Supported,Supported,Supported,Not Supported,,Not Supported,,,,,,,"6,250",,,30%,60,36,864,85,960,,,,,,,,,,,,,,,,,,,,,,,,,,,,,,,,,,,,,,,,,,,,,,,,,,,,,,,,,,,,,,,,,,,,,,,,,,,,,,,,,,,,,,,,,,,,,
Standard_B2as_v2,AMD EPYC 7763v (Milan) [x86-64],2,8,,,,,,,4,"3,750",,"10,000",,,,,,2,,Supported,Supported,Supported,Supported,Supported,Supported,Supported,Not Supported,,Not Supported,,,,,,,"6,250",,,40%,60,48,"1,152",85,960,,,,,,,,,,,,,,,,,,,,,,,,,,,,,,,,,,,,,,,,,,,,,,,,,,,,,,,,,,,,,,,,,,,,,,,,,,,,,,,,,,,,,,,,,,,,,
Standard_B4als_v2,AMD EPYC 7763v (Milan) [x86-64],4,8,,,,,,,8,"6,400",,"20,000",,,,,,2,,Supported,Supported,Supported,Supported,Supported,Supported,Supported,Not Supported,,Not Supported,,,,,,,"6,250",,,30%,120,72,"1,728",145,960,,,,,,,,,,,,,,,,,,,,,,,,,,,,,,,,,,,,,,,,,,,,,,,,,,,,,,,,,,,,,,,,,,,,,,,,,,,,,,,,,,,,,,,,,,,,,
Standard_B4as_v2,AMD EPYC 7763v (Milan) [x86-64],4,16,,,,,,,8,"6,400",,"20,000",,,,,,2,,Supported,Supported,Supported,Supported,Supported,Supported,Supported,Not Supported,,Not Supported,,,,,,,"6,250",,,40%,120,96,"2,304",145,960,,,,,,,,,,,,,,,,,,,,,,,,,,,,,,,,,,,,,,,,,,,,,,,,,,,,,,,,,,,,,,,,,,,,,,,,,,,,,,,,,,,,,,,,,,,,,
Standard_B8als_v2,AMD EPYC 7763v (Milan) [x86-64],8,16,,,,,,,16,"12,800",,"20,000",,,,,,2,,Supported,Supported,Supported,Supported,Supported,Supported,Supported,Not Supported,,Not Supported,,,,,,,"6,250",,,30%,240,144,"3,456",290,960,,,,,,,,,,,,,,,,,,,,,,,,,,,,,,,,,,,,,,,,,,,,,,,,,,,,,,,,,,,,,,,,,,,,,,,,,,,,,,,,,,,,,,,,,,,,,
Standard_B8as_v2,AMD EPYC 7763v (Milan) [x86-64],8,32,,,,,,,16,"12,800",,"20,000",,,,,,2,,Supported,Supported,Supported,Supported,Supported,Supported,Supported,Not Supported,,Not Supported,,,,,,,"6,250",,,40%,240,192,"4,608",290,960,,,,,,,,,,,,,,,,,,,,,,,,,,,,,,,,,,,,,,,,,,,,,,,,,,,,,,,,,,,,,,,,,,,,,,,,,,,,,,,,,,,,,,,,,,,,,
Standard_B16als_v2,AMD EPYC 7763v (Milan) [x86-64],16,32,,,,,,,32,"25,600",,"40,000",,,,,,4,,Supported,Supported,Supported,Supported,Supported,Supported,Supported,Not Supported,,Not Supported,,,,,,,"6,250",,,30%,480,288,"6,912",600,960,,,,,,,,,,,,,,,,,,,,,,,,,,,,,,,,,,,,,,,,,,,,,,,,,,,,,,,,,,,,,,,,,,,,,,,,,,,,,,,,,,,,,,,,,,,,,
Standard_B16as_v2,AMD EPYC 7763v (Milan) [x86-64],16,64,,,,,,,32,"25,600",,"40,000",,,,,,4,,Supported,Supported,Supported,Supported,Supported,Supported,Supported,Not Supported,,Not Supported,,,,,,,"6,250",,,40%,480,384,"9,216",600,960,,,,,,,,,,,,,,,,,,,,,,,,,,,,,,,,,,,,,,,,,,,,,,,,,,,,,,,,,,,,,,,,,,,,,,,,,,,,,,,,,,,,,,,,,,,,,
Standard_B32als_v2,AMD EPYC 7763v (Milan) [x86-64],32,64,,,,,,,32,"25,600",,"80,000",,,,,,4,,Supported,Supported,Supported,Supported,Supported,Supported,Supported,Not Supported,,Not Supported,,,,,,,"6,250",,,30%,960,576,"13,824",600,960,,,,,,,,,,,,,,,,,,,,,,,,,,,,,,,,,,,,,,,,,,,,,,,,,,,,,,,,,,,,,,,,,,,,,,,,,,,,,,,,,,,,,,,,,,,,,
Standard_B32as_v2,AMD EPYC 7763v (Milan) [x86-64],32,128,,,,,,,32,"25,600",,"80,000",,,,,,4,,Supported,Supported,Supported,Supported,Supported,Supported,Supported,Not Supported,,Not Supported,,,,,,,"6,250",,,40%,960,768,"18,432",600,960,,,,,,,,,,,,,,,,,,,,,,,,,,,,,,,,,,,,,,,,,,,,,,,,,,,,,,,,,,,,,,,,,,,,,,,,,,,,,,,,,,,,,,,,,,,,,
Standard_B2pts_v2,Ampere Altra [Arm64],2,1,,,,,,,4,"3,750",,"10,000",,,,,,2,,Supported,Supported,Supported,Supported,Supported,Not Supported,Supported,Not Supported,,Not Supported,,,,,,,"6,250",,,20%,60,24,576,85,960,,,,,,,,,,,,,,,,,,,,,,,,,,,,,,,,,,,,,,,,,,,,,,,,,,,,,,,,,,,,,,,,,,,,,,,,,,,,,,,,,,,,,,,,,,,,,
Standard_B2pls_v2,Ampere Altra [Arm64],2,4,,,,,,,4,"3,750",,"10,000",,,,,,2,,Supported,Supported,Supported,Supported,Supported,Not Supported,Supported,Not Supported,,Not Supported,,,,,,,"6,250",,,30%,60,36,864,85,960,,,,,,,,,,,,,,,,,,,,,,,,,,,,,,,,,,,,,,,,,,,,,,,,,,,,,,,,,,,,,,,,,,,,,,,,,,,,,,,,,,,,,,,,,,,,,
Standard_B2ps_v2,Ampere Altra [Arm64],2,8,,,,,,,4,"3,750",,"10,000",,,,,,2,,Supported,Supported,Supported,Supported,Supported,Not Supported,Supported,Not Supported,,Not Supported,,,,,,,"6,250",,,40%,60,48,"1,152",85,960,,,,,,,,,,,,,,,,,,,,,,,,,,,,,,,,,,,,,,,,,,,,,,,,,,,,,,,,,,,,,,,,,,,,,,,,,,,,,,,,,,,,,,,,,,,,,
Standard_B4pls_v2,Ampere Altra [Arm64],4,8,,,,,,,8,"6,400",,"20,000",,,,,,2,,Supported,Supported,Supported,Supported,Supported,Not Supported,Supported,Not Supported,,Not Supported,,,,,,,"6,250",,,30%,120,72,"1,728",145,960,,,,,,,,,,,,,,,,,,,,,,,,,,,,,,,,,,,,,,,,,,,,,,,,,,,,,,,,,,,,,,,,,,,,,,,,,,,,,,,,,,,,,,,,,,,,,
Standard_B4ps_v2,Ampere Altra [Arm64],4,16,,,,,,,8,"6,400",,"20,000",,,,,,2,,Supported,Supported,Supported,Supported,Supported,Not Supported,Supported,Not Supported,,Not Supported,,,,,,,"6,250",,,40%,120,96,"2,304",145,960,,,,,,,,,,,,,,,,,,,,,,,,,,,,,,,,,,,,,,,,,,,,,,,,,,,,,,,,,,,,,,,,,,,,,,,,,,,,,,,,,,,,,,,,,,,,,
Standard_B8pls_v2,Ampere Altra [Arm64],8,16,,,,,,,16,"12,800",,"20,000",,,,,,2,,Supported,Supported,Supported,Supported,Supported,Not Supported,Supported,Not Supported,,Not Supported,,,,,,,"6,250",,,30%,240,144,"3,456",290,960,,,,,,,,,,,,,,,,,,,,,,,,,,,,,,,,,,,,,,,,,,,,,,,,,,,,,,,,,,,,,,,,,,,,,,,,,,,,,,,,,,,,,,,,,,,,,
Standard_B8ps_v2,Ampere Altra [Arm64],8,32,,,,,,,16,"12,800",,"20,000",,,,,,2,,Supported,Supported,Supported,Supported,Supported,Not Supported,Supported,Not Supported,,Not Supported,,,,,,,"6,250",,,40%,240,192,"4,608",290,960,,,,,,,,,,,,,,,,,,,,,,,,,,,,,,,,,,,,,,,,,,,,,,,,,,,,,,,,,,,,,,,,,,,,,,,,,,,,,,,,,,,,,,,,,,,,,
Standard_B16pls_v2,Ampere Altra [Arm64],16,32,,,,,,,32,"25,600",,"40,000",,,,,,4,,Supported,Supported,Supported,Supported,Supported,Not Supported,Supported,Not Supported,,Not Supported,,,,,,,"6,250",,,30%,480,288,"6,912",600,960,,,,,,,,,,,,,,,,,,,,,,,,,,,,,,,,,,,,,,,,,,,,,,,,,,,,,,,,,,,,,,,,,,,,,,,,,,,,,,,,,,,,,,,,,,,,,
Standard_B16ps_v2,Ampere Altra [Arm64],16,64,,,,,,,32,"25,600",,"40,000",,,,,,4,,Supported,Supported,Supported,Supported,Supported,Not Supported,Supported,Not Supported,,Not Supported,,,,,,,"6,250",,,40%,480,384,"9,216",600,960,,,,,,,,,,,,,,,,,,,,,,,,,,,,,,,,,,,,,,,,,,,,,,,,,,,,,,,,,,,,,,,,,,,,,,,,,,,,,,,,,,,,,,,,,,,,,
Standard_B2ts_v2,Intel Xeon Platinum 8473C (Sapphire Rapids) [x86-64] Intel Xeon Platinum 8370C (Ice Lake) [x86-64]  Intel Xeon Platinum 8573C (Emerald Rapids) [x86-64],2,1,,,,,,,4,"3,750",,"10,000",,,,,,2,,Supported,Supported,Supported,Supported,Supported,Supported,Supported,Not Supported,,Not Supported,,,,,,,"6,250",,,20%,60,24,576,85,960,,,,,,,,,,,,,,,,,,,,,,,,,,,,,,,,,,,,,,,,,,,,,,,,,,,,,,,,,,,,,,,,,,,,,,,,,,,,,,,,,,,,,,,,,,,,,
Standard_B2ls_v2,Intel Xeon Platinum 8473C (Sapphire Rapids) [x86-64] Intel Xeon Platinum 8370C (Ice Lake) [x86-64]  Intel Xeon Platinum 8573C (Emerald Rapids) [x86-64],2,4,,,,,,,4,"3,750",,"10,000",,,,,,2,,Supported,Supported,Supported,Supported,Supported,Supported,Supported,Not Supported,,Not Supported,,,,,,,"6,250",,,30%,60,36,864,85,960,,,,,,,,,,,,,,,,,,,,,,,,,,,,,,,,,,,,,,,,,,,,,,,,,,,,,,,,,,,,,,,,,,,,,,,,,,,,,,,,,,,,,,,,,,,,,
Standard_B2s_v2,Intel Xeon Platinum 8473C (Sapphire Rapids) [x86-64] Intel Xeon Platinum 8370C (Ice Lake) [x86-64]  Intel Xeon Platinum 8573C (Emerald Rapids) [x86-64],2,8,,,,,,,4,"3,750",,"10,000",,,,,,2,,Supported,Supported,Supported,Supported,Supported,Supported,Supported,Not Supported,,Not Supported,,,,,,,"6,250",,,40%,60,48,"1,152",85,960,,,,,,,,,,,,,,,,,,,,,,,,,,,,,,,,,,,,,,,,,,,,,,,,,,,,,,,,,,,,,,,,,,,,,,,,,,,,,,,,,,,,,,,,,,,,,
Standard_B4ls_v2,Intel Xeon Platinum 8473C (Sapphire Rapids) [x86-64] Intel Xeon Platinum 8370C (Ice Lake) [x86-64]  Intel Xeon Platinum 8573C (Emerald Rapids) [x86-64],4,8,,,,,,,8,"6,400",,"20,000",,,,,,2,,Supported,Supported,Supported,Supported,Supported,Supported,Supported,Not Supported,,Not Supported,,,,,,,"6,250",,,30%,120,72,"1,728",145,960,,,,,,,,,,,,,,,,,,,,,,,,,,,,,,,,,,,,,,,,,,,,,,,,,,,,,,,,,,,,,,,,,,,,,,,,,,,,,,,,,,,,,,,,,,,,,
Standard_B4s_v2,Intel Xeon Platinum 8473C (Sapphire Rapids) [x86-64] Intel Xeon Platinum 8370C (Ice Lake) [x86-64]  Intel Xeon Platinum 8573C (Emerald Rapids) [x86-64],4,16,,,,,,,8,"6,400",,"20,000",,,,,,2,,Supported,Supported,Supported,Supported,Supported,Supported,Supported,Not Supported,,Not Supported,,,,,,,"6,250",,,40%,120,96,"2,304",145,960,,,,,,,,,,,,,,,,,,,,,,,,,,,,,,,,,,,,,,,,,,,,,,,,,,,,,,,,,,,,,,,,,,,,,,,,,,,,,,,,,,,,,,,,,,,,,
Standard_B8ls_v2,Intel Xeon Platinum 8473C (Sapphire Rapids) [x86-64] Intel Xeon Platinum 8370C (Ice Lake) [x86-64]  Intel Xeon Platinum 8573C (Emerald Rapids) [x86-64],8,16,,,,,,,16,"12,800",,"20,000",,,,,,2,,Supported,Supported,Supported,Supported,Supported,Supported,Supported,Not Supported,,Not Supported,,,,,,,"6,250",,,30%,240,144,"3,456",290,960,,,,,,,,,,,,,,,,,,,,,,,,,,,,,,,,,,,,,,,,,,,,,,,,,,,,,,,,,,,,,,,,,,,,,,,,,,,,,,,,,,,,,,,,,,,,,
Standard_B8s_v2,Intel Xeon Platinum 8473C (Sapphire Rapids) [x86-64] Intel Xeon Platinum 8370C (Ice Lake) [x86-64]  Intel Xeon Platinum 8573C (Emerald Rapids) [x86-64],8,32,,,,,,,16,"12,800",,"20,000",,,,,,2,,Supported,Supported,Supported,Supported,Supported,Supported,Supported,Not Supported,,Not Supported,,,,,,,"6,250",,,40%,240,192,"4,608",290,960,,,,,,,,,,,,,,,,,,,,,,,,,,,,,,,,,,,,,,,,,,,,,,,,,,,,,,,,,,,,,,,,,,,,,,,,,,,,,,,,,,,,,,,,,,,,,
Standard_B16ls_v2,Intel Xeon Platinum 8473C (Sapphire Rapids) [x86-64] Intel Xeon Platinum 8370C (Ice Lake) [x86-64]  Intel Xeon Platinum 8573C (Emerald Rapids) [x86-64],16,32,,,,,,,32,"25,600",,"40,000",,,,,,4,,Supported,Supported,Supported,Supported,Supported,Supported,Supported,Not Supported,,Not Supported,,,,,,,"6,250",,,30%,480,288,"6,912",600,960,,,,,,,,,,,,,,,,,,,,,,,,,,,,,,,,,,,,,,,,,,,,,,,,,,,,,,,,,,,,,,,,,,,,,,,,,,,,,,,,,,,,,,,,,,,,,
Standard_B16s_v2,Intel Xeon Platinum 8473C (Sapphire Rapids) [x86-64] Intel Xeon Platinum 8370C (Ice Lake) [x86-64]  Intel Xeon Platinum 8573C (Emerald Rapids) [x86-64],16,64,,,,,,,32,"25,600",,"40,000",,,,,,4,,Supported,Supported,Supported,Supported,Supported,Supported,Supported,Not Supported,,Not Supported,,,,,,,"6,250",,,40%,480,384,"9,216",600,960,,,,,,,,,,,,,,,,,,,,,,,,,,,,,,,,,,,,,,,,,,,,,,,,,,,,,,,,,,,,,,,,,,,,,,,,,,,,,,,,,,,,,,,,,,,,,
Standard_B32ls_v2,Intel Xeon Platinum 8473C (Sapphire Rapids) [x86-64] Intel Xeon Platinum 8370C (Ice Lake) [x86-64]  Intel Xeon Platinum 8573C (Emerald Rapids) [x86-64],32,64,,,,,,,32,"51,200",,"80,000",,,,,,4,,Supported,Supported,Supported,Supported,Supported,Supported,Supported,Not Supported,,Not Supported,,,,,,,"6,250",,,30%,960,576,"13,824",600,960,,,,,,,,,,,,,,,,,,,,,,,,,,,,,,,,,,,,,,,,,,,,,,,,,,,,,,,,,,,,,,,,,,,,,,,,,,,,,,,,,,,,,,,,,,,,,
Standard_B32s_v2,Intel Xeon Platinum 8473C (Sapphire Rapids) [x86-64] Intel Xeon Platinum 8370C (Ice Lake) [x86-64]  Intel Xeon Platinum 8573C (Emerald Rapids) [x86-64],32,128,,,,,,,32,"51,200",,"80,000",,,,,,4,,Supported,Supported,Supported,Supported,Supported,Supported,Supported,Not Supported,,Not Supported,,,,,,,"6,250",,,40%,960,768,"18,432",600,960,,,,,,,,,,,,,,,,,,,,,,,,,,,,,,,,,,,,,,,,,,,,,,,,,,,,,,,,,,,,,,,,,,,,,,,,,,,,,,,,,,,,,,,,,,,,,
Standard_B1ls2,Intel Xeon Platinum 8370C (Ice Lake) [x86-64] Intel Xeon Platinum 8272CL (Cascade Lake) [x86-64] Intel Xeon 8171M (Skylake) [x86-64] Intel Xeon E5-2673 v4 (Broadwell) [x86-64] Intel Xeon E5-2673 v3 (Haswell) [x86-64],1,0.5,1,4,,,,,2,160,,"4,000",,,,,,2,,Supported,Not Supported,Supported,Supported,Supported,Supported,Supported,Supported,,Not Supported,,,,,,,,,,,,,,10,100,,,,,,,,,,,,,,,,,,,,,,,,,,,,,,,,,,,,,,,,,,,,,,,,,,,,,,,,,,,,,,,,,,,,,,,,,,,,,,,,,,,,,,,,,,,,,
Standard_B1s,Intel Xeon Platinum 8370C (Ice Lake) [x86-64] Intel Xeon Platinum 8272CL (Cascade Lake) [x86-64] Intel Xeon 8171M (Skylake) [x86-64] Intel Xeon E5-2673 v4 (Broadwell) [x86-64] Intel Xeon E5-2673 v3 (Haswell) [x86-64],1,1,1,4,,,,,2,320,,"4,000",,,,,,2,,Supported,Not Supported,Supported,Supported,Supported,Supported,Supported,Supported,,Not Supported,,,,,,,,,,10%,30,6,144,10,100,,,,,,,,,,,,,,,,,,,,,,,,,,,,,,,,,,,,,,,,,,,,,,,,,,,,,,,,,,,,,,,,,,,,,,,,,,,,,,,,,,,,,,,,,,,,,
Standard_B1ms,Intel Xeon Platinum 8370C (Ice Lake) [x86-64] Intel Xeon Platinum 8272CL (Cascade Lake) [x86-64] Intel Xeon 8171M (Skylake) [x86-64] Intel Xeon E5-2673 v4 (Broadwell) [x86-64] Intel Xeon E5-2673 v3 (Haswell) [x86-64],1,2,1,4,,,,,2,640,,"4,000",,,,,,2,,Supported,Not Supported,Supported,Supported,Supported,Supported,Supported,Supported,,Not Supported,,,,,,,,,,20%,30,12,288,10,100,,,,,,,,,,,,,,,,,,,,,,,,,,,,,,,,,,,,,,,,,,,,,,,,,,,,,,,,,,,,,,,,,,,,,,,,,,,,,,,,,,,,,,,,,,,,,
Standard_B2s,Intel Xeon Platinum 8370C (Ice Lake) [x86-64] Intel Xeon Platinum 8272CL (Cascade Lake) [x86-64] Intel Xeon 8171M (Skylake) [x86-64] Intel Xeon E5-2673 v4 (Broadwell) [x86-64] Intel Xeon E5-2673 v3 (Haswell) [x86-64],2,4,1,8,,,,,4,"1,280",,"4,000",,,,,,3,,Supported,Not Supported,Supported,Supported,Supported,Supported,Supported,Supported,,Not Supported,,,,,,,,,,20%,60,24,576,15,100,,,,,,,,,,,,,,,,,,,,,,,,,,,,,,,,,,,,,,,,,,,,,,,,,,,,,,,,,,,,,,,,,,,,,,,,,,,,,,,,,,,,,,,,,,,,,
Standard_B2ms,Intel Xeon Platinum 8370C (Ice Lake) [x86-64] Intel Xeon Platinum 8272CL (Cascade Lake) [x86-64] Intel Xeon 8171M (Skylake) [x86-64] Intel Xeon E5-2673 v4 (Broadwell) [x86-64] Intel Xeon E5-2673 v3 (Haswell) [x86-64],2,8,1,16,,,,,4,1920,,"4,000",,,,,,3,,Supported,Not Supported,Supported,Supported,Supported,Supported,Supported,Supported,,Not Supported,,,,,,,,,,30%,60,36,864,22.5,100,,,,,,,,,,,,,,,,,,,,,,,,,,,,,,,,,,,,,,,,,,,,,,,,,,,,,,,,,,,,,,,,,,,,,,,,,,,,,,,,,,,,,,,,,,,,,
Standard_B4ms,Intel Xeon Platinum 8370C (Ice Lake) [x86-64] Intel Xeon Platinum 8272CL (Cascade Lake) [x86-64] Intel Xeon 8171M (Skylake) [x86-64] Intel Xeon E5-2673 v4 (Broadwell) [x86-64] Intel Xeon E5-2673 v3 (Haswell) [x86-64],4,16,1,32,,,,,8,"2,880",,"8,000",,,,,,4,,Supported,Not Supported,Supported,Supported,Supported,Supported,Supported,Supported,,Not Supported,,,,,,,,,,22.5%,120,54,"1,296",35,200,,,,,,,,,,,,,,,,,,,,,,,,,,,,,,,,,,,,,,,,,,,,,,,,,,,,,,,,,,,,,,,,,,,,,,,,,,,,,,,,,,,,,,,,,,,,,
Standard_B8ms,Intel Xeon Platinum 8370C (Ice Lake) [x86-64] Intel Xeon Platinum 8272CL (Cascade Lake) [x86-64] Intel Xeon 8171M (Skylake) [x86-64] Intel Xeon E5-2673 v4 (Broadwell) [x86-64] Intel Xeon E5-2673 v3 (Haswell) [x86-64],8,32,1,64,,,,,16,"4,320",,"8,000",,,,,,4,,Supported,Not Supported,Supported,Supported,Supported,Supported,Supported,Supported,,Not Supported,,,,,,,,,,17%,240,81,1994,50,200,,,,,,,,,,,,,,,,,,,,,,,,,,,,,,,,,,,,,,,,,,,,,,,,,,,,,,,,,,,,,,,,,,,,,,,,,,,,,,,,,,,,,,,,,,,,,
Standard_B12ms,Intel Xeon Platinum 8370C (Ice Lake) [x86-64] Intel Xeon Platinum 8272CL (Cascade Lake) [x86-64] Intel Xeon 8171M (Skylake) [x86-64] Intel Xeon E5-2673 v4 (Broadwell) [x86-64] Intel Xeon E5-2673 v3 (Haswell) [x86-64],12,48,1,96,,,,,16,"4,320",,"16,000",,,,,,6,,Supported,Not Supported,Supported,Supported,Supported,Supported,Supported,Supported,,Not Supported,,,,,,,,,,17%,360,121,"2,908",50,400,,,,,,,,,,,,,,,,,,,,,,,,,,,,,,,,,,,,,,,,,,,,,,,,,,,,,,,,,,,,,,,,,,,,,,,,,,,,,,,,,,,,,,,,,,,,,
Standard_B16ms,Intel Xeon Platinum 8370C (Ice Lake) [x86-64] Intel Xeon Platinum 8272CL (Cascade Lake) [x86-64] Intel Xeon 8171M (Skylake) [x86-64] Intel Xeon E5-2673 v4 (Broadwell) [x86-64] Intel Xeon E5-2673 v3 (Haswell) [x86-64],16,64,1,128,,,,,32,"4,320",,"16,000",,,,,,8,,Supported,Not Supported,Supported,Supported,Supported,Supported,Supported,Supported,,Not Supported,,,,,,,,,,17%,480,162,"3,888",50,400,,,,,,,,,,,,,,,,,,,,,,,,,,,,,,,,,,,,,,,,,,,,,,,,,,,,,,,,,,,,,,,,,,,,,,,,,,,,,,,,,,,,,,,,,,,,,
Standard_B20ms,Intel Xeon Platinum 8370C (Ice Lake) [x86-64] Intel Xeon Platinum 8272CL (Cascade Lake) [x86-64] Intel Xeon 8171M (Skylake) [x86-64] Intel Xeon E5-2673 v4 (Broadwell) [x86-64] Intel Xeon E5-2673 v3 (Haswell) [x86-64],20,80,1,160,,,,,32,"4,320",,"16,000",,,,,,8,,Supported,Not Supported,Supported,Supported,Supported,Supported,Supported,Supported,,Not Supported,,,,,,,,,,17%,600,202,"4,867",50,400,,,,,,,,,,,,,,,,,,,,,,,,,,,,,,,,,,,,,,,,,,,,,,,,,,,,,,,,,,,,,,,,,,,,,,,,,,,,,,,,,,,,,,,,,,,,,
Standard_B1ls,Intel Xeon Platinum 8370C (Ice Lake) [x86-64] Intel Xeon Platinum 8272CL (Cascade Lake) [x86-64] Intel Xeon 8171M (Skylake) [x86-64] Intel Xeon E5-2673 v4 (Broadwell) [x86-64] Intel Xeon E5-2673 v3 (Haswell) [x86-64],,,,,,,,,,,,,,,,,,,,Supported,Not Supported,Supported,Supported,Supported,Supported,Supported,Supported,,Not Supported,,,,,,,,,,5%,30,3,72,,,,,,,,,,,,,,,,,,,,,,,,,,,,,,,,,,,,,,,,,,,,,,,,,,,,,,,,,,,,,,,,,,,,,,,,,,,,,,,,,,,,,,,,,,,,,,,
Standard_D2ads_v5,"AMD EPYC 7763v (Milan) [x86-64] , AMD EPYC 9004 (Genoa) [x86-64]",2,8,1,75,"9,000",,,,4,"3,750",,"10,000",,,,,,2,,Supported,Supported,Supported,Supported,Supported,Supported,Supported,Supported,,Supported,,,,,125,,"12,500",,,,,,,82,600,Supported,,,,,,,,,,,,,,,,,,,,,,,,,,,,,,,,,,,,,,,,,,,,,,,,,,,,,,,,,,,,,,,,,,,,,,,,,,,,,,,,,,,,,,,,,,,,
Standard_D4ads_v5,"AMD EPYC 7763v (Milan) [x86-64] , AMD EPYC 9004 (Genoa) [x86-64]",4,16,1,150,"19,000",,,,8,"6,400",,"20,000",,,,,,2,,Supported,Supported,Supported,Supported,Supported,Supported,Supported,Supported,,Supported,,,,,250,,"12,500",,,,,,,144,600,Supported,,,,,,,,,,,,,,,,,,,,,,,,,,,,,,,,,,,,,,,,,,,,,,,,,,,,,,,,,,,,,,,,,,,,,,,,,,,,,,,,,,,,,,,,,,,,
Standard_D8ads_v5,"AMD EPYC 7763v (Milan) [x86-64] , AMD EPYC 9004 (Genoa) [x86-64]",8,32,1,300,"38,000",,,,16,"12,800",,"20,000",,,,,,4,,Supported,Supported,Supported,Supported,Supported,Supported,Supported,Supported,,Supported,,,,,500,,"12,500",,,,,,,200,600,Supported,,,,,,,,,,,,,,,,,,,,,,,,,,,,,,,,,,,,,,,,,,,,,,,,,,,,,,,,,,,,,,,,,,,,,,,,,,,,,,,,,,,,,,,,,,,,
Standard_D16ads_v5,"AMD EPYC 7763v (Milan) [x86-64] , AMD EPYC 9004 (Genoa) [x86-64]",16,64,1,600,"75,000",,,,32,"25,600",,"40,000",,,,,,8,,Supported,Supported,Supported,Supported,Supported,Supported,Supported,Supported,,Supported,,,,,"1,000",,"12,500",,,,,,,384,800,Supported,,,,,,,,,,,,,,,,,,,,,,,,,,,,,,,,,,,,,,,,,,,,,,,,,,,,,,,,,,,,,,,,,,,,,,,,,,,,,,,,,,,,,,,,,,,,
Standard_D32ads_v5,"AMD EPYC 7763v (Milan) [x86-64] , AMD EPYC 9004 (Genoa) [x86-64]",32,128,1,"1,200","150,000",,,,32,"51,200",,"80,000",,,,,,8,,Supported,Supported,Supported,Supported,Supported,Supported,Supported,Supported,,Supported,,,,,2000,,"16,000",,,,,,,768,"1,000",Supported,,,,,,,,,,,,,,,,,,,,,,,,,,,,,,,,,,,,,,,,,,,,,,,,,,,,,,,,,,,,,,,,,,,,,,,,,,,,,,,,,,,,,,,,,,,,
Standard_D48ads_v5,"AMD EPYC 7763v (Milan) [x86-64] , AMD EPYC 9004 (Genoa) [x86-64]",48,192,1,"1,800","225,000",,,,32,"76,800",,"80,000",,,,,,8,,Supported,Supported,Supported,Supported,Supported,Supported,Supported,Supported,,Supported,,,,,"3,000",,"24,000",,,,,,,"1,152",2000,Supported,,,,,,,,,,,,,,,,,,,,,,,,,,,,,,,,,,,,,,,,,,,,,,,,,,,,,,,,,,,,,,,,,,,,,,,,,,,,,,,,,,,,,,,,,,,,
Standard_D64ads_v5,"AMD EPYC 7763v (Milan) [x86-64] , AMD EPYC 9004 (Genoa) [x86-64]",64,256,1,"2,400","300,000",,,,32,"80,000",,"80,000",,,,,,8,,Supported,Supported,Supported,Supported,Supported,Supported,Supported,Supported,,Supported,,,,,"4,000",,"32,000",,,,,,,"1,200",2000,Supported,,,,,,,,,,,,,,,,,,,,,,,,,,,,,,,,,,,,,,,,,,,,,,,,,,,,,,,,,,,,,,,,,,,,,,,,,,,,,,,,,,,,,,,,,,,,
Standard_D96ads_v5,"AMD EPYC 7763v (Milan) [x86-64] , AMD EPYC 9004 (Genoa) [x86-64]",96,384,1,"3,600","450,000",,,,32,"80,000",,"80,000",,,,,,8,,Supported,Supported,Supported,Supported,Supported,Supported,Supported,Supported,,Supported,,,,,"4,000",,"40,000",,,,,,,"1,600",2000,Supported,,,,,,,,,,,,,,,,,,,,,,,,,,,,,,,,,,,,,,,,,,,,,,,,,,,,,,,,,,,,,,,,,,,,,,,,,,,,,,,,,,,,,,,,,,,,
Standard_D2ads_v6,AMD EPYC 9004 (Genoa) [x86-64],2,8,1,,,,,,4,"4,000",,"20,000",,"4,000",,"20,000",,2,,Supported,Supported,Supported,Supported,Supported,Not Supported,Supported,Supported,Supported,Supported,,,,,,,"12,500",,,,,,,90,"1,250",,110,"37,500",180,90,"1,250",Not Supported,Not Supported,,,,,,,,,,,,,,,,,,,,,,,,,,,,,,,,,,,,,,,,,,,,,,,,,,,,,,,,,,,,,,,,,,,,,,,,,,,,,,,,,,,,,
Standard_D4ads_v6,AMD EPYC 9004 (Genoa) [x86-64],4,16,1,,,,,,8,"7,600",,"20,000",,"7,600",,"20,000",,2,,Supported,Supported,Supported,Supported,Supported,Not Supported,Supported,Supported,Supported,Supported,,,,,,,"12,500",,,,,,,180,"1,250",,220,"75,000",360,180,"1,250",Not Supported,Not Supported,,,,,,,,,,,,,,,,,,,,,,,,,,,,,,,,,,,,,,,,,,,,,,,,,,,,,,,,,,,,,,,,,,,,,,,,,,,,,,,,,,,,,
Standard_D8ads_v6,AMD EPYC 9004 (Genoa) [x86-64],8,32,1,,,,,,16,"15,200",,"20,000",,"15,200",,"20,000",,4,,Supported,Supported,Supported,Supported,Supported,Not Supported,Supported,Supported,Supported,Supported,,,,,,,"12,500",,,,,,,360,"1,250",,440,"150,000",720,360,"1,250",Not Supported,Not Supported,,,,,,,,,,,,,,,,,,,,,,,,,,,,,,,,,,,,,,,,,,,,,,,,,,,,,,,,,,,,,,,,,,,,,,,,,,,,,,,,,,,,,
Standard_D16ads_v6,AMD EPYC 9004 (Genoa) [x86-64],16,64,2,,,,,,32,"30,400",,"40,000",,"30,400",,"40,000",,8,,Supported,Supported,Supported,Supported,Supported,Not Supported,Supported,Supported,Supported,Supported,,,,,,,"16,000",,,,,,,720,"1,250",,440,"300,000","1,440",720,"1,250",Not Supported,Not Supported,,,,,,,,,,,,,,,,,,,,,,,,,,,,,,,,,,,,,,,,,,,,,,,,,,,,,,,,,,,,,,,,,,,,,,,,,,,,,,,,,,,,,
Standard_D32ads_v6,AMD EPYC 9004 (Genoa) [x86-64],32,128,4,,,,,,32,"57,600",,"80,000",,"57,600",,"80,000",,8,,Supported,Supported,Supported,Supported,Supported,Not Supported,Supported,Supported,Supported,Supported,,,,,,,"20,000",,,,,,,"1,440","1,700",,440,"600,000","2,880","1,440","1,700",Not Supported,Not Supported,,,,,,,,,,,,,,,,,,,,,,,,,,,,,,,,,,,,,,,,,,,,,,,,,,,,,,,,,,,,,,,,,,,,,,,,,,,,,,,,,,,,,
Standard_D48ads_v6,AMD EPYC 9004 (Genoa) [x86-64],48,192,6,,,,,,32,"86,400",,"90,000",,"86,400",,"90,000",,8,,Supported,Supported,Supported,Supported,Supported,Not Supported,Supported,Supported,Supported,Supported,,,,,,,"28,000",,,,,,,"2,160","2,550",,440,"900,000","4,320","2,160","2,550",Not Supported,Not Supported,,,,,,,,,,,,,,,,,,,,,,,,,,,,,,,,,,,,,,,,,,,,,,,,,,,,,,,,,,,,,,,,,,,,,,,,,,,,,,,,,,,,,
Standard_D64ads_v6,AMD EPYC 9004 (Genoa) [x86-64],64,256,4,,,,,,32,"115,200",,"120,000",,"115,200",,"120,000",,8,,Supported,Supported,Supported,Supported,Supported,Not Supported,Supported,Supported,Supported,Supported,,,,,,,"36,000",,,,,,,"2,880","3,400",,880,"1,200,000","5,760","2,880","3,400",Not Supported,Not Supported,,,,,,,,,,,,,,,,,,,,,,,,,,,,,,,,,,,,,,,,,,,,,,,,,,,,,,,,,,,,,,,,,,,,,,,,,,,,,,,,,,,,,
Standard_D96ads_v6,AMD EPYC 9004 (Genoa) [x86-64],96,384,6,,,,,,32,"175,000",,"175,000",,"175,000",,"175,000",,8,,Supported,Supported,Supported,Supported,Supported,Not Supported,Supported,Supported,Supported,Supported,,,,,,,"40,000",,,,,,,"4,320","5,090",,880,"1,800,000","8,640","4,320","5,090",Not Supported,Not Supported,,,,,,,,,,,,,,,,,,,,,,,,,,,,,,,,,,,,,,,,,,,,,,,,,,,,,,,,,,,,,,,,,,,,,,,,,,,,,,,,,,,,,
Standard_D2ads_v7,AMD EPYC 9005 (Turin) [x86-64],2,8,1,110,,,"15,000",,10,"4,000",,"44,000",,"4,400",,"48,400",,2,,Supported,Supported,Supported,Supported,Supported,Not Supported,Supported,Supported,Supported,Supported,,,,,,140,"16,000",,,,,,,118,"1,412",,,,,136,"1,653",,,"37,500",280,,,,,,,,,,,,,,,,,,,,,,,,,,,,,,,,,,,,,,,,,,,,,,,,,,,,,,,,,,,,,,,,,,,,,,,,,,,,,,,,,,,
Standard_D4ads_v7,AMD EPYC 9005 (Turin) [x86-64],4,16,1,220,,,"30,000",,12,"8,000",,"47,200",,"8,800",,"52,083",,2,,Supported,Supported,Supported,Supported,Supported,Not Supported,Supported,Supported,Supported,Supported,,,,,,280,"16,000",,,,,,,234,"1,412",,,,,273,"1,653",,,"75,000",560,,,,,,,,,,,,,,,,,,,,,,,,,,,,,,,,,,,,,,,,,,,,,,,,,,,,,,,,,,,,,,,,,,,,,,,,,,,,,,,,,,,
Standard_D8ads_v7,AMD EPYC 9005 (Turin) [x86-64],8,32,1,440,,,"60,000",,26,"16,000",,"47,200",,"17,600",,"52,083",,4,,Supported,Supported,Supported,Supported,Supported,Not Supported,Supported,Supported,Supported,Supported,,,,,,560,"25,000",,,,,,,468,"1,412",,,,,547,"1,653",,,"150,000","1,120",,,,,,,,,,,,,,,,,,,,,,,,,,,,,,,,,,,,,,,,,,,,,,,,,,,,,,,,,,,,,,,,,,,,,,,,,,,,,,,,,,,
Standard_D16ads_v7,AMD EPYC 9005 (Turin) [x86-64],16,64,2,440,,,"120,000",,48,"32,000",,"72,700",,"35,200",,"80,000",,8,,Supported,Supported,Supported,Supported,Supported,Not Supported,Supported,Supported,Supported,Supported,,,,,,"1,120","25,000",,,,,,,936,"1,412",,,,,"1,095","1,653",,,"300,000","2,240",,,,,,,,,,,,,,,,,,,,,,,,,,,,,,,,,,,,,,,,,,,,,,,,,,,,,,,,,,,,,,,,,,,,,,,,,,,,,,,,,,,
Standard_D32ads_v7,AMD EPYC 9005 (Turin) [x86-64],32,128,4,440,,,"240,000",,64,"64,000",,"94,400",,"70,400",,"104,167",,8,,Supported,Supported,Supported,Supported,Supported,Not Supported,Supported,Supported,Supported,Supported,,,,,,"2,240","25,000",,,,,,,"1,872",1916,,,,,"2,191","2,241",,,"600,000","4,480",,,,,,,,,,,,,,,,,,,,,,,,,,,,,,,,,,,,,,,,,,,,,,,,,,,,,,,,,,,,,,,,,,,,,,,,,,,,,,,,,,,
Standard_D48ads_v7,AMD EPYC 9005 (Turin) [x86-64],48,192,6,440,,,"360,000",,64,"96,000",,"99,000",,"105,600",,"108,900",,8,,Supported,Supported,Supported,Supported,Supported,Not Supported,Supported,Supported,Supported,Supported,,,,,,"3,360","35,000",,,,,,,"2,808","2,874",,,,,"3,291","3,362",,,"900,000","6,720",,,,,,,,,,,,,,,,,,,,,,,,,,,,,,,,,,,,,,,,,,,,,,,,,,,,,,,,,,,,,,,,,,,,,,,,,,,,,,,,,,,
Standard_D64ads_v7,AMD EPYC 9005 (Turin) [x86-64],64,256,4,880,,,"480,000",,64,"128,000",,"132,000",,"140,800",,"145,200",,8,,Supported,Supported,Supported,Supported,Supported,Not Supported,Supported,Supported,Supported,Supported,,,,,,"4,480","45,000",,,,,,,"3,744","3,832",,,,,"4,382","4,484",,,"1,200,000","8,960",,,,,,,,,,,,,,,,,,,,,,,,,,,,,,,,,,,,,,,,,,,,,,,,,,,,,,,,,,,,,,,,,,,,,,,,,,,,,,,,,,,
Standard_D96ads_v7,AMD EPYC 9005 (Turin) [x86-64],96,384,6,880,,,"720,000",,64,"192,000",,"192,500",,"211,200",,"211,750",,8,,Supported,Supported,Supported,Supported,Supported,Not Supported,Supported,Supported,Supported,Supported,,,,,,"6,720","70,000",,,,,,,"5,663","5,749",,,,,"6,573","6,669",,,"1,800,000","13,440",,,,,,,,,,,,,,,,,,,,,,,,,,,,,,,,,,,,,,,,,,,,,,,,,,,,,,,,,,,,,,,,,,,,,,,,,,,,,,,,,,,
Standard_D128ads_v7,AMD EPYC 9005 (Turin) [x86-64],128,512,4,"1,760",,,"960,000",,64,"204,800",,"225,280",,"281,600",,"310,886",,15,,Supported,Supported,Supported,Supported,Supported,Not Supported,Supported,Supported,Supported,Supported,,,,,,"8,960","75,000",,,,,,,"7,488","7,663",,,,,"8,764","8,966",,,"2,400,000","17,920",,,,,,,,,,,,,,,,,,,,,,,,,,,,,,,,,,,,,,,,,,,,,,,,,,,,,,,,,,,,,,,,,,,,,,,,,,,,,,,,,,,
Standard_D160ads_v7,AMD EPYC 9005 (Turin) [x86-64],160,640,4,"2,200",,,"1,200,000",,64,"212,000",,"242,640",,"310,000",,"355,443",,15,,Supported,Supported,Supported,Supported,Supported,Not Supported,Supported,Supported,Supported,Supported,,,,,,"11,200","80,000",,,,,,,"10,344","11,410",,,,,"10,356","11,450",,,"3,000,000","22,400",,,,,,,,,,,,,,,,,,,,,,,,,,,,,,,,,,,,,,,,,,,,,,,,,,,,,,,,,,,,,,,,,,,,,,,,,,,,,,,,,,,
Standard_D2alds_v6,AMD EPYC 9004 (Genoa) [x86-64],2,4,1,,,,,,4,"4,000",,"20,000",,"4,000",,"20,000",,2,,Supported,Supported,Supported,Supported,Supported,Not Supported,Supported,Supported,Supported,Supported,,,,,,,"12,500",,,,,,,90,"1,250",,110,"37,500",180,90,"1,250",Not Supported,Not Supported,,,,,,,,,,,,,,,,,,,,,,,,,,,,,,,,,,,,,,,,,,,,,,,,,,,,,,,,,,,,,,,,,,,,,,,,,,,,,,,,,,,,,
Standard_D4alds_v6,AMD EPYC 9004 (Genoa) [x86-64],4,8,1,,,,,,8,"7,600",,"20,000",,"7,600",,"20,000",,2,,Supported,Supported,Supported,Supported,Supported,Not Supported,Supported,Supported,Supported,Supported,,,,,,,"12,500",,,,,,,180,"1,250",,220,"75,000",360,180,"1,250",Not Supported,Not Supported,,,,,,,,,,,,,,,,,,,,,,,,,,,,,,,,,,,,,,,,,,,,,,,,,,,,,,,,,,,,,,,,,,,,,,,,,,,,,,,,,,,,,
Standard_D8alds_v6,AMD EPYC 9004 (Genoa) [x86-64],8,16,1,,,,,,16,"15,200",,"20,000",,"15,200",,"20,000",,4,,Supported,Supported,Supported,Supported,Supported,Not Supported,Supported,Supported,Supported,Supported,,,,,,,"12,500",,,,,,,360,"1,250",,440,"150,000",720,360,"1,250",Not Supported,Not Supported,,,,,,,,,,,,,,,,,,,,,,,,,,,,,,,,,,,,,,,,,,,,,,,,,,,,,,,,,,,,,,,,,,,,,,,,,,,,,,,,,,,,,
Standard_D16alds_v6,AMD EPYC 9004 (Genoa) [x86-64],16,32,2,,,,,,32,"30,400",,"40,000",,"30,400",,"40,000",,8,,Supported,Supported,Supported,Supported,Supported,Not Supported,Supported,Supported,Supported,Supported,,,,,,,"16,000",,,,,,,720,"1,250",,440,"300,000","1,440",720,"1,250",Not Supported,Not Supported,,,,,,,,,,,,,,,,,,,,,,,,,,,,,,,,,,,,,,,,,,,,,,,,,,,,,,,,,,,,,,,,,,,,,,,,,,,,,,,,,,,,,
Standard_D32alds_v6,AMD EPYC 9004 (Genoa) [x86-64],32,64,4,,,,,,32,"57,600",,"80,000",,"57,600",,"80,000",,8,,Supported,Supported,Supported,Supported,Supported,Not Supported,Supported,Supported,Supported,Supported,,,,,,,"20,000",,,,,,,"1,440","1,700",,440,"600,000","2,880","1,440","1,700",Not Supported,Not Supported,,,,,,,,,,,,,,,,,,,,,,,,,,,,,,,,,,,,,,,,,,,,,,,,,,,,,,,,,,,,,,,,,,,,,,,,,,,,,,,,,,,,,
Standard_D48alds_v6,AMD EPYC 9004 (Genoa) [x86-64],48,96,6,,,,,,32,"86,400",,"90,000",,"86,400",,"90,000",,8,,Supported,Supported,Supported,Supported,Supported,Not Supported,Supported,Supported,Supported,Supported,,,,,,,"28,000",,,,,,,"2,160","2,550",,440,"900,000","4,320","2,160","2,550",Not Supported,Not Supported,,,,,,,,,,,,,,,,,,,,,,,,,,,,,,,,,,,,,,,,,,,,,,,,,,,,,,,,,,,,,,,,,,,,,,,,,,,,,,,,,,,,,
Standard_D64alds_v6,AMD EPYC 9004 (Genoa) [x86-64],64,128,4,,,,,,32,"115,200",,"120,000",,"115,200",,"120,000",,8,,Supported,Supported,Supported,Supported,Supported,Not Supported,Supported,Supported,Supported,Supported,,,,,,,"36,000",,,,,,,"2,880","3,400",,880,"1,200,000","5,760","2,880","3,400",Not Supported,Not Supported,,,,,,,,,,,,,,,,,,,,,,,,,,,,,,,,,,,,,,,,,,,,,,,,,,,,,,,,,,,,,,,,,,,,,,,,,,,,,,,,,,,,,
Standard_D96alds_v6,AMD EPYC 9004 (Genoa) [x86-64],96,192,6,,,,,,32,"175,000",,"175,000",,"175,000",,"175,000",,8,,Supported,Supported,Supported,Supported,Supported,Not Supported,Supported,Supported,Supported,Supported,,,,,,,"40,000",,,,,,,"4,320","5,090",,880,"1,800,000","8,640","4,320","5,090",Not Supported,Not Supported,,,,,,,,,,,,,,,,,,,,,,,,,,,,,,,,,,,,,,,,,,,,,,,,,,,,,,,,,,,,,,,,,,,,,,,,,,,,,,,,,,,,,
Standard_D2alds_v7,AMD EPYC 9005 (Turin) [x86-64],2,4,1,110,"37,500",,"15,000",,10,"4,000",,"44,000",,"4,400",,"48,400",,2,,Supported,Supported,Supported,Supported,Supported,Not Supported,Supported,Supported,Supported,Supported,,,,,280,140,"16,000",,,,,,,118,"1,412",,,,,136,"1,653",,,,,,,,,,,,,,,,,,,,,,,,,,,,,,,,,,,,,,,,,,,,,,,,,,,,,,,,,,,,,,,,,,,,,,,,,,,,,,,,,,,,,,,
Standard_D4alds_v7,AMD EPYC 9005 (Turin) [x86-64],4,8,1,220,"75,000",,"30,000",,12,"8,000",,"47,200",,"8,800",,"52,083",,2,,Supported,Supported,Supported,Supported,Supported,Not Supported,Supported,Supported,Supported,Supported,,,,,560,280,"16,000",,,,,,,234,"1,412",,,,,273,"1,653",,,,,,,,,,,,,,,,,,,,,,,,,,,,,,,,,,,,,,,,,,,,,,,,,,,,,,,,,,,,,,,,,,,,,,,,,,,,,,,,,,,,,,,
Standard_D8alds_v7,AMD EPYC 9005 (Turin) [x86-64],8,16,1,440,"150,000",,"60,000",,26,"16,000",,"47,200",,"17,600",,"52,083",,4,,Supported,Supported,Supported,Supported,Supported,Not Supported,Supported,Supported,Supported,Supported,,,,,"1,120",560,"25,000",,,,,,,468,"1,412",,,,,547,"1,653",,,,,,,,,,,,,,,,,,,,,,,,,,,,,,,,,,,,,,,,,,,,,,,,,,,,,,,,,,,,,,,,,,,,,,,,,,,,,,,,,,,,,,,
Standard_D16alds_v7,AMD EPYC 9005 (Turin) [x86-64],16,32,2,440,"300,000",,"120,000",,48,"32,000",,"72,700",,"35,200",,"80,000",,8,,Supported,Supported,Supported,Supported,Supported,Not Supported,Supported,Supported,Supported,Supported,,,,,"2,240","1,120","25,000",,,,,,,936,"1,412",,,,,"1,095","1,653",,,,,,,,,,,,,,,,,,,,,,,,,,,,,,,,,,,,,,,,,,,,,,,,,,,,,,,,,,,,,,,,,,,,,,,,,,,,,,,,,,,,,,,
Standard_D32alds_v7,AMD EPYC 9005 (Turin) [x86-64],32,64,4,440,"600,000",,"240,000",,64,"64,000",,"94,400",,"70,400",,"104,167",,8,,Supported,Supported,Supported,Supported,Supported,Not Supported,Supported,Supported,Supported,Supported,,,,,"4,480","2,240","25,000",,,,,,,"1,872",1916,,,,,"2,191","2,241",,,,,,,,,,,,,,,,,,,,,,,,,,,,,,,,,,,,,,,,,,,,,,,,,,,,,,,,,,,,,,,,,,,,,,,,,,,,,,,,,,,,,,,
Standard_D48alds_v7,AMD EPYC 9005 (Turin) [x86-64],48,96,6,440,"900,000",,"360,000",,64,"96,000",,"99,000",,"105,600",,"108,900",,8,,Supported,Supported,Supported,Supported,Supported,Not Supported,Supported,Supported,Supported,Supported,,,,,"6,720","3,360","35,000",,,,,,,"2,808","2,874",,,,,"3,291","3,362",,,,,,,,,,,,,,,,,,,,,,,,,,,,,,,,,,,,,,,,,,,,,,,,,,,,,,,,,,,,,,,,,,,,,,,,,,,,,,,,,,,,,,,
Standard_D64alds_v7,AMD EPYC 9005 (Turin) [x86-64],64,128,4,880,"1,200,000",,"480,000",,64,"128,000",,"132,000",,"140,800",,"145,200",,8,,Supported,Supported,Supported,Supported,Supported,Not Supported,Supported,Supported,Supported,Supported,,,,,"8,960","4,480","45,000",,,,,,,"3,744","3,832",,,,,"4,382","4,484",,,,,,,,,,,,,,,,,,,,,,,,,,,,,,,,,,,,,,,,,,,,,,,,,,,,,,,,,,,,,,,,,,,,,,,,,,,,,,,,,,,,,,,
Standard_D96alds_v7,AMD EPYC 9005 (Turin) [x86-64],96,192,6,880,"1,800,000",,"720,000",,64,"192,000",,"192,500",,"211,200",,"211,750",,8,,Supported,Supported,Supported,Supported,Supported,Not Supported,Supported,Supported,Supported,Supported,,,,,"13,440","6,720","70,000",,,,,,,"5,663","5,749",,,,,"6,573","6,669",,,,,,,,,,,,,,,,,,,,,,,,,,,,,,,,,,,,,,,,,,,,,,,,,,,,,,,,,,,,,,,,,,,,,,,,,,,,,,,,,,,,,,,
Standard_D128alds_v7,AMD EPYC 9005 (Turin) [x86-64],128,256,4,"1,760","2,400,000",,"960,000",,64,"204,800",,"225,280",,"281,600",,"310,886",,15,,Supported,Supported,Supported,Supported,Supported,Not Supported,Supported,Supported,Supported,Supported,,,,,"17,920","8,960","75,000",,,,,,,"7,488","7,663",,,,,"8,764","8,966",,,,,,,,,,,,,,,,,,,,,,,,,,,,,,,,,,,,,,,,,,,,,,,,,,,,,,,,,,,,,,,,,,,,,,,,,,,,,,,,,,,,,,,
Standard_D160alds_v7,AMD EPYC 9005 (Turin) [x86-64],160,320,4,"2,200","3,000,000",,"1,200,000",,64,"212,000",,"242,640",,"310,000",,"355,443",,15,,Supported,Supported,Supported,Supported,Supported,Not Supported,Supported,Supported,Supported,Supported,,,,,"22,400","11,200","80,000",,,,,,,"10,344","11,410",,,,,"10,356","11,450",,,,,,,,,,,,,,,,,,,,,,,,,,,,,,,,,,,,,,,,,,,,,,,,,,,,,,,,,,,,,,,,,,,,,,,,,,,,,,,,,,,,,,,
Standard_D2als_v6,AMD EPYC 9004 (Genoa) [x86-64],2,4,,,,,,,4,"4,000",,"20,000",,"4,000",,"20,000",,2,,Supported,Supported,Supported,Supported,Supported,Not Supported,Supported,Not Supported,,Supported,,,,,,,"12,500",,,,,,,90,"1,250",,,,,90,"1,250",,,,,,,,,,,,,,,,,,,,,,,,,,,,,,,,,,,,,,,,,,,,,,,,,,,,,,,,,,,,,,,,,,,,,,,,,,,,,,,,,,,,,,,
Standard_D4als_v6,AMD EPYC 9004 (Genoa) [x86-64],4,8,,,,,,,8,"7,600",,"20,000",,"7,600",,"20,000",,2,,Supported,Supported,Supported,Supported,Supported,Not Supported,Supported,Not Supported,,Supported,,,,,,,"12,500",,,,,,,180,"1,250",,,,,180,"1,250",,,,,,,,,,,,,,,,,,,,,,,,,,,,,,,,,,,,,,,,,,,,,,,,,,,,,,,,,,,,,,,,,,,,,,,,,,,,,,,,,,,,,,,
Standard_D8als_v6,AMD EPYC 9004 (Genoa) [x86-64],8,16,,,,,,,16,"15,200",,"20,000",,"15,200",,"20,000",,4,,Supported,Supported,Supported,Supported,Supported,Not Supported,Supported,Not Supported,,Supported,,,,,,,"12,500",,,,,,,360,"1,250",,,,,360,"1,250",,,,,,,,,,,,,,,,,,,,,,,,,,,,,,,,,,,,,,,,,,,,,,,,,,,,,,,,,,,,,,,,,,,,,,,,,,,,,,,,,,,,,,,
Standard_D16als_v6,AMD EPYC 9004 (Genoa) [x86-64],16,32,,,,,,,32,"30,400",,"40,000",,"30,400",,"40,000",,8,,Supported,Supported,Supported,Supported,Supported,Not Supported,Supported,Not Supported,,Supported,,,,,,,"16,000",,,,,,,720,"1,250",,,,,720,"1,250",,,,,,,,,,,,,,,,,,,,,,,,,,,,,,,,,,,,,,,,,,,,,,,,,,,,,,,,,,,,,,,,,,,,,,,,,,,,,,,,,,,,,,,
Standard_D32als_v6,AMD EPYC 9004 (Genoa) [x86-64],32,64,,,,,,,32,"57,600",,"80,000",,"57,600",,"80,000",,8,,Supported,Supported,Supported,Supported,Supported,Not Supported,Supported,Not Supported,,Supported,,,,,,,"20,000",,,,,,,"1,440","1,700",,,,,"1,440","1,700",,,,,,,,,,,,,,,,,,,,,,,,,,,,,,,,,,,,,,,,,,,,,,,,,,,,,,,,,,,,,,,,,,,,,,,,,,,,,,,,,,,,,,,
Standard_D48als_v6,AMD EPYC 9004 (Genoa) [x86-64],48,96,,,,,,,32,"86,400",,"90,000",,"86,400",,"90,000",,8,,Supported,Supported,Supported,Supported,Supported,Not Supported,Supported,Not Supported,,Supported,,,,,,,"28,000",,,,,,,"2,160","2,550",,,,,"2,160","2,550",,,,,,,,,,,,,,,,,,,,,,,,,,,,,,,,,,,,,,,,,,,,,,,,,,,,,,,,,,,,,,,,,,,,,,,,,,,,,,,,,,,,,,,
Standard_D64als_v6,AMD EPYC 9004 (Genoa) [x86-64],64,128,,,,,,,32,"115,200",,"120,000",,"115,200",,"120,000",,8,,Supported,Supported,Supported,Supported,Supported,Not Supported,Supported,Not Supported,,Supported,,,,,,,"36,000",,,,,,,"2,880","3,400",,,,,"2,880","3,400",,,,,,,,,,,,,,,,,,,,,,,,,,,,,,,,,,,,,,,,,,,,,,,,,,,,,,,,,,,,,,,,,,,,,,,,,,,,,,,,,,,,,,,
Standard_D96als_v6,AMD EPYC 9004 (Genoa) [x86-64],96,192,,,,,,,32,"175,000",,"175,000",,"175,000",,"175,000",,8,,Supported,Supported,Supported,Supported,Supported,Not Supported,Supported,Not Supported,,Supported,,,,,,,"40,000",,,,,,,"4,320","5,090",,,,,"4,320","5,090",,,,,,,,,,,,,,,,,,,,,,,,,,,,,,,,,,,,,,,,,,,,,,,,,,,,,,,,,,,,,,,,,,,,,,,,,,,,,,,,,,,,,,,
Standard_D2als_v7,AMD EPYC 9005 (Turin) [x86-64],2,4,,,,,,,10,"4,000",,"44,000",,"4,400",,"48,400",,2,,Supported,Supported,Supported,Supported,Supported,Not Supported,Supported,Not Supported,,Supported,,,,,,,"16,000",,,,,,,118,"1,412",,,,,136,"1,653",,,,,,,,,,,,,,,,,,,,,,,,,,,,,,,,,,,,,,,,,,,,,,,,,,,,,,,,,,,,,,,,,,,,,,,,,,,,,,,,,,,,,,,
Standard_D4als_v7,AMD EPYC 9005 (Turin) [x86-64],4,8,,,,,,,12,"8,000",,"47,200",,"8,800",,"52,083",,2,,Supported,Supported,Supported,Supported,Supported,Not Supported,Supported,Not Supported,,Supported,,,,,,,"16,000",,,,,,,234,"1,412",,,,,273,"1,653",,,,,,,,,,,,,,,,,,,,,,,,,,,,,,,,,,,,,,,,,,,,,,,,,,,,,,,,,,,,,,,,,,,,,,,,,,,,,,,,,,,,,,,
Standard_D8als_v7,AMD EPYC 9005 (Turin) [x86-64],8,16,,,,,,,26,"16,000",,"47,200",,"17,600",,"52,083",,4,,Supported,Supported,Supported,Supported,Supported,Not Supported,Supported,Not Supported,,Supported,,,,,,,"25,000",,,,,,,468,"1,412",,,,,547,"1,653",,,,,,,,,,,,,,,,,,,,,,,,,,,,,,,,,,,,,,,,,,,,,,,,,,,,,,,,,,,,,,,,,,,,,,,,,,,,,,,,,,,,,,,
Standard_D16als_v7,AMD EPYC 9005 (Turin) [x86-64],16,32,,,,,,,48,"32,000",,"72,700",,"35,200",,"80,000",,8,,Supported,Supported,Supported,Supported,Supported,Not Supported,Supported,Not Supported,,Supported,,,,,,,"25,000",,,,,,,936,"1,412",,,,,"1,095","1,653",,,,,,,,,,,,,,,,,,,,,,,,,,,,,,,,,,,,,,,,,,,,,,,,,,,,,,,,,,,,,,,,,,,,,,,,,,,,,,,,,,,,,,,
Standard_D32als_v7,AMD EPYC 9005 (Turin) [x86-64],32,64,,,,,,,64,"64,000",,"94,400",,"70,400",,"104,167",,8,,Supported,Supported,Supported,Supported,Supported,Not Supported,Supported,Not Supported,,Supported,,,,,,,"25,000",,,,,,,"1,872",1916,,,,,"2,191","2,241",,,,,,,,,,,,,,,,,,,,,,,,,,,,,,,,,,,,,,,,,,,,,,,,,,,,,,,,,,,,,,,,,,,,,,,,,,,,,,,,,,,,,,,
Standard_D48als_v7,AMD EPYC 9005 (Turin) [x86-64],48,96,,,,,,,64,"96,000",,"99,000",,"105,600",,"108,900",,8,,Supported,Supported,Supported,Supported,Supported,Not Supported,Supported,Not Supported,,Supported,,,,,,,"35,000",,,,,,,"2,808","2,874",,,,,"3,291","3,362",,,,,,,,,,,,,,,,,,,,,,,,,,,,,,,,,,,,,,,,,,,,,,,,,,,,,,,,,,,,,,,,,,,,,,,,,,,,,,,,,,,,,,,
Standard_D64als_v7,AMD EPYC 9005 (Turin) [x86-64],64,128,,,,,,,64,"128,000",,"132,000",,"140,800",,"145,200",,8,,Supported,Supported,Supported,Supported,Supported,Not Supported,Supported,Not Supported,,Supported,,,,,,,"45,000",,,,,,,"3,744","3,832",,,,,"4,382","4,484",,,,,,,,,,,,,,,,,,,,,,,,,,,,,,,,,,,,,,,,,,,,,,,,,,,,,,,,,,,,,,,,,,,,,,,,,,,,,,,,,,,,,,,
Standard_D96als_v7,AMD EPYC 9005 (Turin) [x86-64],96,192,,,,,,,64,"192,000",,"192,500",,"211,200",,"211,750",,8,,Supported,Supported,Supported,Supported,Supported,Not Supported,Supported,Not Supported,,Supported,,,,,,,"70,000",,,,,,,"5,663","5,749",,,,,"6,573","6,669",,,,,,,,,,,,,,,,,,,,,,,,,,,,,,,,,,,,,,,,,,,,,,,,,,,,,,,,,,,,,,,,,,,,,,,,,,,,,,,,,,,,,,,
Standard_D128als_v7,AMD EPYC 9005 (Turin) [x86-64],128,256,,,,,,,64,"204,800",,"225,280",,"281,600",,"310,886",,15,,Supported,Supported,Supported,Supported,Supported,Not Supported,Supported,Not Supported,,Supported,,,,,,,"75,000",,,,,,,"7,488","7,663",,,,,"8,764","8,966",,,,,,,,,,,,,,,,,,,,,,,,,,,,,,,,,,,,,,,,,,,,,,,,,,,,,,,,,,,,,,,,,,,,,,,,,,,,,,,,,,,,,,,
Standard_D160als_v7,AMD EPYC 9005 (Turin) [x86-64],160,320,,,,,,,64,"212,000",,"242,640",,"310,000",,"355,443",,15,,Supported,Supported,Supported,Supported,Supported,Not Supported,Supported,Not Supported,,Supported,,,,,,,"80,000",,,,,,,"10,344","11,410",,,,,"10,356","11,450",,,,,,,,,,,,,,,,,,,,,,,,,,,,,,,,,,,,,,,,,,,,,,,,,,,,,,,,,,,,,,,,,,,,,,,,,,,,,,,,,,,,,,,
Standard_D2as_v4,AMD EPYC 7452 (Rome) [x86-64] AMD EPYC 7763v (Genoa) [x86-64],2,8,4,16,"4,000",,"4,000",,4,"3,200",,"4,000",,,,,,2,,Supported,Supported,Supported,Supported,Supported,Supported,Supported,Supported,,Not Supported,,,,,32,100,2000,,,,,,,48,200,,,,,,,,,,,,,,,,,,,,,,,,,,,,,,,,,,,,,,,,,,,,,,,,,,,,,,,,,,,,,,,,,,,,,,,,,,,,,,,,,,,,,,,,,,,,,
Standard_D4as_v4,AMD EPYC 7452 (Rome) [x86-64] AMD EPYC 7763v (Genoa) [x86-64],4,16,8,32,"8,000",,"8,000",,8,"6,400",,"8,000",,,,,,2,,Supported,Supported,Supported,Supported,Supported,Supported,Supported,Supported,,Not Supported,,,,,64,200,"4,000",,,,,,,96,200,,,,,,,,,,,,,,,,,,,,,,,,,,,,,,,,,,,,,,,,,,,,,,,,,,,,,,,,,,,,,,,,,,,,,,,,,,,,,,,,,,,,,,,,,,,,,
Standard_D8as_v4,AMD EPYC 7452 (Rome) [x86-64] AMD EPYC 7763v (Genoa) [x86-64],8,32,16,64,"16,000",,"16,000",,16,"12,800",,"16,000",,,,,,4,,Supported,Supported,Supported,Supported,Supported,Supported,Supported,Supported,,Not Supported,,,,,128,400,"8,000",,,,,,,192,400,,,,,,,,,,,,,,,,,,,,,,,,,,,,,,,,,,,,,,,,,,,,,,,,,,,,,,,,,,,,,,,,,,,,,,,,,,,,,,,,,,,,,,,,,,,,,
Standard_D16as_v4,AMD EPYC 7452 (Rome) [x86-64] AMD EPYC 7763v (Genoa) [x86-64],16,64,32,128,"32,000",,"32,000",,32,"25,600",,"32,000",,,,,,8,,Supported,Supported,Supported,Supported,Supported,Supported,Supported,Supported,,Not Supported,,,,,255,800,"10,000",,,,,,,384,800,,,,,,,,,,,,,,,,,,,,,,,,,,,,,,,,,,,,,,,,,,,,,,,,,,,,,,,,,,,,,,,,,,,,,,,,,,,,,,,,,,,,,,,,,,,,,
Standard_D32as_v4,AMD EPYC 7452 (Rome) [x86-64] AMD EPYC 7763v (Genoa) [x86-64],32,128,32,256,"64,000",,"64,000",,32,"51,200",,"64,000",,,,,,8,,Supported,Supported,Supported,Supported,Supported,Supported,Supported,Supported,,Not Supported,,,,,510,"1,600","16,000",,,,,,,768,"1,600",,,,,,,,,,,,,,,,,,,,,,,,,,,,,,,,,,,,,,,,,,,,,,,,,,,,,,,,,,,,,,,,,,,,,,,,,,,,,,,,,,,,,,,,,,,,,
Standard_D48as_v4,AMD EPYC 7452 (Rome) [x86-64] AMD EPYC 7763v (Genoa) [x86-64],48,192,32,384,"96,000",,"96,000",,32,"76,800",,"80,000",,,,,,8,,Supported,Supported,Supported,Supported,Supported,Supported,Supported,Supported,,Not Supported,,,,,"1,020",2000,"24,000",,,,,,,"1,148",2000,,,,,,,,,,,,,,,,,,,,,,,,,,,,,,,,,,,,,,,,,,,,,,,,,,,,,,,,,,,,,,,,,,,,,,,,,,,,,,,,,,,,,,,,,,,,,
Standard_D64as_v4,AMD EPYC 7452 (Rome) [x86-64] AMD EPYC 7763v (Genoa) [x86-64],64,256,32,512,"128,000",,"128,000",,32,"80,000",,"80,000",,,,,,8,,Supported,Supported,Supported,Supported,Supported,Supported,Supported,Supported,,Not Supported,,,,,"1,020",2000,"32,000",,,,,,,"1,200",2000,,,,,,,,,,,,,,,,,,,,,,,,,,,,,,,,,,,,,,,,,,,,,,,,,,,,,,,,,,,,,,,,,,,,,,,,,,,,,,,,,,,,,,,,,,,,,
Standard_D96as_v4,AMD EPYC 7452 (Rome) [x86-64] AMD EPYC 7763v (Genoa) [x86-64],96,384,32,768,"192,000",,"192,000",,32,"80,000",,"80,000",,,,,,8,,Supported,Supported,Supported,Supported,Supported,Supported,Supported,Supported,,Not Supported,,,,,"1,020",2000,"40,000",,,,,,,"1,200",2000,,,,,,,,,,,,,,,,,,,,,,,,,,,,,,,,,,,,,,,,,,,,,,,,,,,,,,,,,,,,,,,,,,,,,,,,,,,,,,,,,,,,,,,,,,,,,
Standard_D2as_v5,AMD EPYC 7763v (Milan) [x86-64] AMD EPYC 9004 (Genoa) [x86-64],2,8,,,,,,,4,"3,750",,"10,000",,,,,,2,,Supported,Supported,Supported,Supported,Supported,Supported,Supported,Not Supported,,Supported,,,,,,,"12,500",,,,,,,82,600,,,,,,,,,,,,,,,,,,,,,,,,,,,,,,,,,,,,,,,,,,,,,,,,,,,,,,,,,,,,,,,,,,,,,,,,,,,,,,,,,,,,,,,,,,,,,
Standard_D4as_v5,AMD EPYC 7763v (Milan) [x86-64] AMD EPYC 9004 (Genoa) [x86-64],4,16,,,,,,,8,"6,400",,"20,000",,,,,,2,,Supported,Supported,Supported,Supported,Supported,Supported,Supported,Not Supported,,Supported,,,,,,,"12,500",,,,,,,144,600,,,,,,,,,,,,,,,,,,,,,,,,,,,,,,,,,,,,,,,,,,,,,,,,,,,,,,,,,,,,,,,,,,,,,,,,,,,,,,,,,,,,,,,,,,,,,
Standard_D8as_v5,AMD EPYC 7763v (Milan) [x86-64] AMD EPYC 9004 (Genoa) [x86-64],8,32,,,,,,,16,"12,800",,"20,000",,,,,,4,,Supported,Supported,Supported,Supported,Supported,Supported,Supported,Not Supported,,Supported,,,,,,,"12,500",,,,,,,200,600,,,,,,,,,,,,,,,,,,,,,,,,,,,,,,,,,,,,,,,,,,,,,,,,,,,,,,,,,,,,,,,,,,,,,,,,,,,,,,,,,,,,,,,,,,,,,
Standard_D16as_v5,AMD EPYC 7763v (Milan) [x86-64] AMD EPYC 9004 (Genoa) [x86-64],16,64,,,,,,,32,"25,600",,"40,000",,,,,,8,,Supported,Supported,Supported,Supported,Supported,Supported,Supported,Not Supported,,Supported,,,,,,,"12,500",,,,,,,384,800,,,,,,,,,,,,,,,,,,,,,,,,,,,,,,,,,,,,,,,,,,,,,,,,,,,,,,,,,,,,,,,,,,,,,,,,,,,,,,,,,,,,,,,,,,,,,
Standard_D32as_v5,AMD EPYC 7763v (Milan) [x86-64] AMD EPYC 9004 (Genoa) [x86-64],32,128,,,,,,,32,"51,200",,"80,000",,,,,,8,,Supported,Supported,Supported,Supported,Supported,Supported,Supported,Not Supported,,Supported,,,,,,,"16,000",,,,,,,768,"1,600",,,,,,,,,,,,,,,,,,,,,,,,,,,,,,,,,,,,,,,,,,,,,,,,,,,,,,,,,,,,,,,,,,,,,,,,,,,,,,,,,,,,,,,,,,,,,
Standard_D48as_v5,AMD EPYC 7763v (Milan) [x86-64] AMD EPYC 9004 (Genoa) [x86-64],48,192,,,,,,,32,"76,800",,"80,000",,,,,,8,,Supported,Supported,Supported,Supported,Supported,Supported,Supported,Not Supported,,Supported,,,,,,,"24,000",,,,,,,"1,152",2000,,,,,,,,,,,,,,,,,,,,,,,,,,,,,,,,,,,,,,,,,,,,,,,,,,,,,,,,,,,,,,,,,,,,,,,,,,,,,,,,,,,,,,,,,,,,,
Standard_D64as_v5,AMD EPYC 7763v (Milan) [x86-64] AMD EPYC 9004 (Genoa) [x86-64],64,256,,,,,,,32,"80,000",,"80,000",,,,,,8,,Supported,Supported,Supported,Supported,Supported,Supported,Supported,Not Supported,,Supported,,,,,,,"32,000",,,,,,,"1,200",2000,,,,,,,,,,,,,,,,,,,,,,,,,,,,,,,,,,,,,,,,,,,,,,,,,,,,,,,,,,,,,,,,,,,,,,,,,,,,,,,,,,,,,,,,,,,,,
Standard_D96as_v5,AMD EPYC 7763v (Milan) [x86-64] AMD EPYC 9004 (Genoa) [x86-64],96,384,,,,,,,32,"80,000",,"80,000",,,,,,8,,Supported,Supported,Supported,Supported,Supported,Supported,Supported,Not Supported,,Supported,,,,,,,"40,000",,,,,,,"1,600",2000,,,,,,,,,,,,,,,,,,,,,,,,,,,,,,,,,,,,,,,,,,,,,,,,,,,,,,,,,,,,,,,,,,,,,,,,,,,,,,,,,,,,,,,,,,,,,
Standard_D2as_v6,AMD EPYC 9004 (Genoa) [x86-64],2,8,,,,,,,4,"4,000",,"20,000",,"4,000",,"20,000",,2,,,,,,,,,,,,,,,,,,"12,500",,,,,,,90,"1,250",,,,,90,"1,250",,,,,,,,,,,,,,,,,,,,,,,,,,,,,,,,,,,,,,,,,,,,,,,,,,,,,,,,,,,,,,,,,,,,,,,,,,,,,,,,,,,,,,,
Standard_D4as_v6,AMD EPYC 9004 (Genoa) [x86-64],4,16,,,,,,,8,"7,600",,"20,000",,"7,600",,"20,000",,2,,,,,,,,,,,,,,,,,,"12,500",,,,,,,180,"1,250",,,,,180,"1,250",,,,,,,,,,,,,,,,,,,,,,,,,,,,,,,,,,,,,,,,,,,,,,,,,,,,,,,,,,,,,,,,,,,,,,,,,,,,,,,,,,,,,,,
Standard_D8as_v6,AMD EPYC 9004 (Genoa) [x86-64],8,32,,,,,,,16,"15,200",,"20,000",,"15,200",,"20,000",,4,,,,,,,,,,,,,,,,,,"12,500",,,,,,,360,"1,250",,,,,360,"1,250",,,,,,,,,,,,,,,,,,,,,,,,,,,,,,,,,,,,,,,,,,,,,,,,,,,,,,,,,,,,,,,,,,,,,,,,,,,,,,,,,,,,,,,
Standard_D16as_v6,AMD EPYC 9004 (Genoa) [x86-64],16,64,,,,,,,32,"30,400",,"40,000",,"30,400",,"40,000",,8,,,,,,,,,,,,,,,,,,"16,000",,,,,,,720,"1,250",,,,,720,"1,250",,,,,,,,,,,,,,,,,,,,,,,,,,,,,,,,,,,,,,,,,,,,,,,,,,,,,,,,,,,,,,,,,,,,,,,,,,,,,,,,,,,,,,,
Standard_D32as_v6,AMD EPYC 9004 (Genoa) [x86-64],32,128,,,,,,,32,"57,600",,"80,000",,"57,600",,"80,000",,8,,,,,,,,,,,,,,,,,,"20,000",,,,,,,"1,440","1,700",,,,,"1,440","1,700",,,,,,,,,,,,,,,,,,,,,,,,,,,,,,,,,,,,,,,,,,,,,,,,,,,,,,,,,,,,,,,,,,,,,,,,,,,,,,,,,,,,,,,
Standard_D48as_v6,AMD EPYC 9004 (Genoa) [x86-64],48,192,,,,,,,32,"86,400",,"90,000",,"86,400",,"90,000",,8,,,,,,,,,,,,,,,,,,"28,000",,,,,,,"2,160","2,550",,,,,"2,160","2,550",,,,,,,,,,,,,,,,,,,,,,,,,,,,,,,,,,,,,,,,,,,,,,,,,,,,,,,,,,,,,,,,,,,,,,,,,,,,,,,,,,,,,,,
Standard_D64as_v6,AMD EPYC 9004 (Genoa) [x86-64],64,256,,,,,,,32,"115,200",,"120,000",,"115,200",,"120,000",,8,,,,,,,,,,,,,,,,,,"36,000",,,,,,,"2,880","3,400",,,,,"2,880","3,400",,,,,,,,,,,,,,,,,,,,,,,,,,,,,,,,,,,,,,,,,,,,,,,,,,,,,,,,,,,,,,,,,,,,,,,,,,,,,,,,,,,,,,,
Standard_D96as_v6,AMD EPYC 9004 (Genoa) [x86-64],96,384,,,,,,,32,"175,000",,"175,000",,"175,000",,"175,000",,8,,,,,,,,,,,,,,,,,,"40,000",,,,,,,"4,320","5,090",,,,,"4,320","5,090",,,,,,,,,,,,,,,,,,,,,,,,,,,,,,,,,,,,,,,,,,,,,,,,,,,,,,,,,,,,,,,,,,,,,,,,,,,,,,,,,,,,,,,
Standard_D2as_v7,AMD EPYC 9005 (Turin) [x86-64],2,8,,,,,,,10,"4,000",,"44,000",,"4,400",,"48,400",,2,,Supported,Supported,Supported,Supported,Supported,Not Supported,Supported,Not Supported,,Supported,,,,,,,"16,000",,,,,,,118,"1,412",,,,,136,"1,653",,,,,,,,,,,,,,,,,,,,,,,,,,,,,,,,,,,,,,,,,,,,,,,,,,,,,,,,,,,,,,,,,,,,,,,,,,,,,,,,,,,,,,,
Standard_D4as_v7,AMD EPYC 9005 (Turin) [x86-64],4,16,,,,,,,12,"8,000",,"47,200",,"8,800",,"52,083",,2,,Supported,Supported,Supported,Supported,Supported,Not Supported,Supported,Not Supported,,Supported,,,,,,,"16,000",,,,,,,234,"1,412",,,,,273,"1,653",,,,,,,,,,,,,,,,,,,,,,,,,,,,,,,,,,,,,,,,,,,,,,,,,,,,,,,,,,,,,,,,,,,,,,,,,,,,,,,,,,,,,,,
Standard_D8as_v7,AMD EPYC 9005 (Turin) [x86-64],8,32,,,,,,,26,"16,000",,"47,200",,"17,600",,"52,083",,4,,Supported,Supported,Supported,Supported,Supported,Not Supported,Supported,Not Supported,,Supported,,,,,,,"25,000",,,,,,,468,"1,412",,,,,547,"1,653",,,,,,,,,,,,,,,,,,,,,,,,,,,,,,,,,,,,,,,,,,,,,,,,,,,,,,,,,,,,,,,,,,,,,,,,,,,,,,,,,,,,,,,
Standard_D16as_v7,AMD EPYC 9005 (Turin) [x86-64],16,64,,,,,,,48,"32,000",,"72,700",,"35,200",,"80,000",,8,,Supported,Supported,Supported,Supported,Supported,Not Supported,Supported,Not Supported,,Supported,,,,,,,"25,000",,,,,,,936,"1,412",,,,,"1,095","1,653",,,,,,,,,,,,,,,,,,,,,,,,,,,,,,,,,,,,,,,,,,,,,,,,,,,,,,,,,,,,,,,,,,,,,,,,,,,,,,,,,,,,,,,
Standard_D32as_v7,AMD EPYC 9005 (Turin) [x86-64],32,128,,,,,,,64,"64,000",,"94,400",,"70,400",,"104,167",,8,,Supported,Supported,Supported,Supported,Supported,Not Supported,Supported,Not Supported,,Supported,,,,,,,"25,000",,,,,,,"1,872",1916,,,,,"2,191","2,241",,,,,,,,,,,,,,,,,,,,,,,,,,,,,,,,,,,,,,,,,,,,,,,,,,,,,,,,,,,,,,,,,,,,,,,,,,,,,,,,,,,,,,,
Standard_D48as_v7,AMD EPYC 9005 (Turin) [x86-64],48,192,,,,,,,64,"96,000",,"99,000",,"105,600",,"108,900",,8,,Supported,Supported,Supported,Supported,Supported,Not Supported,Supported,Not Supported,,Supported,,,,,,,"35,000",,,,,,,"2,808","2,874",,,,,"3,291","3,362",,,,,,,,,,,,,,,,,,,,,,,,,,,,,,,,,,,,,,,,,,,,,,,,,,,,,,,,,,,,,,,,,,,,,,,,,,,,,,,,,,,,,,,
Standard_D64as_v7,AMD EPYC 9005 (Turin) [x86-64],64,256,,,,,,,64,"128,000",,"132,000",,"140,800",,"145,200",,8,,Supported,Supported,Supported,Supported,Supported,Not Supported,Supported,Not Supported,,Supported,,,,,,,"45,000",,,,,,,"3,744","3,832",,,,,"4,382","4,484",,,,,,,,,,,,,,,,,,,,,,,,,,,,,,,,,,,,,,,,,,,,,,,,,,,,,,,,,,,,,,,,,,,,,,,,,,,,,,,,,,,,,,,
Standard_D96as_v7,AMD EPYC 9005 (Turin) [x86-64],96,384,,,,,,,64,"192,000",,"192,500",,"211,200",,"211,750",,8,,Supported,Supported,Supported,Supported,Supported,Not Supported,Supported,Not Supported,,Supported,,,,,,,"70,000",,,,,,,"5,663","5,749",,,,,"6,573","6,669",,,,,,,,,,,,,,,,,,,,,,,,,,,,,,,,,,,,,,,,,,,,,,,,,,,,,,,,,,,,,,,,,,,,,,,,,,,,,,,,,,,,,,,
Standard_D128as_v7,AMD EPYC 9005 (Turin) [x86-64],128,512,,,,,,,64,"204,800",,"225,280",,"281,600",,"310,886",,15,,Supported,Supported,Supported,Supported,Supported,Not Supported,Supported,Not Supported,,Supported,,,,,,,"75,000",,,,,,,"7,488","7,663",,,,,"8,764","8,966",,,,,,,,,,,,,,,,,,,,,,,,,,,,,,,,,,,,,,,,,,,,,,,,,,,,,,,,,,,,,,,,,,,,,,,,,,,,,,,,,,,,,,,
Standard_D160as_v7,AMD EPYC 9005 (Turin) [x86-64],160,640,,,,,,,64,"212,000",,"242,640",,"310,000",,"355,443",,15,,Supported,Supported,Supported,Supported,Supported,Not Supported,Supported,Not Supported,,Supported,,,,,,,"80,000",,,,,,,"10,344","11,410",,,,,"10,356","11,450",,,,,,,,,,,,,,,,,,,,,,,,,,,,,,,,,,,,,,,,,,,,,,,,,,,,,,,,,,,,,,,,,,,,,,,,,,,,,,,,,,,,,,,
Standard_D2a_v4,AMD EPYC 7452 (Rome) [x86-64] AMD EPYC 7763v (Milan) [x86-64],2,8,1,50,"3,000",,,,4,"3,200",,"4,000",,,,,,2,,Not Supported,Not Supported,Supported,Supported,Supported,Supported,Supported,Supported,,Not Supported,,,,,46,23,2000,,,,,,,48,200,,,,,,,,,,,,,,,,,,,,,,,,,,,,,,,,,,,,,,,,,,,,,,,,,,,,,,,,,,,,,,,,,,,,,,,,,,,,,,,,,,,,,,,,,,,,,
Standard_D4a_v4,AMD EPYC 7452 (Rome) [x86-64] AMD EPYC 7763v (Milan) [x86-64],4,16,1,100,"6,000",,,,8,"6,400",,"8,000",,,,,,2,,Not Supported,Not Supported,Supported,Supported,Supported,Supported,Supported,Supported,,Not Supported,,,,,93,46,"4,000",,,,,,,96,200,,,,,,,,,,,,,,,,,,,,,,,,,,,,,,,,,,,,,,,,,,,,,,,,,,,,,,,,,,,,,,,,,,,,,,,,,,,,,,,,,,,,,,,,,,,,,
Standard_D8a_v4,AMD EPYC 7452 (Rome) [x86-64] AMD EPYC 7763v (Milan) [x86-64],8,32,1,200,"12,000",,,,16,"12,800",,"16,000",,,,,,4,,Not Supported,Not Supported,Supported,Supported,Supported,Supported,Supported,Supported,,Not Supported,,,,,187,93,"8,000",,,,,,,192,400,,,,,,,,,,,,,,,,,,,,,,,,,,,,,,,,,,,,,,,,,,,,,,,,,,,,,,,,,,,,,,,,,,,,,,,,,,,,,,,,,,,,,,,,,,,,,
Standard_D16a_v4,AMD EPYC 7452 (Rome) [x86-64] AMD EPYC 7763v (Milan) [x86-64],16,64,1,400,"24,000",,,,32,"25,600",,"32,000",,,,,,8,,Not Supported,Not Supported,Supported,Supported,Supported,Supported,Supported,Supported,,Not Supported,,,,,375,187,"10,000",,,,,,,384,800,,,,,,,,,,,,,,,,,,,,,,,,,,,,,,,,,,,,,,,,,,,,,,,,,,,,,,,,,,,,,,,,,,,,,,,,,,,,,,,,,,,,,,,,,,,,,
Standard_D32a_v4,AMD EPYC 7452 (Rome) [x86-64] AMD EPYC 7763v (Milan) [x86-64],32,128,1,800,"48,000",,,,32,"51,200",,"64,000",,,,,,8,,Not Supported,Not Supported,Supported,Supported,Supported,Supported,Supported,Supported,,Not Supported,,,,,750,375,"16,000",,,,,,,768,"1,600",,,,,,,,,,,,,,,,,,,,,,,,,,,,,,,,,,,,,,,,,,,,,,,,,,,,,,,,,,,,,,,,,,,,,,,,,,,,,,,,,,,,,,,,,,,,,
Standard_D48a_v4,AMD EPYC 7452 (Rome) [x86-64] AMD EPYC 7763v (Milan) [x86-64],48,192,1,"1,200","96,000",,,,32,"76,800",,"80,000",,,,,,8,,Not Supported,Not Supported,Supported,Supported,Supported,Supported,Supported,Supported,,Not Supported,,,,,"1,000",500,"24,000",,,,,,,"1,148",2000,,,,,,,,,,,,,,,,,,,,,,,,,,,,,,,,,,,,,,,,,,,,,,,,,,,,,,,,,,,,,,,,,,,,,,,,,,,,,,,,,,,,,,,,,,,,,
Standard_D64a_v4,AMD EPYC 7452 (Rome) [x86-64] AMD EPYC 7763v (Milan) [x86-64],64,256,1,"1,600","96,000",,,,32,"80,000",,"80,000",,,,,,8,,Not Supported,Not Supported,Supported,Supported,Supported,Supported,Supported,Supported,,Not Supported,,,,,"1,000",500,"32,000",,,,,,,"1,200",2000,,,,,,,,,,,,,,,,,,,,,,,,,,,,,,,,,,,,,,,,,,,,,,,,,,,,,,,,,,,,,,,,,,,,,,,,,,,,,,,,,,,,,,,,,,,,,
Standard_D96a_v4,AMD EPYC 7452 (Rome) [x86-64] AMD EPYC 7763v (Milan) [x86-64],96,384,1,"2,400","96,000",,,,32,"80,000",,"80,000",,,,,,8,,Not Supported,Not Supported,Supported,Supported,Supported,Supported,Supported,Supported,,Not Supported,,,,,"1,000",500,"40,000",,,,,,,"1,200",2000,,,,,,,,,,,,,,,,,,,,,,,,,,,,,,,,,,,,,,,,,,,,,,,,,,,,,,,,,,,,,,,,,,,,,,,,,,,,,,,,,,,,,,,,,,,,,
Standard_DC4ads_cc_v5,AMD EPYC (Milan) [x86-64],4,16,1,150,,,,,8,"6,400",,,,,,,,2,,Supported,Supported,Not Supported,Not Supported,Supported,Not Supported,Supported,Not Supported,,Supported,,,,,,,,,,,,,,144,,Supported,,,,,,,,,,Not Supported,,,,,,,,,,,,,,,,,,,,,,,,,,,,,,,,,,,,,,,,,,,,,,,,,,,,,,,,,,,,,,,,,,,,,,,,,,,,,,,,,,
Standard_DC8ads_cc_v5,AMD EPYC (Milan) [x86-64],8,32,1,300,,,,,16,"12,800",,,,,,,,4,,Supported,Supported,Not Supported,Not Supported,Supported,Not Supported,Supported,Not Supported,,Supported,,,,,,,,,,,,,,200,,Supported,,,,,,,,,,Not Supported,,,,,,,,,,,,,,,,,,,,,,,,,,,,,,,,,,,,,,,,,,,,,,,,,,,,,,,,,,,,,,,,,,,,,,,,,,,,,,,,,,
Standard_DC16ads_cc_v5,AMD EPYC (Milan) [x86-64],16,64,1,600,,,,,32,"25,600",,,,,,,,4,,Supported,Supported,Not Supported,Not Supported,Supported,Not Supported,Supported,Not Supported,,Supported,,,,,,,,,,,,,,384,,Supported,,,,,,,,,,Not Supported,,,,,,,,,,,,,,,,,,,,,,,,,,,,,,,,,,,,,,,,,,,,,,,,,,,,,,,,,,,,,,,,,,,,,,,,,,,,,,,,,,
Standard_DC32ads_cc_v5,AMD EPYC (Milan) [x86-64],32,128,1,"1,200",,,,,32,"51,200",,,,,,,,8,,Supported,Supported,Not Supported,Not Supported,Supported,Not Supported,Supported,Not Supported,,Supported,,,,,,,,,,,,,,768,,Supported,,,,,,,,,,Not Supported,,,,,,,,,,,,,,,,,,,,,,,,,,,,,,,,,,,,,,,,,,,,,,,,,,,,,,,,,,,,,,,,,,,,,,,,,,,,,,,,,,
Standard_DC48ads_cc_v5,AMD EPYC (Milan) [x86-64],48,192,1,"1,800",,,,,32,"76,800",,,,,,,,8,,Supported,Supported,Not Supported,Not Supported,Supported,Not Supported,Supported,Not Supported,,Supported,,,,,,,,,,,,,,"1,152",,Supported,,,,,,,,,,Not Supported,,,,,,,,,,,,,,,,,,,,,,,,,,,,,,,,,,,,,,,,,,,,,,,,,,,,,,,,,,,,,,,,,,,,,,,,,,,,,,,,,,
Standard_DC64ads_cc_v5,AMD EPYC (Milan) [x86-64],64,256,1,"2,400",,,,,32,"80,000",,,,,,,,8,,Supported,Supported,Not Supported,Not Supported,Supported,Not Supported,Supported,Not Supported,,Supported,,,,,,,,,,,,,,"1,200",,Supported,,,,,,,,,,Not Supported,,,,,,,,,,,,,,,,,,,,,,,,,,,,,,,,,,,,,,,,,,,,,,,,,,,,,,,,,,,,,,,,,,,,,,,,,,,,,,,,,,
Standard_DC96ads_cc_v5,AMD EPYC (Milan) [x86-64],96,384,1,"3,600",,,,,32,"80,000",,,,,,,,8,,Supported,Supported,Not Supported,Not Supported,Supported,Not Supported,Supported,Not Supported,,Supported,,,,,,,,,,,,,,"1,600",,Supported,,,,,,,,,,Not Supported,,,,,,,,,,,,,,,,,,,,,,,,,,,,,,,,,,,,,,,,,,,,,,,,,,,,,,,,,,,,,,,,,,,,,,,,,,,,,,,,,,
Standard_DC2ads_v5,AMD EPYC (Milan) [x86-64],2,8,1,75,"9,000",,,,4,"3,750",,,,,,,,2,,Supported,Supported,Not Supported,Not Supported,Supported,Not Supported,Not Supported,Supported,,Not Supported,,,,,125,,"3,000",,,,,,,48,,Supported,,,,,,,,,,,,,,,,,,,,,,,,,,,,,,,,,,,,,,,,,,,,,,,,,,,,,,,,,,,,,,,,,,,,,,,,,,,,,,,,,,,,,,,,,,,,
Standard_DC4ads_v5,AMD EPYC (Milan) [x86-64],4,16,1,150,"19,000",,,,8,"6,400",,,,,,,,2,,Supported,Supported,Not Supported,Not Supported,Supported,Not Supported,Not Supported,Supported,,Not Supported,,,,,250,,"5,000",,,,,,,96,,Supported,,,,,,,,,,,,,,,,,,,,,,,,,,,,,,,,,,,,,,,,,,,,,,,,,,,,,,,,,,,,,,,,,,,,,,,,,,,,,,,,,,,,,,,,,,,,
Standard_DC8ads_v5,AMD EPYC (Milan) [x86-64],8,32,1,300,"38,000",,,,16,"12,800",,,,,,,,4,,Supported,Supported,Not Supported,Not Supported,Supported,Not Supported,Not Supported,Supported,,Not Supported,,,,,500,,"5,000",,,,,,,192,,Supported,,,,,,,,,,,,,,,,,,,,,,,,,,,,,,,,,,,,,,,,,,,,,,,,,,,,,,,,,,,,,,,,,,,,,,,,,,,,,,,,,,,,,,,,,,,,
Standard_DC16ads_v5,AMD EPYC (Milan) [x86-64],16,64,1,600,"75,000",,,,32,"25,600",,,,,,,,4,,Supported,Supported,Not Supported,Not Supported,Supported,Not Supported,Not Supported,Supported,,Not Supported,,,,,"1,000",,"10,000",,,,,,,384,,Supported,,,,,,,,,,,,,,,,,,,,,,,,,,,,,,,,,,,,,,,,,,,,,,,,,,,,,,,,,,,,,,,,,,,,,,,,,,,,,,,,,,,,,,,,,,,,
Standard_DC32ads_v5,AMD EPYC (Milan) [x86-64],32,128,1,"1,200","150,000",,,,32,"51,200",,,,,,,,8,,Supported,Supported,Not Supported,Not Supported,Supported,Not Supported,Not Supported,Supported,,Not Supported,,,,,2000,,"12,500",,,,,,,768,,Supported,,,,,,,,,,,,,,,,,,,,,,,,,,,,,,,,,,,,,,,,,,,,,,,,,,,,,,,,,,,,,,,,,,,,,,,,,,,,,,,,,,,,,,,,,,,,
Standard_DC48ads_v5,AMD EPYC (Milan) [x86-64],48,192,1,"1,800","225,000",,,,32,"76,800",,,,,,,,8,,Supported,Supported,Not Supported,Not Supported,Supported,Not Supported,Not Supported,Supported,,Not Supported,,,,,"3,000",,"15,000",,,,,,,"1,152",,Supported,,,,,,,,,,,,,,,,,,,,,,,,,,,,,,,,,,,,,,,,,,,,,,,,,,,,,,,,,,,,,,,,,,,,,,,,,,,,,,,,,,,,,,,,,,,,
Standard_DC64ads_v5,AMD EPYC (Milan) [x86-64],64,256,1,"2,400","300,000",,,,32,"80,000",,,,,,,,8,,Supported,Supported,Not Supported,Not Supported,Supported,Not Supported,Not Supported,Supported,,Not Supported,,,,,"4,000",,"20,000",,,,,,,"1,200",,Supported,,,,,,,,,,,,,,,,,,,,,,,,,,,,,,,,,,,,,,,,,,,,,,,,,,,,,,,,,,,,,,,,,,,,,,,,,,,,,,,,,,,,,,,,,,,,
Standard_DC96ads_v5,AMD EPYC (Milan) [x86-64],96,384,1,"3,600","450,000",,,,32,"80,000",,,,,,,,8,,Supported,Supported,Not Supported,Not Supported,Supported,Not Supported,Not Supported,Supported,,Not Supported,,,,,"4,000",,"20,000",,,,,,,"1,200",,Supported,,,,,,,,,,,,,,,,,,,,,,,,,,,,,,,,,,,,,,,,,,,,,,,,,,,,,,,,,,,,,,,,,,,,,,,,,,,,,,,,,,,,,,,,,,,,
Standard_DC2ads_v6,AMD EPYC™ 9004 (Genoa) [x86-64],2,8,1,75,"9,000",,,,,,,,,,,,,2,,Supported,Supported,Not Supported,Not Supported,Supported,Not Supported,Not Supported,Supported,Supported,Not Supported,,,,,125,,"12,500",,,,,,,,,,,,,,,,,,,,,,,,,,,,,,,,,,,,,,,,,,,,,,,,,,,,,,,,,,,,,,,,,,,,,,,,,,,,,,,,,,,,,,,,,,,,,,,,,,,,,
Standard_DC4ads_v6,AMD EPYC™ 9004 (Genoa) [x86-64],4,16,1,150,"19,000",,,,,,,,,,,,,2,,Supported,Supported,Not Supported,Not Supported,Supported,Not Supported,Not Supported,Supported,Supported,Not Supported,,,,,250,,"12,500",,,,,,,,,,,,,,,,,,,,,,,,,,,,,,,,,,,,,,,,,,,,,,,,,,,,,,,,,,,,,,,,,,,,,,,,,,,,,,,,,,,,,,,,,,,,,,,,,,,,,
Standard_DC8ads_v6,AMD EPYC™ 9004 (Genoa) [x86-64],8,32,1,300,"38,000",,,,,,,,,,,,,4,,Supported,Supported,Not Supported,Not Supported,Supported,Not Supported,Not Supported,Supported,Supported,Not Supported,,,,,500,,"12,500",,,,,,,,,,,,,,,,,,,,,,,,,,,,,,,,,,,,,,,,,,,,,,,,,,,,,,,,,,,,,,,,,,,,,,,,,,,,,,,,,,,,,,,,,,,,,,,,,,,,,
Standard_DC16ads_v6,AMD EPYC™ 9004 (Genoa) [x86-64],16,64,1,600,"75,000",,,,,,,,,,,,,8,,Supported,Supported,Not Supported,Not Supported,Supported,Not Supported,Not Supported,Supported,Supported,Not Supported,,,,,"1,000",,"12,500",,,,,,,,,,,,,,,,,,,,,,,,,,,,,,,,,,,,,,,,,,,,,,,,,,,,,,,,,,,,,,,,,,,,,,,,,,,,,,,,,,,,,,,,,,,,,,,,,,,,,
Standard_DC32ads_v6,AMD EPYC™ 9004 (Genoa) [x86-64],32,128,1,"1,200","150,000",,,,,,,,,,,,,8,,Supported,Supported,Not Supported,Not Supported,Supported,Not Supported,Not Supported,Supported,Supported,Not Supported,,,,,2000,,"16,000",,,,,,,,,,,,,,,,,,,,,,,,,,,,,,,,,,,,,,,,,,,,,,,,,,,,,,,,,,,,,,,,,,,,,,,,,,,,,,,,,,,,,,,,,,,,,,,,,,,,,
Standard_DC48ads_v6,AMD EPYC™ 9004 (Genoa) [x86-64],48,192,1,"1,800","225,000",,,,,,,,,,,,,8,,Supported,Supported,Not Supported,Not Supported,Supported,Not Supported,Not Supported,Supported,Supported,Not Supported,,,,,"3,000",,"24,000",,,,,,,,,,,,,,,,,,,,,,,,,,,,,,,,,,,,,,,,,,,,,,,,,,,,,,,,,,,,,,,,,,,,,,,,,,,,,,,,,,,,,,,,,,,,,,,,,,,,,
Standard_DC64ads_v6,AMD EPYC™ 9004 (Genoa) [x86-64],64,256,1,"2,400","300,000",,,,,,,,,,,,,8,,Supported,Supported,Not Supported,Not Supported,Supported,Not Supported,Not Supported,Supported,Supported,Not Supported,,,,,"4,000",,"30,000",,,,,,,,,,,,,,,,,,,,,,,,,,,,,,,,,,,,,,,,,,,,,,,,,,,,,,,,,,,,,,,,,,,,,,,,,,,,,,,,,,,,,,,,,,,,,,,,,,,,,
Standard_DC96ads_v6,AMD EPYC™ 9004 (Genoa) [x86-64],96,384,1,"3,600","450,000",,,,,,,,,,,,,8,,Supported,Supported,Not Supported,Not Supported,Supported,Not Supported,Not Supported,Supported,Supported,Not Supported,,,,,"4,000",,"34,000",,,,,,,,,,,,,,,,,,,,,,,,,,,,,,,,,,,,,,,,,,,,,,,,,,,,,,,,,,,,,,,,,,,,,,,,,,,,,,,,,,,,,,,,,,,,,,,,,,,,,
Standard_DC4as_cc_v5,AMD EPYC (Milan) [x86-64],4,16,,,,,,,8,"6,400",,,,,,,,2,,Supported,Supported,Not Supported,Not Supported,Supported,Not Supported,Supported,Not Supported,,Supported,,,,,,,,,,,,,,144,,,,,,,,,,,,Not Supported,,,,,,,,,,,,,,,,,,,,,,,,,,,,,,,,,,,,,,,,,,,,,,,,,,,,,,,,,,,,,,,,,,,,,,,,,,,,,,,,,,
Standard_DC8as_cc_v5,AMD EPYC (Milan) [x86-64],8,32,,,,,,,16,"12,800",,,,,,,,4,,Supported,Supported,Not Supported,Not Supported,Supported,Not Supported,Supported,Not Supported,,Supported,,,,,,,,,,,,,,200,,,,,,,,,,,,Not Supported,,,,,,,,,,,,,,,,,,,,,,,,,,,,,,,,,,,,,,,,,,,,,,,,,,,,,,,,,,,,,,,,,,,,,,,,,,,,,,,,,,
Standard_DC16as_cc_v5,AMD EPYC (Milan) [x86-64],16,64,,,,,,,32,"25,600",,,,,,,,4,,Supported,Supported,Not Supported,Not Supported,Supported,Not Supported,Supported,Not Supported,,Supported,,,,,,,,,,,,,,384,,,,,,,,,,,,Not Supported,,,,,,,,,,,,,,,,,,,,,,,,,,,,,,,,,,,,,,,,,,,,,,,,,,,,,,,,,,,,,,,,,,,,,,,,,,,,,,,,,,
Standard_DC32as_cc_v5,AMD EPYC (Milan) [x86-64],32,128,,,,,,,32,"51,200",,,,,,,,8,,Supported,Supported,Not Supported,Not Supported,Supported,Not Supported,Supported,Not Supported,,Supported,,,,,,,,,,,,,,768,,,,,,,,,,,,Not Supported,,,,,,,,,,,,,,,,,,,,,,,,,,,,,,,,,,,,,,,,,,,,,,,,,,,,,,,,,,,,,,,,,,,,,,,,,,,,,,,,,,
Standard_DC48as_cc_v5,AMD EPYC (Milan) [x86-64],48,192,,,,,,,32,"76,800",,,,,,,,8,,Supported,Supported,Not Supported,Not Supported,Supported,Not Supported,Supported,Not Supported,,Supported,,,,,,,,,,,,,,"1,152",,,,,,,,,,,,Not Supported,,,,,,,,,,,,,,,,,,,,,,,,,,,,,,,,,,,,,,,,,,,,,,,,,,,,,,,,,,,,,,,,,,,,,,,,,,,,,,,,,,
Standard_DC64as_cc_v5,AMD EPYC (Milan) [x86-64],64,256,,,,,,,32,"80,000",,,,,,,,8,,Supported,Supported,Not Supported,Not Supported,Supported,Not Supported,Supported,Not Supported,,Supported,,,,,,,,,,,,,,"1,200",,,,,,,,,,,,Not Supported,,,,,,,,,,,,,,,,,,,,,,,,,,,,,,,,,,,,,,,,,,,,,,,,,,,,,,,,,,,,,,,,,,,,,,,,,,,,,,,,,,
Standard_DC96as_cc_v5,AMD EPYC (Milan) [x86-64],96,384,,,,,,,32,"80,000",,,,,,,,8,,Supported,Supported,Not Supported,Not Supported,Supported,Not Supported,Supported,Not Supported,,Supported,,,,,,,,,,,,,,"1,600",,,,,,,,,,,,Not Supported,,,,,,,,,,,,,,,,,,,,,,,,,,,,,,,,,,,,,,,,,,,,,,,,,,,,,,,,,,,,,,,,,,,,,,,,,,,,,,,,,,
Standard_DC2as_v5,AMD EPYC (Milan) [x86-64],2,8,,,,,,,4,"3,750",,,,,,,,2,,Supported,Supported,Not Supported,Not Supported,Supported,Not Supported,Not Supported,Not Supported,,Not Supported,,,,,,,"3,000",,,,,,,48,,,,,,,,,,,,,,,,,,,,,,,,,,,,,,,,,,,,,,,,,,,,,,,,,,,,,,,,,,,,,,,,,,,,,,,,,,,,,,,,,,,,,,,,,,,,,,
Standard_DC4as_v5,AMD EPYC (Milan) [x86-64],4,16,,,,,,,8,"6,400",,,,,,,,2,,Supported,Supported,Not Supported,Not Supported,Supported,Not Supported,Not Supported,Not Supported,,Not Supported,,,,,,,"5,000",,,,,,,96,,,,,,,,,,,,,,,,,,,,,,,,,,,,,,,,,,,,,,,,,,,,,,,,,,,,,,,,,,,,,,,,,,,,,,,,,,,,,,,,,,,,,,,,,,,,,,
Standard_DC8as_v5,AMD EPYC (Milan) [x86-64],8,32,,,,,,,16,"12,800",,,,,,,,4,,Supported,Supported,Not Supported,Not Supported,Supported,Not Supported,Not Supported,Not Supported,,Not Supported,,,,,,,"5,000",,,,,,,192,,,,,,,,,,,,,,,,,,,,,,,,,,,,,,,,,,,,,,,,,,,,,,,,,,,,,,,,,,,,,,,,,,,,,,,,,,,,,,,,,,,,,,,,,,,,,,
Standard_DC16as_v5,AMD EPYC (Milan) [x86-64],16,64,,,,,,,32,"25,600",,,,,,,,4,,Supported,Supported,Not Supported,Not Supported,Supported,Not Supported,Not Supported,Not Supported,,Not Supported,,,,,,,"10,000",,,,,,,384,,,,,,,,,,,,,,,,,,,,,,,,,,,,,,,,,,,,,,,,,,,,,,,,,,,,,,,,,,,,,,,,,,,,,,,,,,,,,,,,,,,,,,,,,,,,,,
Standard_DC32as_v5,AMD EPYC (Milan) [x86-64],32,128,,,,,,,32,"51,200",,,,,,,,8,,Supported,Supported,Not Supported,Not Supported,Supported,Not Supported,Not Supported,Not Supported,,Not Supported,,,,,,,"12,500",,,,,,,768,,,,,,,,,,,,,,,,,,,,,,,,,,,,,,,,,,,,,,,,,,,,,,,,,,,,,,,,,,,,,,,,,,,,,,,,,,,,,,,,,,,,,,,,,,,,,,
Standard_DC48as_v5,AMD EPYC (Milan) [x86-64],48,192,,,,,,,32,"76,800",,,,,,,,8,,Supported,Supported,Not Supported,Not Supported,Supported,Not Supported,Not Supported,Not Supported,,Not Supported,,,,,,,"15,000",,,,,,,"1,152",,,,,,,,,,,,,,,,,,,,,,,,,,,,,,,,,,,,,,,,,,,,,,,,,,,,,,,,,,,,,,,,,,,,,,,,,,,,,,,,,,,,,,,,,,,,,,
Standard_DC64as_v5,AMD EPYC (Milan) [x86-64],64,256,,,,,,,32,"80,000",,,,,,,,8,,Supported,Supported,Not Supported,Not Supported,Supported,Not Supported,Not Supported,Not Supported,,Not Supported,,,,,,,"20,000",,,,,,,"1,200",,,,,,,,,,,,,,,,,,,,,,,,,,,,,,,,,,,,,,,,,,,,,,,,,,,,,,,,,,,,,,,,,,,,,,,,,,,,,,,,,,,,,,,,,,,,,,
Standard_DC96as_v5,AMD EPYC (Milan) [x86-64],96,384,,,,,,,32,"80,000",,,,,,,,8,,Supported,Supported,Not Supported,Not Supported,Supported,Not Supported,Not Supported,Not Supported,,Not Supported,,,,,,,"20,000",,,,,,,"1,200",,,,,,,,,,,,,,,,,,,,,,,,,,,,,,,,,,,,,,,,,,,,,,,,,,,,,,,,,,,,,,,,,,,,,,,,,,,,,,,,,,,,,,,,,,,,,,
Standard_DC2as_v6,AMD EPYC 9004 (Genoa) [x86-64],2,8,,,,,,,,,,,,,,,,2,,Supported,Supported,Not Supported,Not Supported,Supported,Not Supported,Not Supported,Supported,,Not Supported,,,,,,,"12,500",,,,,,,,,,,,,,,,,,,,,,,,,,,,,,,,,,,,,,,,,,,,,,,,,,,,,,,,,,,,,,,,,,,,,,,,,,,,,,,,,,,,,,,,,,,,,,,,,,,,,
Standard_DC4as_v6,AMD EPYC 9004 (Genoa) [x86-64],4,16,,,,,,,,,,,,,,,,2,,Supported,Supported,Not Supported,Not Supported,Supported,Not Supported,Not Supported,Supported,,Not Supported,,,,,,,"12,500",,,,,,,,,,,,,,,,,,,,,,,,,,,,,,,,,,,,,,,,,,,,,,,,,,,,,,,,,,,,,,,,,,,,,,,,,,,,,,,,,,,,,,,,,,,,,,,,,,,,,
Standard_DC8as_v6,AMD EPYC 9004 (Genoa) [x86-64],8,32,,,,,,,,,,,,,,,,4,,Supported,Supported,Not Supported,Not Supported,Supported,Not Supported,Not Supported,Supported,,Not Supported,,,,,,,"12,500",,,,,,,,,,,,,,,,,,,,,,,,,,,,,,,,,,,,,,,,,,,,,,,,,,,,,,,,,,,,,,,,,,,,,,,,,,,,,,,,,,,,,,,,,,,,,,,,,,,,,
Standard_DC16as_v6,AMD EPYC 9004 (Genoa) [x86-64],16,64,,,,,,,,,,,,,,,,8,,Supported,Supported,Not Supported,Not Supported,Supported,Not Supported,Not Supported,Supported,,Not Supported,,,,,,,"12,500",,,,,,,,,,,,,,,,,,,,,,,,,,,,,,,,,,,,,,,,,,,,,,,,,,,,,,,,,,,,,,,,,,,,,,,,,,,,,,,,,,,,,,,,,,,,,,,,,,,,,
Standard_DC32as_v6,AMD EPYC 9004 (Genoa) [x86-64],32,128,,,,,,,,,,,,,,,,8,,Supported,Supported,Not Supported,Not Supported,Supported,Not Supported,Not Supported,Supported,,Not Supported,,,,,,,"16,000",,,,,,,,,,,,,,,,,,,,,,,,,,,,,,,,,,,,,,,,,,,,,,,,,,,,,,,,,,,,,,,,,,,,,,,,,,,,,,,,,,,,,,,,,,,,,,,,,,,,,
Standard_DC48as_v6,AMD EPYC 9004 (Genoa) [x86-64],48,192,,,,,,,,,,,,,,,,8,,Supported,Supported,Not Supported,Not Supported,Supported,Not Supported,Not Supported,Supported,,Not Supported,,,,,,,"24,000",,,,,,,,,,,,,,,,,,,,,,,,,,,,,,,,,,,,,,,,,,,,,,,,,,,,,,,,,,,,,,,,,,,,,,,,,,,,,,,,,,,,,,,,,,,,,,,,,,,,,
Standard_DC64as_v6,AMD EPYC 9004 (Genoa) [x86-64],64,256,,,,,,,,,,,,,,,,8,,Supported,Supported,Not Supported,Not Supported,Supported,Not Supported,Not Supported,Supported,,Not Supported,,,,,,,"30,000",,,,,,,,,,,,,,,,,,,,,,,,,,,,,,,,,,,,,,,,,,,,,,,,,,,,,,,,,,,,,,,,,,,,,,,,,,,,,,,,,,,,,,,,,,,,,,,,,,,,,
Standard_DC96as_v6,AMD EPYC 9004 (Genoa) [x86-64],96,384,,,,,,,,,,,,,,,,8,,Supported,Supported,Not Supported,Not Supported,Supported,Not Supported,Not Supported,Supported,,Not Supported,,,,,,,"34,000",,,,,,,,,,,,,,,,,,,,,,,,,,,,,,,,,,,,,,,,,,,,,,,,,,,,,,,,,,,,,,,,,,,,,,,,,,,,,,,,,,,,,,,,,,,,,,,,,,,,,
Standard_DC1ds_v3,Intel Xeon (Ice Lake) [x86-64],,8,1,75,,,,,4,,,,,,,,,2,,Supported,Not Supported,Not Supported,Not Supported,Supported,Not Supported,Supported,Not Supported,,Not Supported,,,,,,,,,,,,,,,,Supported,,,,,,,,,,,1,4,,,,,,,,,,,,,,,,,,,,,,,,,,,,,,,,,,,,,,,,,,,,,,,,,,,,,,,,,,,,,,,,,,,,,,,,,,,,,,,,
Standard_DC2ds_v3,Intel Xeon (Ice Lake) [x86-64],,16,1,150,,,,,8,,,,,,,,,2,,Supported,Not Supported,Not Supported,Not Supported,Supported,Not Supported,Supported,Not Supported,,Not Supported,,,,,,,,,,,,,,,,Supported,,,,,,,,,,,2,8,,,,,,,,,,,,,,,,,,,,,,,,,,,,,,,,,,,,,,,,,,,,,,,,,,,,,,,,,,,,,,,,,,,,,,,,,,,,,,,,
Standard_DC4ds_v3,Intel Xeon (Ice Lake) [x86-64],,32,1,300,,,,,16,,,,,,,,,4,,Supported,Not Supported,Not Supported,Not Supported,Supported,Not Supported,Supported,Not Supported,,Not Supported,,,,,,,,,,,,,,,,Supported,,,,,,,,,,,4,16,,,,,,,,,,,,,,,,,,,,,,,,,,,,,,,,,,,,,,,,,,,,,,,,,,,,,,,,,,,,,,,,,,,,,,,,,,,,,,,,
Standard_DC8ds_v3,Intel Xeon (Ice Lake) [x86-64],,64,1,600,,,,,32,,,,,,,,,8,,Supported,Not Supported,Not Supported,Not Supported,Supported,Not Supported,Supported,Not Supported,,Not Supported,,,,,,,,,,,,,,,,Supported,,,,,,,,,,,8,32,,,,,,,,,,,,,,,,,,,,,,,,,,,,,,,,,,,,,,,,,,,,,,,,,,,,,,,,,,,,,,,,,,,,,,,,,,,,,,,,
Standard_DC16ds_v3,Intel Xeon (Ice Lake) [x86-64],,128,1,"1,200",,,,,32,,,,,,,,,8,,Supported,Not Supported,Not Supported,Not Supported,Supported,Not Supported,Supported,Not Supported,,Not Supported,,,,,,,,,,,,,,,,Supported,,,,,,,,,,,16,64,,,,,,,,,,,,,,,,,,,,,,,,,,,,,,,,,,,,,,,,,,,,,,,,,,,,,,,,,,,,,,,,,,,,,,,,,,,,,,,,
Standard_DC24ds_v3,Intel Xeon (Ice Lake) [x86-64],,192,1,"1,800",,,,,32,,,,,,,,,8,,Supported,Not Supported,Not Supported,Not Supported,Supported,Not Supported,Supported,Not Supported,,Not Supported,,,,,,,,,,,,,,,,Supported,,,,,,,,,,,24,128,,,,,,,,,,,,,,,,,,,,,,,,,,,,,,,,,,,,,,,,,,,,,,,,,,,,,,,,,,,,,,,,,,,,,,,,,,,,,,,,
Standard_DC32ds_v3,Intel Xeon (Ice Lake) [x86-64],,256,1,"2,400",,,,,32,,,,,,,,,8,,Supported,Not Supported,Not Supported,Not Supported,Supported,Not Supported,Supported,Not Supported,,Not Supported,,,,,,,,,,,,,,,,Supported,,,,,,,,,,,32,192,,,,,,,,,,,,,,,,,,,,,,,,,,,,,,,,,,,,,,,,,,,,,,,,,,,,,,,,,,,,,,,,,,,,,,,,,,,,,,,,
Standard_DC48ds_v3,Intel Xeon (Ice Lake) [x86-64],,384,1,"2,400",,,,,32,,,,,,,,,8,,Supported,Not Supported,Not Supported,Not Supported,Supported,Not Supported,Supported,Not Supported,,Not Supported,,,,,,,,,,,,,,,,Supported,,,,,,,,,,,48,256,,,,,,,,,,,,,,,,,,,,,,,,,,,,,,,,,,,,,,,,,,,,,,,,,,,,,,,,,,,,,,,,,,,,,,,,,,,,,,,,
Standard_DC2eds_v6,"Intel Xeon Platinum 8,573C (Emerald Rapids) [x86-64]",2,8,1,110,,,,,,,,,,,,,,2,,Supported,Supported,Not Supported,Not Supported,Supported,Not Supported,Not Supported,Not Supported,,Not Supported,,,,,,,"7,000",,,,,,,,,,,,,,,,,,,,,,"37,500",180,,,,,,,,,,,,,,,,,,,,,,,,,,,,,,,,,,,,,,,,,,,,,,,,,,,,,,,,,,,,,,,,,,,,,,,,,,,,,,
Standard_DC4eds_v6,"Intel Xeon Platinum 8,573C (Emerald Rapids) [x86-64]",4,16,1,220,,,,,,,,,,,,,,2,,Supported,Supported,Not Supported,Not Supported,Supported,Not Supported,Not Supported,Not Supported,,Not Supported,,,,,,,"7,000",,,,,,,,,,,,,,,,,,,,,,"75,000",360,,,,,,,,,,,,,,,,,,,,,,,,,,,,,,,,,,,,,,,,,,,,,,,,,,,,,,,,,,,,,,,,,,,,,,,,,,,,,,
Standard_DC8eds_v6,"Intel Xeon Platinum 8,573C (Emerald Rapids) [x86-64]",8,32,1,440,,,,,,,,,,,,,,4,,Supported,Supported,Not Supported,Not Supported,Supported,Not Supported,Not Supported,Not Supported,,Not Supported,,,,,,,"7,000",,,,,,,,,,,,,,,,,,,,,,"150,000",720,,,,,,,,,,,,,,,,,,,,,,,,,,,,,,,,,,,,,,,,,,,,,,,,,,,,,,,,,,,,,,,,,,,,,,,,,,,,,,
Standard_DC16eds_v6,"Intel Xeon Platinum 8,573C (Emerald Rapids) [x86-64]",16,64,2,440,,,,,,,,,,,,,,8,,Supported,Supported,Not Supported,Not Supported,Supported,Not Supported,Not Supported,Not Supported,,Not Supported,,,,,,,"7,000",,,,,,,,,,,,,,,,,,,,,,"300,000","1,440",,,,,,,,,,,,,,,,,,,,,,,,,,,,,,,,,,,,,,,,,,,,,,,,,,,,,,,,,,,,,,,,,,,,,,,,,,,,,,
Standard_DC32eds_v6,"Intel Xeon Platinum 8,573C (Emerald Rapids) [x86-64]",32,128,4,440,,,,,,,,,,,,,,8,,Supported,Supported,Not Supported,Not Supported,Supported,Not Supported,Not Supported,Not Supported,,Not Supported,,,,,,,"9,000",,,,,,,,,,,,,,,,,,,,,,"600,000","2,880",,,,,,,,,,,,,,,,,,,,,,,,,,,,,,,,,,,,,,,,,,,,,,,,,,,,,,,,,,,,,,,,,,,,,,,,,,,,,,
Standard_DC48eds_v6,"Intel Xeon Platinum 8,573C (Emerald Rapids) [x86-64]",48,192,6,440,,,,,,,,,,,,,,8,,Supported,Supported,Not Supported,Not Supported,Supported,Not Supported,Not Supported,Not Supported,,Not Supported,,,,,,,"12,500",,,,,,,,,,,,,,,,,,,,,,"900,000","4,320",,,,,,,,,,,,,,,,,,,,,,,,,,,,,,,,,,,,,,,,,,,,,,,,,,,,,,,,,,,,,,,,,,,,,,,,,,,,,,
Standard_DC64eds_v6,"Intel Xeon Platinum 8,573C (Emerald Rapids) [x86-64]",64,256,4,880,,,,,,,,,,,,,,8,,Supported,Supported,Not Supported,Not Supported,Supported,Not Supported,Not Supported,Not Supported,,Not Supported,,,,,,,"25,000",,,,,,,,,,,,,,,,,,,,,,"1,200,000","5,760",,,,,,,,,,,,,,,,,,,,,,,,,,,,,,,,,,,,,,,,,,,,,,,,,,,,,,,,,,,,,,,,,,,,,,,,,,,,,,
Standard_DC96eds_v6,"Intel Xeon Platinum 8,573C (Emerald Rapids) [x86-64]",96,384,6,880,,,,,,,,,,,,,,8,,Supported,Supported,Not Supported,Not Supported,Supported,Not Supported,Not Supported,Not Supported,,Not Supported,,,,,,,"30,000",,,,,,,,,,,,,,,,,,,,,,"1,800,000","8,640",,,,,,,,,,,,,,,,,,,,,,,,,,,,,,,,,,,,,,,,,,,,,,,,,,,,,,,,,,,,,,,,,,,,,,,,,,,,,,
Standard_DC128eds_v6,"Intel Xeon Platinum 8,573C (Emerald Rapids) [x86-64]",128,512,4,"1,760",,,,,,,,,,,,,,8,,Supported,Supported,Not Supported,Not Supported,Supported,Not Supported,Not Supported,Not Supported,,Not Supported,,,,,,,"40,000",,,,,,,,,,,,,,,,,,,,,,"2,400,000","11,520",,,,,,,,,,,,,,,,,,,,,,,,,,,,,,,,,,,,,,,,,,,,,,,,,,,,,,,,,,,,,,,,,,,,,,,,,,,,,,
Standard_DC2es_v6,Intel Xeon Platinum 8573C (Emerald Rapids) [x86-64],2,8,,,,,,,,,,,,,,,,2,,Supported,Supported,Not Supported,Not Supported,Supported,Not Supported,Not Supported,Not Supported,,Not Supported,,,,,,,"12,500",,,,,,,,,,,,,,,,,,,,,,,,,,,,,,,,,,,,,,,,,,,,,,,,,,,,,,,,,,,,,,,,,,,,,,,,,,,,,,,,,,,,,,,,,,,,,,,,,,,,,
Standard_DC4es_v6,Intel Xeon Platinum 8573C (Emerald Rapids) [x86-64],4,16,,,,,,,,,,,,,,,,2,,Supported,Supported,Not Supported,Not Supported,Supported,Not Supported,Not Supported,Not Supported,,Not Supported,,,,,,,"12,500",,,,,,,,,,,,,,,,,,,,,,,,,,,,,,,,,,,,,,,,,,,,,,,,,,,,,,,,,,,,,,,,,,,,,,,,,,,,,,,,,,,,,,,,,,,,,,,,,,,,,
Standard_DC8es_v6,Intel Xeon Platinum 8573C (Emerald Rapids) [x86-64],8,32,,,,,,,,,,,,,,,,4,,Supported,Supported,Not Supported,Not Supported,Supported,Not Supported,Not Supported,Not Supported,,Not Supported,,,,,,,"12,500",,,,,,,,,,,,,,,,,,,,,,,,,,,,,,,,,,,,,,,,,,,,,,,,,,,,,,,,,,,,,,,,,,,,,,,,,,,,,,,,,,,,,,,,,,,,,,,,,,,,,
Standard_DC16es_v6,Intel Xeon Platinum 8573C (Emerald Rapids) [x86-64],16,64,,,,,,,,,,,,,,,,8,,Supported,Supported,Not Supported,Not Supported,Supported,Not Supported,Not Supported,Not Supported,,Not Supported,,,,,,,"12,500",,,,,,,,,,,,,,,,,,,,,,,,,,,,,,,,,,,,,,,,,,,,,,,,,,,,,,,,,,,,,,,,,,,,,,,,,,,,,,,,,,,,,,,,,,,,,,,,,,,,,
Standard_DC32es_v6,Intel Xeon Platinum 8573C (Emerald Rapids) [x86-64],32,128,,,,,,,,,,,,,,,,8,,Supported,Supported,Not Supported,Not Supported,Supported,Not Supported,Not Supported,Not Supported,,Not Supported,,,,,,,"16,000",,,,,,,,,,,,,,,,,,,,,,,,,,,,,,,,,,,,,,,,,,,,,,,,,,,,,,,,,,,,,,,,,,,,,,,,,,,,,,,,,,,,,,,,,,,,,,,,,,,,,
Standard_DC48es_v6,Intel Xeon Platinum 8573C (Emerald Rapids) [x86-64],48,192,,,,,,,,,,,,,,,,8,,Supported,Supported,Not Supported,Not Supported,Supported,Not Supported,Not Supported,Not Supported,,Not Supported,,,,,,,"24,000",,,,,,,,,,,,,,,,,,,,,,,,,,,,,,,,,,,,,,,,,,,,,,,,,,,,,,,,,,,,,,,,,,,,,,,,,,,,,,,,,,,,,,,,,,,,,,,,,,,,,
Standard_DC64es_v6,Intel Xeon Platinum 8573C (Emerald Rapids) [x86-64],64,256,,,,,,,,,,,,,,,,8,,Supported,Supported,Not Supported,Not Supported,Supported,Not Supported,Not Supported,Not Supported,,Not Supported,,,,,,,"30,000",,,,,,,,,,,,,,,,,,,,,,,,,,,,,,,,,,,,,,,,,,,,,,,,,,,,,,,,,,,,,,,,,,,,,,,,,,,,,,,,,,,,,,,,,,,,,,,,,,,,,
Standard_DC96es_v6,Intel Xeon Platinum 8573C (Emerald Rapids) [x86-64],96,384,,,,,,,,,,,,,,,,8,,Supported,Supported,Not Supported,Not Supported,Supported,Not Supported,Not Supported,Not Supported,,Not Supported,,,,,,,"41,000",,,,,,,,,,,,,,,,,,,,,,,,,,,,,,,,,,,,,,,,,,,,,,,,,,,,,,,,,,,,,,,,,,,,,,,,,,,,,,,,,,,,,,,,,,,,,,,,,,,,,
Standard_DC128es_v6,Intel Xeon Platinum 8573C (Emerald Rapids) [x86-64],128,512,,,,,,,,,,,,,,,,8,,Supported,Supported,Not Supported,Not Supported,Supported,Not Supported,Not Supported,Not Supported,,Not Supported,,,,,,,"54,000",,,,,,,,,,,,,,,,,,,,,,,,,,,,,,,,,,,,,,,,,,,,,,,,,,,,,,,,,,,,,,,,,,,,,,,,,,,,,,,,,,,,,,,,,,,,,,,,,,,,,
Standard_DC1s_v2,Intel Xeon E-2288G (Coffee Lake) [x86-64],,4,1,50,,,,,1,,,,,,,,,1,,Supported,Supported,Not Supported,Not Supported,Supported,Not Supported,Not Supported,Supported,,Not Supported,,,,,,,,,,,,,,,,,,,,,,,,,,,1,,,,28,,,,,,,,,,,,,,,,,,,,,,,,,,,,,,,,,,,,,,,,,,,,,,,,,,,,,,,,,,,,,,,,,,,,,,,,,,,,,
Standard_DC2s_v2,Intel Xeon E-2288G (Coffee Lake) [x86-64],,8,1,100,,,,,2,,,,,,,,,1,,Supported,Supported,Not Supported,Not Supported,Supported,Not Supported,Not Supported,Supported,,Not Supported,,,,,,,,,,,,,,,,,,,,,,,,,,,2,,,,56,,,,,,,,,,,,,,,,,,,,,,,,,,,,,,,,,,,,,,,,,,,,,,,,,,,,,,,,,,,,,,,,,,,,,,,,,,,,,
Standard_DC4s_v2,Intel Xeon E-2288G (Coffee Lake) [x86-64],,16,1,200,,,,,4,,,,,,,,,1,,Supported,Supported,Not Supported,Not Supported,Supported,Not Supported,Not Supported,Supported,,Not Supported,,,,,,,,,,,,,,,,,,,,,,,,,,,4,,,,112,,,,,,,,,,,,,,,,,,,,,,,,,,,,,,,,,,,,,,,,,,,,,,,,,,,,,,,,,,,,,,,,,,,,,,,,,,,,,
Standard_DC8_v2,Intel Xeon E-2288G (Coffee Lake) [x86-64],,32,1,400,,,,,8,,,,,,,,,1,,Supported,Supported,Not Supported,Not Supported,Supported,Not Supported,Not Supported,Supported,,Not Supported,,,,,,,,,,,,,,,,,,,,,,,,,,,8,,,,168,,,,,,,,,,,,,,,,,,,,,,,,,,,,,,,,,,,,,,,,,,,,,,,,,,,,,,,,,,,,,,,,,,,,,,,,,,,,,
Standard_DC1s_v3,Intel Xeon (Ice Lake) [x86-64],,8,,,,,,,4,,,,,,,,,2,,Supported,Not Supported,Not Supported,Not Supported,Supported,Not Supported,Not Supported,Supported,,Not Supported,,,,,,,,,,,,,,,,,,,,,,,,,,,1,4,,,,,,,,,,,,,,,,,,,,,,,,,,,,,,,,,,,,,,,,,,,,,,,,,,,,,,,,,,,,,,,,,,,,,,,,,,,,,,,,
Standard_DC2s_v3,Intel Xeon (Ice Lake) [x86-64],,16,,,,,,,8,,,,,,,,,2,,Supported,Not Supported,Not Supported,Not Supported,Supported,Not Supported,Not Supported,Supported,,Not Supported,,,,,,,,,,,,,,,,,,,,,,,,,,,2,8,,,,,,,,,,,,,,,,,,,,,,,,,,,,,,,,,,,,,,,,,,,,,,,,,,,,,,,,,,,,,,,,,,,,,,,,,,,,,,,,
Standard_DC4s_v3,Intel Xeon (Ice Lake) [x86-64],,32,,,,,,,16,,,,,,,,,4,,Supported,Not Supported,Not Supported,Not Supported,Supported,Not Supported,Not Supported,Supported,,Not Supported,,,,,,,,,,,,,,,,,,,,,,,,,,,4,16,,,,,,,,,,,,,,,,,,,,,,,,,,,,,,,,,,,,,,,,,,,,,,,,,,,,,,,,,,,,,,,,,,,,,,,,,,,,,,,,
Standard_DC8s_v3,Intel Xeon (Ice Lake) [x86-64],,64,,,,,,,32,,,,,,,,,8,,Supported,Not Supported,Not Supported,Not Supported,Supported,Not Supported,Not Supported,Supported,,Not Supported,,,,,,,,,,,,,,,,,,,,,,,,,,,8,32,,,,,,,,,,,,,,,,,,,,,,,,,,,,,,,,,,,,,,,,,,,,,,,,,,,,,,,,,,,,,,,,,,,,,,,,,,,,,,,,
Standard_DC16s_v3,Intel Xeon (Ice Lake) [x86-64],,128,,,,,,,32,,,,,,,,,8,,Supported,Not Supported,Not Supported,Not Supported,Supported,Not Supported,Not Supported,Supported,,Not Supported,,,,,,,,,,,,,,,,,,,,,,,,,,,16,64,,,,,,,,,,,,,,,,,,,,,,,,,,,,,,,,,,,,,,,,,,,,,,,,,,,,,,,,,,,,,,,,,,,,,,,,,,,,,,,,
Standard_DC24s_v3,Intel Xeon (Ice Lake) [x86-64],,192,,,,,,,32,,,,,,,,,8,,Supported,Not Supported,Not Supported,Not Supported,Supported,Not Supported,Not Supported,Supported,,Not Supported,,,,,,,,,,,,,,,,,,,,,,,,,,,24,128,,,,,,,,,,,,,,,,,,,,,,,,,,,,,,,,,,,,,,,,,,,,,,,,,,,,,,,,,,,,,,,,,,,,,,,,,,,,,,,,
Standard_DC32s_v3,Intel Xeon (Ice Lake) [x86-64],,256,,,,,,,32,,,,,,,,,8,,Supported,Not Supported,Not Supported,Not Supported,Supported,Not Supported,Not Supported,Supported,,Not Supported,,,,,,,,,,,,,,,,,,,,,,,,,,,32,192,,,,,,,,,,,,,,,,,,,,,,,,,,,,,,,,,,,,,,,,,,,,,,,,,,,,,,,,,,,,,,,,,,,,,,,,,,,,,,,,
Standard_DC48s_v3,Intel Xeon (Ice Lake) [x86-64],,384,,,,,,,32,,,,,,,,,8,,Supported,Not Supported,Not Supported,Not Supported,Supported,Not Supported,Not Supported,Supported,,Not Supported,,,,,,,,,,,,,,,,,,,,,,,,,,,48,256,,,,,,,,,,,,,,,,,,,,,,,,,,,,,,,,,,,,,,,,,,,,,,,,,,,,,,,,,,,,,,,,,,,,,,,,,,,,,,,,
Standard_D2ds_v4,Intel Xeon Platinum 8370C (Ice Lake) [x86-64] Intel Xeon Platinum 8272CL (Cascade Lake) [x86-64] Intel Xeon Platinum 8573C (Emerald Rapids) [x86-64],2,8,1,75,"9,000",,,,4,"3,200",,"4,000",,,,,,2,,Supported,Supported,Supported,Supported,,,Supported,,,Supported,,,,,125,,"5,000",Generation 1 and 2,Supported,,,,,48,200,Supported,,,,,,,,,,,,,,,,,,,,,,,,,,,,,,,,,,,,,,,,,,,,,,,,,,,,,,,,,,,,,,,,,,,,,,,,,,,,,,,,,,,,,,,,,,,,
Standard_D4ds_v4,Intel Xeon Platinum 8370C (Ice Lake) [x86-64] Intel Xeon Platinum 8272CL (Cascade Lake) [x86-64] Intel Xeon Platinum 8573C (Emerald Rapids) [x86-64],4,16,1,150,"19,000",,,,8,"6,400",,"8,000",,,,,,2,,Supported,Supported,Supported,Supported,,,Supported,,,Supported,,,,,250,,"10,000",Generation 1 and 2,Supported,,,,,96,200,Supported,,,,,,,,,,,,,,,,,,,,,,,,,,,,,,,,,,,,,,,,,,,,,,,,,,,,,,,,,,,,,,,,,,,,,,,,,,,,,,,,,,,,,,,,,,,,
Standard_D8ds_v4,Intel Xeon Platinum 8370C (Ice Lake) [x86-64] Intel Xeon Platinum 8272CL (Cascade Lake) [x86-64] Intel Xeon Platinum 8573C (Emerald Rapids) [x86-64],8,32,1,300,"38,000",,,,16,"12,800",,"16,000",,,,,,4,,Supported,Supported,Supported,Supported,,,Supported,,,Supported,,,,,500,,"12,500",Generation 1 and 2,Supported,,,,,192,400,Supported,,,,,,,,,,,,,,,,,,,,,,,,,,,,,,,,,,,,,,,,,,,,,,,,,,,,,,,,,,,,,,,,,,,,,,,,,,,,,,,,,,,,,,,,,,,,
Standard_D16ds_v4,Intel Xeon Platinum 8370C (Ice Lake) [x86-64] Intel Xeon Platinum 8272CL (Cascade Lake) [x86-64] Intel Xeon Platinum 8573C (Emerald Rapids) [x86-64],16,64,1,600,"85,000",,,,32,"25,600",,"32,000",,,,,,8,,Supported,Supported,Supported,Supported,,,Supported,,,Supported,,,,,"1,000",,"12,500",Generation 1 and 2,Supported,,,,,384,800,Supported,,,,,,,,,,,,,,,,,,,,,,,,,,,,,,,,,,,,,,,,,,,,,,,,,,,,,,,,,,,,,,,,,,,,,,,,,,,,,,,,,,,,,,,,,,,,
Standard_D32ds_v4,Intel Xeon Platinum 8370C (Ice Lake) [x86-64] Intel Xeon Platinum 8272CL (Cascade Lake) [x86-64] Intel Xeon Platinum 8573C (Emerald Rapids) [x86-64],32,128,1,"1,200","150,000",,,,32,"51,200",,"64,000",,,,,,8,,Supported,Supported,Supported,Supported,,,Supported,,,Supported,,,,,2000,,"16,000",Generation 1 and 2,Supported,,,,,768,"1,600",Supported,,,,,,,,,,,,,,,,,,,,,,,,,,,,,,,,,,,,,,,,,,,,,,,,,,,,,,,,,,,,,,,,,,,,,,,,,,,,,,,,,,,,,,,,,,,,
Standard_D48ds_v4,Intel Xeon Platinum 8370C (Ice Lake) [x86-64] Intel Xeon Platinum 8272CL (Cascade Lake) [x86-64] Intel Xeon Platinum 8573C (Emerald Rapids) [x86-64],48,192,1,"1,800","225,000",,,,32,"76,800",,"80,000",,,,,,8,,Supported,Supported,Supported,Supported,,,Supported,,,Supported,,,,,"3,000",,"24,000",Generation 1 and 2,Supported,,,,,"1,152",2000,Supported,,,,,,,,,,,,,,,,,,,,,,,,,,,,,,,,,,,,,,,,,,,,,,,,,,,,,,,,,,,,,,,,,,,,,,,,,,,,,,,,,,,,,,,,,,,,
Standard_D64ds_v4,Intel Xeon Platinum 8370C (Ice Lake) [x86-64] Intel Xeon Platinum 8272CL (Cascade Lake) [x86-64] Intel Xeon Platinum 8573C (Emerald Rapids) [x86-64],64,256,1,"2,400","300,000",,,,32,"80,000",,"80,000",,,,,,8,,Supported,Supported,Supported,Supported,,,Supported,,,Supported,,,,,"4,000",,"30,000",Generation 1 and 2,Supported,,,,,"1,200",2000,Supported,,,,,,,,,,,,,,,,,,,,,,,,,,,,,,,,,,,,,,,,,,,,,,,,,,,,,,,,,,,,,,,,,,,,,,,,,,,,,,,,,,,,,,,,,,,,
Standard_D2ds_v5,Intel Xeon Platinum 8370C (Ice Lake) [x86-64] Intel Xeon Platinum 8573C (Emerald Rapids) [x86-64],2,8,1,75,"9,000",,,,4,"3,750",,"10,000",,,,,,2,,Supported,Supported,Supported,Supported,,,,,,Supported,,,,,125,,"12,500",Generation 1 and 2,Supported,,,,,85,"1,200",,,,,,,,,,,,,,,,,Required,,,,,,,,,,,,,,,,,,,,,,,,,,,,,,,,,,,,,,,,,,,,,,,,,,,,,,,,,,,,,,,,,,,,,,,,,,,,
Standard_D4ds_v5,Intel Xeon Platinum 8370C (Ice Lake) [x86-64] Intel Xeon Platinum 8573C (Emerald Rapids) [x86-64],4,16,1,150,"19,000",,,,8,"6,400",,"20,000",,,,,,2,,Supported,Supported,Supported,Supported,,,,,,Supported,,,,,250,,"12,500",Generation 1 and 2,Supported,,,,,145,"1,200",,,,,,,,,,,,,,,,,Required,,,,,,,,,,,,,,,,,,,,,,,,,,,,,,,,,,,,,,,,,,,,,,,,,,,,,,,,,,,,,,,,,,,,,,,,,,,,
Standard_D8ds_v5,Intel Xeon Platinum 8370C (Ice Lake) [x86-64] Intel Xeon Platinum 8573C (Emerald Rapids) [x86-64],8,32,1,300,"38,000",,,,16,"12,800",,"20,000",,,,,,4,,Supported,Supported,Supported,Supported,,,,,,Supported,,,,,500,,"12,500",Generation 1 and 2,Supported,,,,,290,"1,200",,,,,,,,,,,,,,,,,Required,,,,,,,,,,,,,,,,,,,,,,,,,,,,,,,,,,,,,,,,,,,,,,,,,,,,,,,,,,,,,,,,,,,,,,,,,,,,
Standard_D16ds_v5,Intel Xeon Platinum 8370C (Ice Lake) [x86-64] Intel Xeon Platinum 8573C (Emerald Rapids) [x86-64],16,64,1,600,"75,000",,,,32,"25,600",,"40,000",,,,,,8,,Supported,Supported,Supported,Supported,,,,,,Supported,,,,,"1,000",,"12,500",Generation 1 and 2,Supported,,,,,600,"1,200",,,,,,,,,,,,,,,,,Required,,,,,,,,,,,,,,,,,,,,,,,,,,,,,,,,,,,,,,,,,,,,,,,,,,,,,,,,,,,,,,,,,,,,,,,,,,,,
Standard_D32ds_v5,Intel Xeon Platinum 8370C (Ice Lake) [x86-64] Intel Xeon Platinum 8573C (Emerald Rapids) [x86-64],32,128,1,"1,200","150,000",,,,32,"51,200",,"80,000",,,,,,8,,Supported,Supported,Supported,Supported,,,,,,Supported,,,,,2000,,"16,000",Generation 1 and 2,Supported,,,,,865,2000,,,,,,,,,,,,,,,,,Required,,,,,,,,,,,,,,,,,,,,,,,,,,,,,,,,,,,,,,,,,,,,,,,,,,,,,,,,,,,,,,,,,,,,,,,,,,,,
Standard_D48ds_v5,Intel Xeon Platinum 8370C (Ice Lake) [x86-64] Intel Xeon Platinum 8573C (Emerald Rapids) [x86-64],48,192,1,"1,800","225,000",,,,32,"76,800",,"80,000",,,,,,8,,Supported,Supported,Supported,Supported,,,,,,Supported,,,,,"3,000",,"24,000",Generation 1 and 2,Supported,,,,,"1,315","3,000",,,,,,,,,,,,,,,,,Required,,,,,,,,,,,,,,,,,,,,,,,,,,,,,,,,,,,,,,,,,,,,,,,,,,,,,,,,,,,,,,,,,,,,,,,,,,,,
Standard_D64ds_v5,Intel Xeon Platinum 8370C (Ice Lake) [x86-64] Intel Xeon Platinum 8573C (Emerald Rapids) [x86-64],64,256,1,"2,400","300,000",,,,32,"80,000",,"80,000",,,,,,8,,Supported,Supported,Supported,Supported,,,,,,Supported,,,,,"4,000",,"30,000",Generation 1 and 2,Supported,,,,,"1,735","3,000",,,,,,,,,,,,,,,,,Required,,,,,,,,,,,,,,,,,,,,,,,,,,,,,,,,,,,,,,,,,,,,,,,,,,,,,,,,,,,,,,,,,,,,,,,,,,,,
Standard_D96ds_v5,Intel Xeon Platinum 8370C (Ice Lake) [x86-64] Intel Xeon Platinum 8573C (Emerald Rapids) [x86-64],96,384,1,"3,600","450,000",,,,32,"80,000",,"80,000",,,,,,8,,Supported,Supported,Supported,Supported,,,,,,Supported,,,,,"4,000",,"35,000",Generation 1 and 2,Supported,,,,,"2,600","4,000",,,,,,,,,,,,,,,,,Required,,,,,,,,,,,,,,,,,,,,,,,,,,,,,,,,,,,,,,,,,,,,,,,,,,,,,,,,,,,,,,,,,,,,,,,,,,,,
Standard_D2ds_v6,Intel Xeon Platinum 8573C (Emerald Rapids) [x86-64],2,8,1,,,,,,8,"3,750",,"40,000",,"4,167",,,,2,,Supported,Supported,Supported,Supported,Supported,Not Supported,Supported,Supported,Supported,Supported,,,,,,,"12,500",,,,,,,106,"1,250",,110,"37,500",180,124,,Not Supported,Not Supported,,,,,,,,,,"15,000",90,"44,444","1,463",,,,,,,,,,,,,,,,,,,,,,,,,,,,,,,,,,,,,,,,,,,,,,,,,,,,,,,,,,,,,,,,,,,,,,,,
Standard_D4ds_v6,Intel Xeon Platinum 8573C (Emerald Rapids) [x86-64],4,16,1,,,,,,12,"6,400",,"40,000",,"8,333",,,,2,,Supported,Supported,Supported,Supported,Supported,Not Supported,Supported,Supported,Supported,Supported,,,,,,,"12,500",,,,,,,212,"1,250",,220,"75,000",360,248,,Not Supported,Not Supported,,,,,,,,,,"30,000",180,"52,083","1,463",,,,,,,,,,,,,,,,,,,,,,,,,,,,,,,,,,,,,,,,,,,,,,,,,,,,,,,,,,,,,,,,,,,,,,,,
Standard_D8ds_v6,Intel Xeon Platinum 8573C (Emerald Rapids) [x86-64],8,32,1,,,,,,24,"12,800",,"40,000",,"16,667",,,,4,,Supported,Supported,Supported,Supported,Supported,Not Supported,Supported,Supported,Supported,Supported,,,,,,,"12,500",,,,,,,424,"1,250",,440,"150,000",720,496,,Not Supported,Not Supported,,,,,,,,,,"60,000",360,"52,083","1,463",,,,,,,,,,,,,,,,,,,,,,,,,,,,,,,,,,,,,,,,,,,,,,,,,,,,,,,,,,,,,,,,,,,,,,,,
Standard_D16ds_v6,Intel Xeon Platinum 8573C (Emerald Rapids) [x86-64],16,64,2,,,,,,48,"25,600",,"40,000",,"33,333",,,,8,,Supported,Supported,Supported,Supported,Supported,Not Supported,Supported,Supported,Supported,Supported,,,,,,,"12,500",,,,,,,848,"1,250",,440,"300,000","1,440",992,,Not Supported,Not Supported,,,,,,,,,,"120,000",720,"52,083","1,463",,,,,,,,,,,,,,,,,,,,,,,,,,,,,,,,,,,,,,,,,,,,,,,,,,,,,,,,,,,,,,,,,,,,,,,,
Standard_D32ds_v6,Intel Xeon Platinum 8573C (Emerald Rapids) [x86-64],32,128,4,,,,,,64,"51,200",,"80,000",,"66,667",,,,8,,Supported,Supported,Supported,Supported,Supported,Not Supported,Supported,Supported,Supported,Supported,,,,,,,"16,000",,,,,,,"1,696","1,696",,440,"600,000","2,880",1984,,Not Supported,Not Supported,,,,,,,,,,"240,000","1,440","104,167",1984,,,,,,,,,,,,,,,,,,,,,,,,,,,,,,,,,,,,,,,,,,,,,,,,,,,,,,,,,,,,,,,,,,,,,,,,
Standard_D48ds_v6,Intel Xeon Platinum 8573C (Emerald Rapids) [x86-64],48,192,6,,,,,,64,"76,800",,"80,000",,"100,000",,,,8,,Supported,Supported,Supported,Supported,Supported,Not Supported,Supported,Supported,Supported,Supported,,,,,,,"24,000",,,,,,,"2,544","2,544",,440,"900,000","4,320","2,976",,Not Supported,Not Supported,,,,,,,,,,"360,000","2,160","104,167","2,976",,,,,,,,,,,,,,,,,,,,,,,,,,,,,,,,,,,,,,,,,,,,,,,,,,,,,,,,,,,,,,,,,,,,,,,,
Standard_D64ds_v6,Intel Xeon Platinum 8573C (Emerald Rapids) [x86-64],64,256,4,,,,,,64,"102,400",,"102,400",,"133,333",,,,8,,Supported,Supported,Supported,Supported,Supported,Not Supported,Supported,Supported,Supported,Supported,,,,,,,"30,000",,,,,,,"3,392","3,392",,880,"1,200,000","5,760","3,969",,Not Supported,Not Supported,,,,,,,,,,"480,000","2,880","133,333","3,969",,,,,,,,,,,,,,,,,,,,,,,,,,,,,,,,,,,,,,,,,,,,,,,,,,,,,,,,,,,,,,,,,,,,,,,,
Standard_D96ds_v6,Intel Xeon Platinum 8573C (Emerald Rapids) [x86-64],96,384,6,,,,,,64,"153,600",,"153,600",,"200,000",,,,8,,Supported,Supported,Supported,Supported,Supported,Not Supported,Supported,Supported,Supported,Supported,,,,,,,"41,000",,,,,,,"5,088","5,088",,880,"1,800,000","8,640","5,953",,Not Supported,Not Supported,,,,,,,,,,"720,000","4,320","200,000","5,953",,,,,,,,,,,,,,,,,,,,,,,,,,,,,,,,,,,,,,,,,,,,,,,,,,,,,,,,,,,,,,,,,,,,,,,,
Standard_D128ds_v6,Intel Xeon Platinum 8573C (Emerald Rapids) [x86-64],128,512,4,,,,,,64,"204,800",,"204,800",,"266,667",,,,8,,Supported,Supported,Supported,Supported,Supported,Not Supported,Supported,Supported,Supported,Supported,,,,,,,"54,000",,,,,,,"6,782","6,782",,"1,760","2,400,000","11,520","7,935",,Not Supported,Not Supported,,,,,,,,,,"960,000","5,760","266,667","7,935",,,,,,,,,,,,,,,,,,,,,,,,,,,,,,,,,,,,,,,,,,,,,,,,,,,,,,,,,,,,,,,,,,,,,,,,
Standard_D192ds_v6,Intel Xeon Platinum 8573C (Emerald Rapids) [x86-64],192,768,6,,,,,,64,"260,000",,"260,000",,"400,400",,,,8,,Supported,Supported,Supported,Supported,Supported,Not Supported,Supported,Supported,Supported,Supported,,,,,,,"82,000",,,,,,,"12,000","12,000",,"1,760","3,600,000","17,280","12,000",,Not Supported,Not Supported,,,,,,,,,,"1,440,000","8,640","400,400","12,000",,,,,,,,,,,,,,,,,,,,,,,,,,,,,,,,,,,,,,,,,,,,,,,,,,,,,,,,,,,,,,,,,,,,,,,,
Standard_D2ds_v7,Intel Xeon 6 6973PC (Granite Rapids) [x86-64],2,,1,110,,,,,10,"4,000",,"45,000",,"5,000",,"56,250",,3,,Supported,Supported,Supported,Supported,Supported,Not Supported,Supported,,,Supported,,,,,,,"16,000",,,,,,,115,"1,410",,,,,135,"1,640",,,,,,,,,,,,,,,,8,"50,000",280,"25,000",140,,,,,,,,,,,,,,,,,,,,,,,,,,,,,,,,,,,,,,,,,,,,,,,,,,,,,,,,,,,,,,,,,,,
Standard_D4ds_v7,Intel Xeon 6 6973PC (Granite Rapids) [x86-64],4,,1,220,,,,,12,"8,000",,"45,000",,"10,000",,"56,250",,4,,Supported,Supported,Supported,Supported,Supported,Not Supported,Supported,,,Supported,,,,,,,"25,000",,,,,,,230,"1,410",,,,,270,"1,640",,,,,,,,,,,,,,,,16,"100,000",560,"50,000",280,,,,,,,,,,,,,,,,,,,,,,,,,,,,,,,,,,,,,,,,,,,,,,,,,,,,,,,,,,,,,,,,,,,
Standard_D8ds_v7,Intel Xeon 6 6973PC (Granite Rapids) [x86-64],8,,1,440,,,,,26,"16,000",,"45,000",,"20,000",,"56,250",,4,,Supported,Supported,Supported,Supported,Supported,Not Supported,Supported,,,Supported,,,,,,,"25,000",,,,,,,460,"1,410",,,,,540,"1,640",,,,,,,,,,,,,,,,32,"200,000","1,120","100,000",560,,,,,,,,,,,,,,,,,,,,,,,,,,,,,,,,,,,,,,,,,,,,,,,,,,,,,,,,,,,,,,,,,,,
Standard_D16ds_v7,Intel Xeon 6 6973PC (Granite Rapids) [x86-64],16,,2,440,,,,,48,"32,000",,"75,000",,"40,000",,"93,750",,8,,Supported,Supported,Supported,Supported,Supported,Not Supported,Supported,,,Supported,,,,,,,"25,000",,,,,,,920,"1,410",,,,,"1,080","1,640",,,,,,,,,,,,,,,,64,"400,000","2,240","200,000","1,120",,,,,,,,,,,,,,,,,,,,,,,,,,,,,,,,,,,,,,,,,,,,,,,,,,,,,,,,,,,,,,,,,,,
Standard_D32ds_v7,Intel Xeon 6 6973PC (Granite Rapids) [x86-64],32,,4,440,,,,,64,"64,000",,"100,000",,"80,000",,"125,000",,8,,Supported,Supported,Supported,Supported,Supported,Not Supported,Supported,,,Supported,,,,,,,"25,000",,,,,,,"1,840","1,915",,,,,"2,160","2,225",,,,,,,,,,,,,,,,128,"800,000","4,480","400,000","2,240",,,,,,,,,,,,,,,,,,,,,,,,,,,,,,,,,,,,,,,,,,,,,,,,,,,,,,,,,,,,,,,,,,,
Standard_D48ds_v7,Intel Xeon 6 6973PC (Granite Rapids) [x86-64],48,,6,440,,,,,64,"96,000",,"160,000",,"120,000",,"200,000",,8,,Supported,Supported,Supported,Supported,Supported,Not Supported,Supported,,,Supported,,,,,,,"35,000",,,,,,,"2,760","2,875",,,,,"3,285","3,335",,,,,,,,,,,,,,,,192,"1,200,000","6,720","600,000","3,360",,,,,,,,,,,,,,,,,,,,,,,,,,,,,,,,,,,,,,,,,,,,,,,,,,,,,,,,,,,,,,,,,,,
Standard_D64ds_v7,Intel Xeon 6 6973PC (Granite Rapids) [x86-64],64,,4,880,,,,,64,"128,000",,"160,000",,"160,000",,"200,000",,15,,Supported,Supported,Supported,Supported,Supported,Not Supported,Supported,,,Supported,,,,,,,"45,000",,,,,,,"3,680","3,830",,,,,"4,320","4,450",,,,,,,,,,,,,,,,256,"1,600,000","8,960","800,000","4,480",,,,,,,,,,,,,,,,,,,,,,,,,,,,,,,,,,,,,,,,,,,,,,,,,,,,,,,,,,,,,,,,,,,
Standard_D96ds_v7,Intel Xeon 6 6973PC (Granite Rapids) [x86-64],96,,6,880,,,,,64,"192,000",,"200,000",,"240,000",,"205,000",,15,,Supported,Supported,Supported,Supported,Supported,Not Supported,Supported,,,Supported,,,,,,,"70,000",,,,,,,"5,520","5,745",,,,,"6,570","6,675",,,,,,,,,,,,,,,,384,"2,400,000","13,440","1,200,000","6,720",,,,,,,,,,,,,,,,,,,,,,,,,,,,,,,,,,,,,,,,,,,,,,,,,,,,,,,,,,,,,,,,,,,
Standard_D128ds_v7,Intel Xeon 6 6973PC (Granite Rapids) [x86-64],128,,4,"1,760",,,,,64,"204,800",,"225,280",,"320,000",,"352,000",,15,,Supported,Supported,Supported,Supported,Supported,Not Supported,Supported,,,Supported,,,,,,,"85,000",,,,,,,"7,360","7,660",,,,,"8,640","8,895",,,,,,,,,,,,,,,,512,"3,200,000","17,920","1,600,000","8,960",,,,,,,,,,,,,,,,,,,,,,,,,,,,,,,,,,,,,,,,,,,,,,,,,,,,,,,,,,,,,,,,,,,
Standard_D192ds_v7,Intel Xeon 6 6973PC (Granite Rapids) [x86-64],192,,6,"1,760",,,,,64,"307,200",,"350,000",,"480,000",,"546,875",,15,,Supported,Supported,Supported,Supported,Supported,Not Supported,Supported,,,Supported,,,,,,,"100,000",,,,,,,"11,040","12,000",,,,,"13,140","13,930",,,,,,,,,,,,,,,,768,"4,800,000","26,880","2,400,000","13,440",,,,,,,,,,,,,,,,,,,,,,,,,,,,,,,,,,,,,,,,,,,,,,,,,,,,,,,,,,,,,,,,,,,
*Standard_D248ds_v7,Intel Xeon 6 6973PC (Granite Rapids) [x86-64],248,,5,"2,816",,,,,64,"396,800",,"500,000",,"620,000",,"781,250",,15,,Supported,Supported,Supported,Supported,Supported,Not Supported,Supported,,,Supported,,,,,,,"150,000",,,,,,,"13,145","15,000",,,,,"16,740","19,385",,,,,,,,,,,,,,,,992,"6,400,000","35,840","3,200,000","17,000",,,,,,,,,,,,,,,,,,,,,,,,,,,,,,,,,,,,,,,,,,,,,,,,,,,,,,,,,,,,,,,,,,,
*Standard_D372ds_v7,Intel Xeon 6 6973PC (Granite Rapids) [x86-64],372,,6,"3,520",,,,,64,"500,000",,"500,000",,"800,000",,"800,000",,15,,Supported,Supported,Supported,Supported,Supported,Not Supported,Supported,,,Supported,,,,,,,"200,000",,,,,,,"16,000","16,000",,,,,"20,000","20,000",,,,,,,,,,,,,,,,"1,488","9,600,000","53,760","4,800,000","20,400",,,,,,,,,,,,,,,,,,,,,,,,,,,,,,,,,,,,,,,,,,,,,,,,,,,,,,,,,,,,,,,,,,,
Standard_D2d_v4,Intel Xeon Platinum 8370C (Ice Lake) [x86-64] Intel Xeon Platinum 8272CL (Cascade Lake) [x86-64] Intel Xeon Platinum 8573C (Emerald Rapids) [x86-64],2,8,1,75,"9,000",,,,4,"3,200",,"4,000",,,,,,2,,Not Supported,Not Supported,Supported,Supported,,,Supported,,,Supported,,,,,125,,"5,000",Generation 1 and 2,Supported,,,,,48,200,Supported,,,,,,,,,,,,,,,,,,,,,,,,,,,,,,,,,,,,,,,,,,,,,,,,,,,,,,,,,,,,,,,,,,,,,,,,,,,,,,,,,,,,,,,,,,,,
Standard_D4d_v4,Intel Xeon Platinum 8370C (Ice Lake) [x86-64] Intel Xeon Platinum 8272CL (Cascade Lake) [x86-64] Intel Xeon Platinum 8573C (Emerald Rapids) [x86-64],4,16,1,150,"19,000",,,,8,"6,400",,"8,000",,,,,,2,,Not Supported,Not Supported,Supported,Supported,,,Supported,,,Supported,,,,,250,,"10,000",Generation 1 and 2,Supported,,,,,96,200,Supported,,,,,,,,,,,,,,,,,,,,,,,,,,,,,,,,,,,,,,,,,,,,,,,,,,,,,,,,,,,,,,,,,,,,,,,,,,,,,,,,,,,,,,,,,,,,
Standard_D8d_v4,Intel Xeon Platinum 8370C (Ice Lake) [x86-64] Intel Xeon Platinum 8272CL (Cascade Lake) [x86-64] Intel Xeon Platinum 8573C (Emerald Rapids) [x86-64],8,32,1,300,"38,000",,,,16,"12,800",,"16,000",,,,,,4,,Not Supported,Not Supported,Supported,Supported,,,Supported,,,Supported,,,,,500,,"12,500",Generation 1 and 2,Supported,,,,,192,400,Supported,,,,,,,,,,,,,,,,,,,,,,,,,,,,,,,,,,,,,,,,,,,,,,,,,,,,,,,,,,,,,,,,,,,,,,,,,,,,,,,,,,,,,,,,,,,,
Standard_D16d_v4,Intel Xeon Platinum 8370C (Ice Lake) [x86-64] Intel Xeon Platinum 8272CL (Cascade Lake) [x86-64] Intel Xeon Platinum 8573C (Emerald Rapids) [x86-64],16,64,1,600,"75,000",,,,32,"25,600",,"32,000",,,,,,8,,Not Supported,Not Supported,Supported,Supported,,,Supported,,,Supported,,,,,"1,000",,"12,500",Generation 1 and 2,Supported,,,,,384,800,Supported,,,,,,,,,,,,,,,,,,,,,,,,,,,,,,,,,,,,,,,,,,,,,,,,,,,,,,,,,,,,,,,,,,,,,,,,,,,,,,,,,,,,,,,,,,,,
Standard_D32d_v4,Intel Xeon Platinum 8370C (Ice Lake) [x86-64] Intel Xeon Platinum 8272CL (Cascade Lake) [x86-64] Intel Xeon Platinum 8573C (Emerald Rapids) [x86-64],32,128,1,"1,200","150,000",,,,32,"51,200",,"64,000",,,,,,8,,Not Supported,Not Supported,Supported,Supported,,,Supported,,,Supported,,,,,2000,,"16,000",Generation 1 and 2,Supported,,,,,768,"1,600",Supported,,,,,,,,,,,,,,,,,,,,,,,,,,,,,,,,,,,,,,,,,,,,,,,,,,,,,,,,,,,,,,,,,,,,,,,,,,,,,,,,,,,,,,,,,,,,
Standard_D48d_v4,Intel Xeon Platinum 8370C (Ice Lake) [x86-64] Intel Xeon Platinum 8272CL (Cascade Lake) [x86-64] Intel Xeon Platinum 8573C (Emerald Rapids) [x86-64],48,192,1,"1,800","225,000",,,,32,"76,800",,"80,000",,,,,,8,,Not Supported,Not Supported,Supported,Supported,,,Supported,,,Supported,,,,,"3,000",,"24,000",Generation 1 and 2,Supported,,,,,"1,152",2000,Supported,,,,,,,,,,,,,,,,,,,,,,,,,,,,,,,,,,,,,,,,,,,,,,,,,,,,,,,,,,,,,,,,,,,,,,,,,,,,,,,,,,,,,,,,,,,,
Standard_D64d_v4,Intel Xeon Platinum 8370C (Ice Lake) [x86-64] Intel Xeon Platinum 8272CL (Cascade Lake) [x86-64] Intel Xeon Platinum 8573C (Emerald Rapids) [x86-64],64,256,1,"2,400","300,000",,,,32,"80,000",,"80,000",,,,,,8,,Not Supported,Not Supported,Supported,Supported,,,Supported,,,Supported,,,,,"4,000",,"30,000",Generation 1 and 2,Supported,,,,,"1,200",2000,Supported,,,,,,,,,,,,,,,,,,,,,,,,,,,,,,,,,,,,,,,,,,,,,,,,,,,,,,,,,,,,,,,,,,,,,,,,,,,,,,,,,,,,,,,,,,,,
Standard_D2d_v5,Intel Xeon Platinum 8370C (Ice Lake) [x86-64] Intel Xeon Platinum 8573C (Emerald Rapids) [x86-64],2,8,1,75,"9,000",,,,4,"3,750",,"10,000",,,,,,2,,Not Supported,Not Supported,Supported,Supported,,,Required,,,Supported,,,,,125,,"12,500",Generation 1 and 2,Supported,,,,,85,"1,200",Supported,,,,,,,,,,,,,,,,,,,,,,,,,,,,,,,,,,,,,,,,,,,,,,,,,,,,,,,,,,,,,,,,,,,,,,,,,,,,,,,,,,,,,,,,,,,,
Standard_D4d_v5,Intel Xeon Platinum 8370C (Ice Lake) [x86-64] Intel Xeon Platinum 8573C (Emerald Rapids) [x86-64],4,16,1,150,"19,000",,,,8,"6,400",,"20,000",,,,,,2,,Not Supported,Not Supported,Supported,Supported,,,Required,,,Supported,,,,,250,,"12,500",Generation 1 and 2,Supported,,,,,145,"1,200",Supported,,,,,,,,,,,,,,,,,,,,,,,,,,,,,,,,,,,,,,,,,,,,,,,,,,,,,,,,,,,,,,,,,,,,,,,,,,,,,,,,,,,,,,,,,,,,
Standard_D8d_v5,Intel Xeon Platinum 8370C (Ice Lake) [x86-64] Intel Xeon Platinum 8573C (Emerald Rapids) [x86-64],8,32,1,300,"38,000",,,,16,"12,800",,"20,000",,,,,,4,,Not Supported,Not Supported,Supported,Supported,,,Required,,,Supported,,,,,500,,"12,500",Generation 1 and 2,Supported,,,,,290,"1,200",Supported,,,,,,,,,,,,,,,,,,,,,,,,,,,,,,,,,,,,,,,,,,,,,,,,,,,,,,,,,,,,,,,,,,,,,,,,,,,,,,,,,,,,,,,,,,,,
Standard_D16d_v5,Intel Xeon Platinum 8370C (Ice Lake) [x86-64] Intel Xeon Platinum 8573C (Emerald Rapids) [x86-64],16,64,1,600,"75,000",,,,32,"25,600",,"40,000",,,,,,8,,Not Supported,Not Supported,Supported,Supported,,,Required,,,Supported,,,,,"1,000",,"12,500",Generation 1 and 2,Supported,,,,,600,"1,200",Supported,,,,,,,,,,,,,,,,,,,,,,,,,,,,,,,,,,,,,,,,,,,,,,,,,,,,,,,,,,,,,,,,,,,,,,,,,,,,,,,,,,,,,,,,,,,,
Standard_D32d_v5,Intel Xeon Platinum 8370C (Ice Lake) [x86-64] Intel Xeon Platinum 8573C (Emerald Rapids) [x86-64],32,128,1,"1,200","150,000",,,,32,"51,200",,"80,000",,,,,,8,,Not Supported,Not Supported,Supported,Supported,,,Required,,,Supported,,,,,2000,,"16,000",Generation 1 and 2,Supported,,,,,865,2000,Supported,,,,,,,,,,,,,,,,,,,,,,,,,,,,,,,,,,,,,,,,,,,,,,,,,,,,,,,,,,,,,,,,,,,,,,,,,,,,,,,,,,,,,,,,,,,,
Standard_D48d_v5,Intel Xeon Platinum 8370C (Ice Lake) [x86-64] Intel Xeon Platinum 8573C (Emerald Rapids) [x86-64],48,192,1,"1,800","225,000",,,,32,"76,800",,"80,000",,,,,,8,,Not Supported,Not Supported,Supported,Supported,,,Required,,,Supported,,,,,"3,000",,"24,000",Generation 1 and 2,Supported,,,,,"1,315","3,000",Supported,,,,,,,,,,,,,,,,,,,,,,,,,,,,,,,,,,,,,,,,,,,,,,,,,,,,,,,,,,,,,,,,,,,,,,,,,,,,,,,,,,,,,,,,,,,,
Standard_D64d_v5,Intel Xeon Platinum 8370C (Ice Lake) [x86-64] Intel Xeon Platinum 8573C (Emerald Rapids) [x86-64],64,256,1,"2,400","300,000",,,,32,"80,000",,"80,000",,,,,,8,,Not Supported,Not Supported,Supported,Supported,,,Required,,,Supported,,,,,"4,000",,"30,000",Generation 1 and 2,Supported,,,,,"1,735","3,000",Supported,,,,,,,,,,,,,,,,,,,,,,,,,,,,,,,,,,,,,,,,,,,,,,,,,,,,,,,,,,,,,,,,,,,,,,,,,,,,,,,,,,,,,,,,,,,,
Standard_D96d_v5,Intel Xeon Platinum 8370C (Ice Lake) [x86-64] Intel Xeon Platinum 8573C (Emerald Rapids) [x86-64],96,384,1,"3,600","450,000",,,,32,"80,000",,"80,000",,,,,,8,,Not Supported,Not Supported,Supported,Supported,,,Required,,,Supported,,,,,"4,000",,"35,000",Generation 1 and 2,Supported,,,,,"2,600","4,000",Supported,,,,,,,,,,,,,,,,,,,,,,,,,,,,,,,,,,,,,,,,,,,,,,,,,,,,,,,,,,,,,,,,,,,,,,,,,,,,,,,,,,,,,,,,,,,,
Standard_D2lds_v5,Intel Xeon Platinum 8473C (Sapphire Rapids) [x86-64] Intel Xeon Platinum 8370C (Ice Lake) [x86-64] Intel Xeon Platinum 8573C (Emerald Rapids) [x86-64],2,4,,,,,,,,,,,,,,,,2,,Supported,Supported,Supported,Supported,,,Required,,,Supported,,,,,,,"12,500",Generation 1 and 2,Supported,,,,,,,Supported,,,,,,,,,,,,,,,,,,,,,,,,,,1,75,"9,000",125,4,"3,750",85,"10,000","1,200",,,,,,,,,,,,,,,,,,,,,,,,,,,,,,,,,,,,,,,,,,,,,,,,,,,,,,,,,,
Standard_D4lds_v5,Intel Xeon Platinum 8473C (Sapphire Rapids) [x86-64] Intel Xeon Platinum 8370C (Ice Lake) [x86-64] Intel Xeon Platinum 8573C (Emerald Rapids) [x86-64],4,8,,,,,,,,,,,,,,,,2,,Supported,Supported,Supported,Supported,,,Required,,,Supported,,,,,,,"12,500",Generation 1 and 2,Supported,,,,,,,Supported,,,,,,,,,,,,,,,,,,,,,,,,,,1,150,"19,000",250,8,"6,400",145,"20,000","1,200",,,,,,,,,,,,,,,,,,,,,,,,,,,,,,,,,,,,,,,,,,,,,,,,,,,,,,,,,,
Standard_D8lds_v5,Intel Xeon Platinum 8473C (Sapphire Rapids) [x86-64] Intel Xeon Platinum 8370C (Ice Lake) [x86-64] Intel Xeon Platinum 8573C (Emerald Rapids) [x86-64],8,16,,,,,,,,,,,,,,,,4,,Supported,Supported,Supported,Supported,,,Required,,,Supported,,,,,,,"12,500",Generation 1 and 2,Supported,,,,,,,Supported,,,,,,,,,,,,,,,,,,,,,,,,,,1,300,"38,000",500,16,"12,800",290,"20,000","1,200",,,,,,,,,,,,,,,,,,,,,,,,,,,,,,,,,,,,,,,,,,,,,,,,,,,,,,,,,,
Standard_D16lds_v5,Intel Xeon Platinum 8473C (Sapphire Rapids) [x86-64] Intel Xeon Platinum 8370C (Ice Lake) [x86-64] Intel Xeon Platinum 8573C (Emerald Rapids) [x86-64],16,32,,,,,,,,,,,,,,,,8,,Supported,Supported,Supported,Supported,,,Required,,,Supported,,,,,,,"12,500",Generation 1 and 2,Supported,,,,,,,Supported,,,,,,,,,,,,,,,,,,,,,,,,,,1,600,"75,000","1,000",32,"25,600",600,"40,000","1,200",,,,,,,,,,,,,,,,,,,,,,,,,,,,,,,,,,,,,,,,,,,,,,,,,,,,,,,,,,
Standard_D32lds_v5,Intel Xeon Platinum 8473C (Sapphire Rapids) [x86-64] Intel Xeon Platinum 8370C (Ice Lake) [x86-64] Intel Xeon Platinum 8573C (Emerald Rapids) [x86-64],32,64,,,,,,,,,,,,,,,,8,,Supported,Supported,Supported,Supported,,,Required,,,Supported,,,,,,,"16,000",Generation 1 and 2,Supported,,,,,,,Supported,,,,,,,,,,,,,,,,,,,,,,,,,,1,"1,200","150,000",2000,32,"51,200",865,"80,000",2000,,,,,,,,,,,,,,,,,,,,,,,,,,,,,,,,,,,,,,,,,,,,,,,,,,,,,,,,,,
Standard_D48lds_v5,Intel Xeon Platinum 8473C (Sapphire Rapids) [x86-64] Intel Xeon Platinum 8370C (Ice Lake) [x86-64] Intel Xeon Platinum 8573C (Emerald Rapids) [x86-64],48,96,,,,,,,,,,,,,,,,8,,Supported,Supported,Supported,Supported,,,Required,,,Supported,,,,,,,"24,000",Generation 1 and 2,Supported,,,,,,,Supported,,,,,,,,,,,,,,,,,,,,,,,,,,1,"1,800","225,000","3,000",32,"76,800","1,315","80,000","3,000",,,,,,,,,,,,,,,,,,,,,,,,,,,,,,,,,,,,,,,,,,,,,,,,,,,,,,,,,,
Standard_D64lds_v5,Intel Xeon Platinum 8473C (Sapphire Rapids) [x86-64] Intel Xeon Platinum 8370C (Ice Lake) [x86-64] Intel Xeon Platinum 8573C (Emerald Rapids) [x86-64],64,128,,,,,,,,,,,,,,,,8,,Supported,Supported,Supported,Supported,,,Required,,,Supported,,,,,,,"30,000",Generation 1 and 2,Supported,,,,,,,Supported,,,,,,,,,,,,,,,,,,,,,,,,,,1,"2,400","300,000","4,000",32,"80,000","1,735","80,000","3,000",,,,,,,,,,,,,,,,,,,,,,,,,,,,,,,,,,,,,,,,,,,,,,,,,,,,,,,,,,
Standard_D96lds_v5,Intel Xeon Platinum 8473C (Sapphire Rapids) [x86-64] Intel Xeon Platinum 8370C (Ice Lake) [x86-64] Intel Xeon Platinum 8573C (Emerald Rapids) [x86-64],96,192,,,,,,,,,,,,,,,,8,,Supported,Supported,Supported,Supported,,,Required,,,Supported,,,,,,,"35,000",Generation 1 and 2,Supported,,,,,,,Supported,,,,,,,,,,,,,,,,,,,,,,,,,,1,"3,600","450,000","4,000",32,"80,000","2,600","80,000","4,000",,,,,,,,,,,,,,,,,,,,,,,,,,,,,,,,,,,,,,,,,,,,,,,,,,,,,,,,,,
Standard_D2lds_v6,Intel Xeon Platinum 8573C (Emerald Rapids) [x86-64],2,4,1,,,,,,8,"3,750",,"40,000",,"4,167",,"44,444",,2,,Supported,Supported,Supported,Supported,Supported,Not Supported,Supported,Supported,Supported,Supported,,,,,,,"12,500",,,,,,,106,"1,250",,110,"37,500",180,124,"1,463",Not Supported,Not Supported,,,,,,,,,,"15,000",90,,,,,,,,,,,,,,,,,,,,,,,,,,,,,,,,,,,,,,,,,,,,,,,,,,,,,,,,,,,,,,,,,,,,,,,,,,
Standard_D4lds_v6,Intel Xeon Platinum 8573C (Emerald Rapids) [x86-64],4,8,1,,,,,,12,"6,400",,"40,000",,"8,333",,"52,083",,2,,Supported,Supported,Supported,Supported,Supported,Not Supported,Supported,Supported,Supported,Supported,,,,,,,"12,500",,,,,,,212,"1,250",,220,"75,000",360,248,"1,463",Not Supported,Not Supported,,,,,,,,,,"30,000",180,,,,,,,,,,,,,,,,,,,,,,,,,,,,,,,,,,,,,,,,,,,,,,,,,,,,,,,,,,,,,,,,,,,,,,,,,,
Standard_D8lds_v6,Intel Xeon Platinum 8573C (Emerald Rapids) [x86-64],8,16,1,,,,,,24,"12,800",,"40,000",,"16,667",,"52,083",,4,,Supported,Supported,Supported,Supported,Supported,Not Supported,Supported,Supported,Supported,Supported,,,,,,,"12,500",,,,,,,424,"1,250",,440,"150,000",720,496,"1,463",Not Supported,Not Supported,,,,,,,,,,"60,000",360,,,,,,,,,,,,,,,,,,,,,,,,,,,,,,,,,,,,,,,,,,,,,,,,,,,,,,,,,,,,,,,,,,,,,,,,,,
Standard_D16lds_v6,Intel Xeon Platinum 8573C (Emerald Rapids) [x86-64],16,32,2,,,,,,48,"25,600",,"40,000",,"33,333",,"52,083",,8,,Supported,Supported,Supported,Supported,Supported,Not Supported,Supported,Supported,Supported,Supported,,,,,,,"12,500",,,,,,,848,"1,250",,440,"300,000","1,440",992,"1,463",Not Supported,Not Supported,,,,,,,,,,"120,000",720,,,,,,,,,,,,,,,,,,,,,,,,,,,,,,,,,,,,,,,,,,,,,,,,,,,,,,,,,,,,,,,,,,,,,,,,,,
Standard_D32lds_v6,Intel Xeon Platinum 8573C (Emerald Rapids) [x86-64],32,64,4,,,,,,64,"51,200",,"80,000",,"66,667",,"104,167",,8,,Supported,Supported,Supported,Supported,Supported,Not Supported,Supported,Supported,Supported,Supported,,,,,,,"16,000",,,,,,,"1,696","1,696",,440,"600,000","2,880",1984,1984,Not Supported,Not Supported,,,,,,,,,,"240,000","1,440",,,,,,,,,,,,,,,,,,,,,,,,,,,,,,,,,,,,,,,,,,,,,,,,,,,,,,,,,,,,,,,,,,,,,,,,,,
Standard_D48lds_v6,Intel Xeon Platinum 8573C (Emerald Rapids) [x86-64],48,96,6,,,,,,64,"76,800",,"80,000",,"100,000",,"104,167",,8,,Supported,Supported,Supported,Supported,Supported,Not Supported,Supported,Supported,Supported,Supported,,,,,,,"24,000",,,,,,,"2,544","2,544",,440,"900,000","4,320","2,976","2,976",Not Supported,Not Supported,,,,,,,,,,"360,000","2,160",,,,,,,,,,,,,,,,,,,,,,,,,,,,,,,,,,,,,,,,,,,,,,,,,,,,,,,,,,,,,,,,,,,,,,,,,,
Standard_D64lds_v6,Intel Xeon Platinum 8573C (Emerald Rapids) [x86-64],64,128,4,,,,,,64,"102,400",,"102,400",,"133,333",,"133,333",,8,,Supported,Supported,Supported,Supported,Supported,Not Supported,Supported,Supported,Supported,Supported,,,,,,,"30,000",,,,,,,"3,392","3,392",,880,"1,200,000","5,760","3,969","3,969",Not Supported,Not Supported,,,,,,,,,,"480,000","2,880",,,,,,,,,,,,,,,,,,,,,,,,,,,,,,,,,,,,,,,,,,,,,,,,,,,,,,,,,,,,,,,,,,,,,,,,,,
Standard_D96lds_v6,Intel Xeon Platinum 8573C (Emerald Rapids) [x86-64],96,192,6,,,,,,64,"153,600",,"153,600",,"200,000",,"200,000",,8,,Supported,Supported,Supported,Supported,Supported,Not Supported,Supported,Supported,Supported,Supported,,,,,,,"41,000",,,,,,,"5,088","5,088",,880,"1,800,000","8,640","5,953","5,953",Not Supported,Not Supported,,,,,,,,,,"720,000","4,320",,,,,,,,,,,,,,,,,,,,,,,,,,,,,,,,,,,,,,,,,,,,,,,,,,,,,,,,,,,,,,,,,,,,,,,,,,
Standard_D128lds_v6,Intel Xeon Platinum 8573C (Emerald Rapids) [x86-64],128,256,4,,,,,,64,"204,800",,"204,800",,"266,667",,"266,667",,8,,Supported,Supported,Supported,Supported,Supported,Not Supported,Supported,Supported,Supported,Supported,,,,,,,"54,000",,,,,,,"6,782","6,782",,"1,760","2,400,000","11,520","7,935","7,935",Not Supported,Not Supported,,,,,,,,,,"960,000","5,760",,,,,,,,,,,,,,,,,,,,,,,,,,,,,,,,,,,,,,,,,,,,,,,,,,,,,,,,,,,,,,,,,,,,,,,,,,
Standard_D2lds_v7,Intel Xeon 6 6973PC (Granite Rapids) [x86-64],2,,1,110,,,,,10,"4,000",,"45,000",,"5,000",,"56,250",,3,,Supported,Supported,Supported,Supported,Supported,Not Supported,Supported,,,Supported,,,,,,,"16,000",,,,,,,115,"1,410",,,,,135,"1,640",,,,,,,,,,,,,,,,4,"50,000",,,140,,,,,,,,,,280,"25,000",,,,,,,,,,,,,,,,,,,,,,,,,,,,,,,,,,,,,,,,,,,,,,,,,,,,,,,,
Standard_D4lds_v7,Intel Xeon 6 6973PC (Granite Rapids) [x86-64],4,,1,220,,,,,12,"8,000",,"45,000",,"10,000",,"56,250",,4,,Supported,Supported,Supported,Supported,Supported,Not Supported,Supported,,,Supported,,,,,,,"25,000",,,,,,,230,"1,410",,,,,270,"1,640",,,,,,,,,,,,,,,,8,"100,000",,,280,,,,,,,,,,560,"50,000",,,,,,,,,,,,,,,,,,,,,,,,,,,,,,,,,,,,,,,,,,,,,,,,,,,,,,,,
Standard_D8lds_v7,Intel Xeon 6 6973PC (Granite Rapids) [x86-64],8,,1,440,,,,,26,"16,000",,"45,000",,"20,000",,"56,250",,4,,Supported,Supported,Supported,Supported,Supported,Not Supported,Supported,,,Supported,,,,,,,"25,000",,,,,,,460,"1,410",,,,,540,"1,640",,,,,,,,,,,,,,,,16,"200,000",,,560,,,,,,,,,,"1,120","100,000",,,,,,,,,,,,,,,,,,,,,,,,,,,,,,,,,,,,,,,,,,,,,,,,,,,,,,,,
Standard_D16lds_v7,Intel Xeon 6 6973PC (Granite Rapids) [x86-64],16,,2,440,,,,,48,"32,000",,"75,000",,"40,000",,"93,750",,8,,Supported,Supported,Supported,Supported,Supported,Not Supported,Supported,,,Supported,,,,,,,"25,000",,,,,,,920,"1,410",,,,,"1,080","1,640",,,,,,,,,,,,,,,,32,"400,000",,,"1,120",,,,,,,,,,"2,240","200,000",,,,,,,,,,,,,,,,,,,,,,,,,,,,,,,,,,,,,,,,,,,,,,,,,,,,,,,,
Standard_D32lds_v7,Intel Xeon 6 6973PC (Granite Rapids) [x86-64],32,,4,440,,,,,64,"64,000",,"100,000",,"80,000",,"125,000",,8,,Supported,Supported,Supported,Supported,Supported,Not Supported,Supported,,,Supported,,,,,,,"25,000",,,,,,,"1,840","1,915",,,,,"2,160","2,225",,,,,,,,,,,,,,,,64,"800,000",,,"2,240",,,,,,,,,,"4,480","400,000",,,,,,,,,,,,,,,,,,,,,,,,,,,,,,,,,,,,,,,,,,,,,,,,,,,,,,,,
Standard_D48lds_v7,Intel Xeon 6 6973PC (Granite Rapids) [x86-64],48,,6,440,,,,,64,"96,000",,"160,000",,"120,000",,"200,000",,8,,Supported,Supported,Supported,Supported,Supported,Not Supported,Supported,,,Supported,,,,,,,"35,000",,,,,,,"2,760","2,875",,,,,"3,240","3,335",,,,,,,,,,,,,,,,96,"1,200,000",,,"3,360",,,,,,,,,,"6,720","600,000",,,,,,,,,,,,,,,,,,,,,,,,,,,,,,,,,,,,,,,,,,,,,,,,,,,,,,,,
Standard_D64lds_v7,Intel Xeon 6 6973PC (Granite Rapids) [x86-64],64,,4,880,,,,,64,"128,000",,"160,000",,"160,000",,"200,000",,15,,Supported,Supported,Supported,Supported,Supported,Not Supported,Supported,,,Supported,,,,,,,"45,000",,,,,,,"3,680","3,830",,,,,"4,320","4,450",,,,,,,,,,,,,,,,126,"1,600,000",,,"4,480",,,,,,,,,,"8,960","800,000",,,,,,,,,,,,,,,,,,,,,,,,,,,,,,,,,,,,,,,,,,,,,,,,,,,,,,,,
Standard_D96lds_v7,Intel Xeon 6 6973PC (Granite Rapids) [x86-64],96,,6,880,,,,,64,"192,000",,"200,000",,"240,000",,"250,000",,15,,Supported,Supported,Supported,Supported,Supported,Not Supported,Supported,,,Supported,,,,,,,"70,000",,,,,,,"5,520","5,745",,,,,"6,480","6,675",,,,,,,,,,,,,,,,384,"2,400,000",,,"6,720",,,,,,,,,,"13,440","1,200,000",,,,,,,,,,,,,,,,,,,,,,,,,,,,,,,,,,,,,,,,,,,,,,,,,,,,,,,,
Standard_D128lds_v7,Intel Xeon 6 6973PC (Granite Rapids) [x86-64],128,,4,"1,760",,,,,64,"204,000",,"225,280",,"320,000",,"352,000",,15,,Supported,Supported,Supported,Supported,Supported,Not Supported,Supported,,,Supported,,,,,,,"85,000",,,,,,,"7,360","7,660",,,,,"8,640","8,895",,,,,,,,,,,,,,,,256,"3,200,000",,,"8,960",,,,,,,,,,"17,920","1,600,000",,,,,,,,,,,,,,,,,,,,,,,,,,,,,,,,,,,,,,,,,,,,,,,,,,,,,,,,
*Standard_D192lds_v7,Intel Xeon 6 6973PC (Granite Rapids) [x86-64],192,,6,"1,760",,,,,,,,,,,,,,15,,Supported,Supported,Supported,Supported,Supported,Not Supported,Supported,,,Supported,,,,,,,"100,000",,,,,,,,,,,,,,,,,,,,,,,,,,,,,,384,"4,800,000",,,"13,440",,,,,,,,,,"26,880","2,400,000",,,,,,,,,,,,,,,,,,,,,,,,,,,,,,,,,,,,,,,,,,,,,,,,,,,,,,,,
*Standard_D248lds_v7,Intel Xeon 6 6973PC (Granite Rapids) [x86-64],248,,5,"2,816",,,,,,,,,,,,,,15,,Supported,Supported,Supported,Supported,Supported,Not Supported,Supported,,,Supported,,,,,,,"150,000",,,,,,,,,,,,,,,,,,,,,,,,,,,,,,496,"6,400,000",,,"17,000",,,,,,,,,,"35,840","3,200,000",,,,,,,,,,,,,,,,,,,,,,,,,,,,,,,,,,,,,,,,,,,,,,,,,,,,,,,,
Standard_D192lds_v7,Intel Xeon 6 6973PC (Granite Rapids) [x86-64],,,,,,,,,64,"307,200",,"350,000",,"480,000",,"546,875",,,,Supported,Supported,Supported,Supported,Supported,Not Supported,Supported,,,Supported,,,,,,,,,,,,,,"11,040","12,000",,,,,"12,960","13,930",,,,,,,,,,,,,,,,,,,,,,,,,,,,,,,,,,,,,,,,,,,,,,,,,,,,,,,,,,,,,,,,,,,,,,,,,,,,,,,,,,,,,,,
Standard_D248lds_v7,Intel Xeon 6 6973PC (Granite Rapids) [x86-64],,,,,,,,,64,"396,800",,"500,000",,"620,000",,"781,250",,,,Supported,Supported,Supported,Supported,Supported,Not Supported,Supported,,,Supported,,,,,,,,,,,,,,"13,145","15,000",,,,,"16,740","19,385",,,,,,,,,,,,,,,,,,,,,,,,,,,,,,,,,,,,,,,,,,,,,,,,,,,,,,,,,,,,,,,,,,,,,,,,,,,,,,,,,,,,,,,
Standard_D2ls_v5,Intel Xeon Platinum 8473C (Sapphire Rapids) [x86-64] Intel Xeon Platinum 8370C (Ice Lake) [x86-64] Intel Xeon Platinum 8573C (Emerald Rapids) [x86-64],2,4,,,,,,,,,,,,,,,,2,,Supported,Supported,Supported,Supported,,,Required,,,Supported,,,,,,,"12,500",Generation 1 and 2,Not Supported,,,,,,,,,,,,,,,,,,,,,,,,,,,,,,,,,,,,,4,"3,750",85,"10,000","1,200",,,,,,,,,,,,,,,,,,,,,,,,,,,,,,,,,,,,,,,,,,,,,,,,,,,,,,,,,,
Standard_D4ls_v5,Intel Xeon Platinum 8473C (Sapphire Rapids) [x86-64] Intel Xeon Platinum 8370C (Ice Lake) [x86-64] Intel Xeon Platinum 8573C (Emerald Rapids) [x86-64],4,8,,,,,,,,,,,,,,,,2,,Supported,Supported,Supported,Supported,,,Required,,,Supported,,,,,,,"12,500",Generation 1 and 2,Not Supported,,,,,,,,,,,,,,,,,,,,,,,,,,,,,,,,,,,,,8,"6,400",145,"20,000","1,200",,,,,,,,,,,,,,,,,,,,,,,,,,,,,,,,,,,,,,,,,,,,,,,,,,,,,,,,,,
Standard_D8ls_v5,Intel Xeon Platinum 8473C (Sapphire Rapids) [x86-64] Intel Xeon Platinum 8370C (Ice Lake) [x86-64] Intel Xeon Platinum 8573C (Emerald Rapids) [x86-64],8,16,,,,,,,,,,,,,,,,4,,Supported,Supported,Supported,Supported,,,Required,,,Supported,,,,,,,"12,500",Generation 1 and 2,Not Supported,,,,,,,,,,,,,,,,,,,,,,,,,,,,,,,,,,,,,16,"12,800",290,"20,000","1,200",,,,,,,,,,,,,,,,,,,,,,,,,,,,,,,,,,,,,,,,,,,,,,,,,,,,,,,,,,
Standard_D16ls_v5,Intel Xeon Platinum 8473C (Sapphire Rapids) [x86-64] Intel Xeon Platinum 8370C (Ice Lake) [x86-64] Intel Xeon Platinum 8573C (Emerald Rapids) [x86-64],16,32,,,,,,,,,,,,,,,,8,,Supported,Supported,Supported,Supported,,,Required,,,Supported,,,,,,,"12,500",Generation 1 and 2,Not Supported,,,,,,,,,,,,,,,,,,,,,,,,,,,,,,,,,,,,,32,"25,600",600,"40,000","1,200",,,,,,,,,,,,,,,,,,,,,,,,,,,,,,,,,,,,,,,,,,,,,,,,,,,,,,,,,,
Standard_D32ls_v5,Intel Xeon Platinum 8473C (Sapphire Rapids) [x86-64] Intel Xeon Platinum 8370C (Ice Lake) [x86-64] Intel Xeon Platinum 8573C (Emerald Rapids) [x86-64],32,64,,,,,,,,,,,,,,,,8,,Supported,Supported,Supported,Supported,,,Required,,,Supported,,,,,,,"16,000",Generation 1 and 2,Not Supported,,,,,,,,,,,,,,,,,,,,,,,,,,,,,,,,,,,,,32,"51,200",865,"80,000",2000,,,,,,,,,,,,,,,,,,,,,,,,,,,,,,,,,,,,,,,,,,,,,,,,,,,,,,,,,,
Standard_D48ls_v5,Intel Xeon Platinum 8473C (Sapphire Rapids) [x86-64] Intel Xeon Platinum 8370C (Ice Lake) [x86-64] Intel Xeon Platinum 8573C (Emerald Rapids) [x86-64],48,96,,,,,,,,,,,,,,,,8,,Supported,Supported,Supported,Supported,,,Required,,,Supported,,,,,,,"24,000",Generation 1 and 2,Not Supported,,,,,,,,,,,,,,,,,,,,,,,,,,,,,,,,,,,,,32,"76,800","1,315","80,000","3,000",,,,,,,,,,,,,,,,,,,,,,,,,,,,,,,,,,,,,,,,,,,,,,,,,,,,,,,,,,
Standard_D64ls_v5,Intel Xeon Platinum 8473C (Sapphire Rapids) [x86-64] Intel Xeon Platinum 8370C (Ice Lake) [x86-64] Intel Xeon Platinum 8573C (Emerald Rapids) [x86-64],64,128,,,,,,,,,,,,,,,,8,,Supported,Supported,Supported,Supported,,,Required,,,Supported,,,,,,,"30,000",Generation 1 and 2,Not Supported,,,,,,,,,,,,,,,,,,,,,,,,,,,,,,,,,,,,,32,"80,000","1,735","80,000","3,000",,,,,,,,,,,,,,,,,,,,,,,,,,,,,,,,,,,,,,,,,,,,,,,,,,,,,,,,,,
Standard_D96ls_v5,Intel Xeon Platinum 8473C (Sapphire Rapids) [x86-64] Intel Xeon Platinum 8370C (Ice Lake) [x86-64] Intel Xeon Platinum 8573C (Emerald Rapids) [x86-64],96,192,,,,,,,,,,,,,,,,8,,Supported,Supported,Supported,Supported,,,Required,,,Supported,,,,,,,"35,000",Generation 1 and 2,Not Supported,,,,,,,,,,,,,,,,,,,,,,,,,,,,,,,,,,,,,32,"80,000","2,600","80,000","4,000",,,,,,,,,,,,,,,,,,,,,,,,,,,,,,,,,,,,,,,,,,,,,,,,,,,,,,,,,,
Standard_D2ls_v6,Intel Xeon Platinum 8573C (Emerald Rapids) [x86-64],2,4,,,,,,,8,"3,750",,"40,000",,"4,167",,"44,444",,2,,Supported,Supported,Supported,Supported,Supported,Not Supported,Supported,Not Supported,,Supported,,,,,,,"12,500",,,,,,,106,"1,250",,,,,124,"1,463",,,,,,,,,,,,,,,,,,,,,,,,,,,,,,,,,,,,,,,,,,,,,,,,,,,,,,,,,,,,,,,,,,,,,,,,,,,,,,,,,,,,,,,
Standard_D4ls_v6,Intel Xeon Platinum 8573C (Emerald Rapids) [x86-64],4,8,,,,,,,12,"6,400",,"40,000",,"8,333",,"52,083",,2,,Supported,Supported,Supported,Supported,Supported,Not Supported,Supported,Not Supported,,Supported,,,,,,,"12,500",,,,,,,212,"1,250",,,,,248,"1,463",,,,,,,,,,,,,,,,,,,,,,,,,,,,,,,,,,,,,,,,,,,,,,,,,,,,,,,,,,,,,,,,,,,,,,,,,,,,,,,,,,,,,,,
Standard_D8ls_v6,Intel Xeon Platinum 8573C (Emerald Rapids) [x86-64],8,16,,,,,,,24,"12,800",,"40,000",,"16,667",,"52,083",,4,,Supported,Supported,Supported,Supported,Supported,Not Supported,Supported,Not Supported,,Supported,,,,,,,"12,500",,,,,,,424,"1,250",,,,,496,"1,463",,,,,,,,,,,,,,,,,,,,,,,,,,,,,,,,,,,,,,,,,,,,,,,,,,,,,,,,,,,,,,,,,,,,,,,,,,,,,,,,,,,,,,,
Standard_D16ls_v6,Intel Xeon Platinum 8573C (Emerald Rapids) [x86-64],16,32,,,,,,,48,"25,600",,"40,000",,"33,333",,"52,083",,8,,Supported,Supported,Supported,Supported,Supported,Not Supported,Supported,Not Supported,,Supported,,,,,,,"12,500",,,,,,,848,"1,250",,,,,992,"1,463",,,,,,,,,,,,,,,,,,,,,,,,,,,,,,,,,,,,,,,,,,,,,,,,,,,,,,,,,,,,,,,,,,,,,,,,,,,,,,,,,,,,,,,
Standard_D32ls_v6,Intel Xeon Platinum 8573C (Emerald Rapids) [x86-64],32,64,,,,,,,64,"51,200",,"80,000",,"66,667",,"104,167",,8,,Supported,Supported,Supported,Supported,Supported,Not Supported,Supported,Not Supported,,Supported,,,,,,,"16,000",,,,,,,"1,696","1,696",,,,,1984,1984,,,,,,,,,,,,,,,,,,,,,,,,,,,,,,,,,,,,,,,,,,,,,,,,,,,,,,,,,,,,,,,,,,,,,,,,,,,,,,,,,,,,,,,
Standard_D48ls_v6,Intel Xeon Platinum 8573C (Emerald Rapids) [x86-64],48,96,,,,,,,64,"76,800",,"80,000",,"100,000",,"104,167",,8,,Supported,Supported,Supported,Supported,Supported,Not Supported,Supported,Not Supported,,Supported,,,,,,,"24,000",,,,,,,"2,544","2,544",,,,,"2,976","2,976",,,,,,,,,,,,,,,,,,,,,,,,,,,,,,,,,,,,,,,,,,,,,,,,,,,,,,,,,,,,,,,,,,,,,,,,,,,,,,,,,,,,,,,
Standard_D64ls_v6,Intel Xeon Platinum 8573C (Emerald Rapids) [x86-64],64,128,,,,,,,64,"102,400",,"102,400",,"133,333",,"133,333",,8,,Supported,Supported,Supported,Supported,Supported,Not Supported,Supported,Not Supported,,Supported,,,,,,,"30,000",,,,,,,"3,392","3,392",,,,,"3,969","3,969",,,,,,,,,,,,,,,,,,,,,,,,,,,,,,,,,,,,,,,,,,,,,,,,,,,,,,,,,,,,,,,,,,,,,,,,,,,,,,,,,,,,,,,
Standard_D96ls_v6,Intel Xeon Platinum 8573C (Emerald Rapids) [x86-64],96,192,,,,,,,64,"153,600",,"153,600",,"200,000",,"200,000",,8,,Supported,Supported,Supported,Supported,Supported,Not Supported,Supported,Not Supported,,Supported,,,,,,,"41,000",,,,,,,"5,088","5,088",,,,,"5,953","5,953",,,,,,,,,,,,,,,,,,,,,,,,,,,,,,,,,,,,,,,,,,,,,,,,,,,,,,,,,,,,,,,,,,,,,,,,,,,,,,,,,,,,,,,
Standard_D128ls_v6,Intel Xeon Platinum 8573C (Emerald Rapids) [x86-64],128,256,,,,,,,64,"204,800",,"204,800",,"266,667",,"266,667",,8,,Supported,Supported,Supported,Supported,Supported,Not Supported,Supported,Not Supported,,Supported,,,,,,,"54,000",,,,,,,"6,782","6,782",,,,,"7,935","7,935",,,,,,,,,,,,,,,,,,,,,,,,,,,,,,,,,,,,,,,,,,,,,,,,,,,,,,,,,,,,,,,,,,,,,,,,,,,,,,,,,,,,,,,
Standard_D2ls_v7,Intel Xeon 6 6973PC (Granite Rapids) [x86-64],2,,,,,,,,10,"4,000",,"45,000",,"5,000",,"56,250",,3,,Supported,Supported,Supported,Supported,Supported,Not Supported,Supported,,,Supported,,,,,,,"16,000",,,,,,,115,"1,410",,,,,135,"1,640",,,,,,,,,,,,,,,,4,,,,,,,,,,,,,,,,,,,,,,,,,,,,,,,,,,,,,,,,,,,,,,,,,,,,,,,,,,,,,,,,,,,,,,,
Standard_D4ls_v7,Intel Xeon 6 6973PC (Granite Rapids) [x86-64],4,,,,,,,,12,"8,000",,"45,000",,"10,000",,"56,250",,4,,Supported,Supported,Supported,Supported,Supported,Not Supported,Supported,,,Supported,,,,,,,"25,000",,,,,,,230,"1,410",,,,,270,"1,640",,,,,,,,,,,,,,,,8,,,,,,,,,,,,,,,,,,,,,,,,,,,,,,,,,,,,,,,,,,,,,,,,,,,,,,,,,,,,,,,,,,,,,,,
Standard_D8ls_v7,Intel Xeon 6 6973PC (Granite Rapids) [x86-64],8,,,,,,,,26,"16,000",,"45,000",,"20,000",,"56,250",,4,,Supported,Supported,Supported,Supported,Supported,Not Supported,Supported,,,Supported,,,,,,,"25,000",,,,,,,460,"1,410",,,,,540,"1,640",,,,,,,,,,,,,,,,16,,,,,,,,,,,,,,,,,,,,,,,,,,,,,,,,,,,,,,,,,,,,,,,,,,,,,,,,,,,,,,,,,,,,,,,
Standard_D16ls_v7,Intel Xeon 6 6973PC (Granite Rapids) [x86-64],16,,,,,,,,48,"32,000",,"75,000",,"40,000",,"93,750",,8,,Supported,Supported,Supported,Supported,Supported,Not Supported,Supported,,,Supported,,,,,,,"25,000",,,,,,,920,"1,410",,,,,"1,080","1,640",,,,,,,,,,,,,,,,32,,,,,,,,,,,,,,,,,,,,,,,,,,,,,,,,,,,,,,,,,,,,,,,,,,,,,,,,,,,,,,,,,,,,,,,
Standard_D32ls_v7,Intel Xeon 6 6973PC (Granite Rapids) [x86-64],32,,,,,,,,64,"64,000",,"100,000",,"80,000",,"125,000",,8,,Supported,Supported,Supported,Supported,Supported,Not Supported,Supported,,,Supported,,,,,,,"25,000",,,,,,,"1,840","1,915",,,,,"2,160","2,225",,,,,,,,,,,,,,,,64,,,,,,,,,,,,,,,,,,,,,,,,,,,,,,,,,,,,,,,,,,,,,,,,,,,,,,,,,,,,,,,,,,,,,,,
Standard_D48ls_v7,Intel Xeon 6 6973PC (Granite Rapids) [x86-64],48,,,,,,,,64,"96,000",,"160,000",,"120,000",,"200,000",,8,,Supported,Supported,Supported,Supported,Supported,Not Supported,Supported,,,Supported,,,,,,,"35,000",,,,,,,"2,760","2,875",,,,,"3,285","3,335",,,,,,,,,,,,,,,,96,,,,,,,,,,,,,,,,,,,,,,,,,,,,,,,,,,,,,,,,,,,,,,,,,,,,,,,,,,,,,,,,,,,,,,,
Standard_D64ls_v7,Intel Xeon 6 6973PC (Granite Rapids) [x86-64],64,,,,,,,,64,"128,000",,"160,000",,"160,000",,"200,000",,15,,Supported,Supported,Supported,Supported,Supported,Not Supported,Supported,,,Supported,,,,,,,"45,000",,,,,,,"3,680","3,830",,,,,"4,320","4,450",,,,,,,,,,,,,,,,126,,,,,,,,,,,,,,,,,,,,,,,,,,,,,,,,,,,,,,,,,,,,,,,,,,,,,,,,,,,,,,,,,,,,,,,
Standard_D96ls_v7,Intel Xeon 6 6973PC (Granite Rapids) [x86-64],96,,,,,,,,64,"192,000",,"200,000",,"240,000",,"205,000",,15,,Supported,Supported,Supported,Supported,Supported,Not Supported,Supported,,,Supported,,,,,,,"70,000",,,,,,,"5,520","5,745",,,,,"6,570","6,675",,,,,,,,,,,,,,,,384,,,,,,,,,,,,,,,,,,,,,,,,,,,,,,,,,,,,,,,,,,,,,,,,,,,,,,,,,,,,,,,,,,,,,,,
Standard_D128ls_v7,Intel Xeon 6 6973PC (Granite Rapids) [x86-64],128,,,,,,,,64,"204,800",,"225,280",,"320,000",,"352,000",,15,,Supported,Supported,Supported,Supported,Supported,Not Supported,Supported,,,Supported,,,,,,,"85,000",,,,,,,"7,360","7,660",,,,,"8,640","8,895",,,,,,,,,,,,,,,,256,,,,,,,,,,,,,,,,,,,,,,,,,,,,,,,,,,,,,,,,,,,,,,,,,,,,,,,,,,,,,,,,,,,,,,,
*Standard_D192ls_v7,Intel Xeon 6 6973PC (Granite Rapids) [x86-64],192,,,,,,,,64,"307,200",,"350,000",,"480,000",,"546,875",,15,,Supported,Supported,Supported,Supported,Supported,Not Supported,Supported,,,Supported,,,,,,,"100,000",,,,,,,"11,040","12,000",,,,,"13,140","13,930",,,,,,,,,,,,,,,,384,,,,,,,,,,,,,,,,,,,,,,,,,,,,,,,,,,,,,,,,,,,,,,,,,,,,,,,,,,,,,,,,,,,,,,,
*Standard_D248ls_v7,Intel Xeon 6 6973PC (Granite Rapids) [x86-64],248,,,,,,,,64,"396,800",,"500,000",,"620,000",,"781,250",,15,,Supported,Supported,Supported,Supported,Supported,Not Supported,Supported,,,Supported,,,,,,,"150,000",,,,,,,"13,145","15,000",,,,,"16,740","19,385",,,,,,,,,,,,,,,,496,,,,,,,,,,,,,,,,,,,,,,,,,,,,,,,,,,,,,,,,,,,,,,,,,,,,,,,,,,,,,,,,,,,,,,,
Standard_D2pds_v5,Ampere Altra [Arm64],2,8,1,75,"9,375",,,,4,"3,750",,"10,000",,,,,,2,,Supported,Supported,Supported,Supported,,,Supported,,,Not supported,,,,,125,,"12,500",Generation 2,Supported,,,,,85,"1,200",Supported,,,,,,,,,,,,,,,,,,,,,,,,,,,,,,,,,,,,,,,,,,,,,,,,,,,,,,,,,,,,,,,,,,,,,,,,,,,,,,,,,,,,,,,,,,,,
Standard_D4pds_v5,Ampere Altra [Arm64],4,16,1,150,"19,000",,,,8,"6,400",,"20,000",,,,,,2,,Supported,Supported,Supported,Supported,,,Supported,,,Not supported,,,,,250,,"12,500",Generation 2,Supported,,,,,145,"1,200",Supported,,,,,,,,,,,,,,,,,,,,,,,,,,,,,,,,,,,,,,,,,,,,,,,,,,,,,,,,,,,,,,,,,,,,,,,,,,,,,,,,,,,,,,,,,,,,
Standard_D8pds_v5,Ampere Altra [Arm64],8,32,1,300,"38,000",,,,16,"12,800",,"20,000",,,,,,4,,Supported,Supported,Supported,Supported,,,Supported,,,Not supported,,,,,500,,"12,500",Generation 2,Supported,,,,,290,"1,200",Supported,,,,,,,,,,,,,,,,,,,,,,,,,,,,,,,,,,,,,,,,,,,,,,,,,,,,,,,,,,,,,,,,,,,,,,,,,,,,,,,,,,,,,,,,,,,,
Standard_D16pds_v5,Ampere Altra [Arm64],16,64,1,600,"75,000",,,,32,"25,600",,"40,000",,,,,,4,,Supported,Supported,Supported,Supported,,,Supported,,,Not supported,,,,,"1,000",,"12,500",Generation 2,Supported,,,,,600,"1,200",Supported,,,,,,,,,,,,,,,,,,,,,,,,,,,,,,,,,,,,,,,,,,,,,,,,,,,,,,,,,,,,,,,,,,,,,,,,,,,,,,,,,,,,,,,,,,,,
Standard_D32pds_v5,Ampere Altra [Arm64],32,128,1,"1,200","150,000",,,,32,"51,200",,"80,000",,,,,,8,,Supported,Supported,Supported,Supported,,,Supported,,,Not supported,,,,,2000,,"16,000",Generation 2,Supported,,,,,865,2000,Supported,,,,,,,,,,,,,,,,,,,,,,,,,,,,,,,,,,,,,,,,,,,,,,,,,,,,,,,,,,,,,,,,,,,,,,,,,,,,,,,,,,,,,,,,,,,,
Standard_D48pds_v5,Ampere Altra [Arm64],48,192,1,"1,800","225,000",,,,32,"76,800",,"80,000",,,,,,8,,Supported,Supported,Supported,Supported,,,Supported,,,Not supported,,,,,"3,000",,"24,000",Generation 2,Supported,,,,,"1,315","3,000",Supported,,,,,,,,,,,,,,,,,,,,,,,,,,,,,,,,,,,,,,,,,,,,,,,,,,,,,,,,,,,,,,,,,,,,,,,,,,,,,,,,,,,,,,,,,,,,
Standard_D64pds_v5,Ampere Altra [Arm64],64,208,1,"2,400","300,000",,,,32,"80,000",,"80,000",,,,,,8,,Supported,Supported,Supported,Supported,,,Supported,,,Not supported,,,,,"4,000",,"40,000",Generation 2,Supported,,,,,"1,735","3,000",Supported,,,,,,,,,,,,,,,,,,,,,,,,,,,,,,,,,,,,,,,,,,,,,,,,,,,,,,,,,,,,,,,,,,,,,,,,,,,,,,,,,,,,,,,,,,,,
Standard_D2pds_v6,Azure Cobalt 100 [Arm64],2,,1,,,,,,,"3,750",,"10,000",,"4,163",,"11,100",,2,,,,,,,,,,,,,,,,,,"12,500",,,,,,,106,"1,250",,110,"37,500",90,124,"1,463",,,,,,,,,,,,"15,000",180,,,8,,,,,,,,,8,,,,,,,,,,,,,,,,,,,,,,,,,,,,,,,,,,,,,,,,,,,,,,,,,,,,,,,,,,,,,,
Standard_D4pds_v6,Azure Cobalt 100 [Arm64],4,,1,,,,,,,"6,400",,"20,000",,"8,333",,"26,040",,2,,,,,,,,,,,,,,,,,,"12,500",,,,,,,212,"1,250",,220,"75,000",180,248,"1,463",,,,,,,,,,,,"30,000",360,,,16,,,,,,,,,12,,,,,,,,,,,,,,,,,,,,,,,,,,,,,,,,,,,,,,,,,,,,,,,,,,,,,,,,,,,,,,
Standard_D8pds_v6,Azure Cobalt 100 [Arm64],8,,1,,,,,,,"12,800",,"20,000",,"16,666",,"26,040",,4,,,,,,,,,,,,,,,,,,"15,000",,,,,,,424,"1,250",,440,"150,000",360,496,"1,463",,,,,,,,,,,,"60,000",720,,,32,,,,,,,,,24,,,,,,,,,,,,,,,,,,,,,,,,,,,,,,,,,,,,,,,,,,,,,,,,,,,,,,,,,,,,,,
Standard_D16pds_v6,Azure Cobalt 100 [Arm64],16,,2,,,,,,,"25,600",,"40,000",,"33,331",,"52,080",,8,,,,,,,,,,,,,,,,,,"15,000",,,,,,,848,"1,250",,440,"300,000",720,992,"1,463",,,,,,,,,,,,"120,000","1,440",,,64,,,,,,,,,48,,,,,,,,,,,,,,,,,,,,,,,,,,,,,,,,,,,,,,,,,,,,,,,,,,,,,,,,,,,,,,
Standard_D32pds_v6,Azure Cobalt 100 [Arm64],32,,4,,,,,,,"51,200",,"80,000",,"66,662",,"104,160",,8,,,,,,,,,,,,,,,,,,"20,000",,,,,,,"1,696",2000,,440,"600,000","1,440",1984,"2,340",,,,,,,,,,,,"240,000","2,880",,,128,,,,,,,,,64,,,,,,,,,,,,,,,,,,,,,,,,,,,,,,,,,,,,,,,,,,,,,,,,,,,,,,,,,,,,,,
Standard_D48pds_v6,Azure Cobalt 100 [Arm64],48,,6,,,,,,,"76,800",,"80,000",,"99,994",,"104,160",,8,,,,,,,,,,,,,,,,,,"30,000",,,,,,,"2,544","3,000",,440,"900,000","2,160","2,976","3,510",,,,,,,,,,,,"360,000","4,320",,,192,,,,,,,,,64,,,,,,,,,,,,,,,,,,,,,,,,,,,,,,,,,,,,,,,,,,,,,,,,,,,,,,,,,,,,,,
Standard_D64pds_v6,Azure Cobalt 100 [Arm64],64,,4,,,,,,,"102,400",,"102,400",,"133,325",,"133,325",,8,,,,,,,,,,,,,,,,,,"40,000",,,,,,,"3,392","3,392",,880,"1,200,000","2,880","3,969","3,969",,,,,,,,,,,,"480,000","5,760",,,256,,,,,,,,,64,,,,,,,,,,,,,,,,,,,,,,,,,,,,,,,,,,,,,,,,,,,,,,,,,,,,,,,,,,,,,,
Standard_D96pds_v6,Azure Cobalt 100 [Arm64],96,,6,,,,,,,"153,600",,"153,600",,"199,987",,"199,987",,8,,,,,,,,,,,,,,,,,,"60,000",,,,,,,"5,000","5,000",,880,"1,800,000","4,320","5,850","5,850",,,,,,,,,,,,"720,000","8,640",,,384,,,,,,,,,64,,,,,,,,,,,,,,,,,,,,,,,,,,,,,,,,,,,,,,,,,,,,,,,,,,,,,,,,,,,,,,
Standard_D2plds_v5,Ampere Altra [Arm64],2,4,1,75,"9,375",,,,4,"3,750",,"10,000",,,,,,2,,Supported,Supported,Supported,Supported,,,Supported,,,Not supported,,,,,125,,"12,500",Generation 2,Supported,,,,,85,"1,200",Supported,,,,,,,,,,,,,,,,,,,,,,,,,,,,,,,,,,,,,,,,,,,,,,,,,,,,,,,,,,,,,,,,,,,,,,,,,,,,,,,,,,,,,,,,,,,,
Standard_D4plds_v5,Ampere Altra [Arm64],4,8,1,150,"19,000",,,,8,"6,400",,"20,000",,,,,,2,,Supported,Supported,Supported,Supported,,,Supported,,,Not supported,,,,,250,,"12,500",Generation 2,Supported,,,,,145,"1,200",Supported,,,,,,,,,,,,,,,,,,,,,,,,,,,,,,,,,,,,,,,,,,,,,,,,,,,,,,,,,,,,,,,,,,,,,,,,,,,,,,,,,,,,,,,,,,,,
Standard_D8plds_v5,Ampere Altra [Arm64],8,16,1,300,"38,000",,,,16,"12,800",,"20,000",,,,,,4,,Supported,Supported,Supported,Supported,,,Supported,,,Not supported,,,,,500,,"12,500",Generation 2,Supported,,,,,290,"1,200",Supported,,,,,,,,,,,,,,,,,,,,,,,,,,,,,,,,,,,,,,,,,,,,,,,,,,,,,,,,,,,,,,,,,,,,,,,,,,,,,,,,,,,,,,,,,,,,
Standard_D16plds_v5,Ampere Altra [Arm64],16,32,1,600,"75,000",,,,32,"25,600",,"40,000",,,,,,4,,Supported,Supported,Supported,Supported,,,Supported,,,Not supported,,,,,"1,000",,"12,500",Generation 2,Supported,,,,,600,"1,200",Supported,,,,,,,,,,,,,,,,,,,,,,,,,,,,,,,,,,,,,,,,,,,,,,,,,,,,,,,,,,,,,,,,,,,,,,,,,,,,,,,,,,,,,,,,,,,,
Standard_D32plds_v5,Ampere Altra [Arm64],32,64,1,"1,200","150,000",,,,32,"51,200",,"80,000",,,,,,8,,Supported,Supported,Supported,Supported,,,Supported,,,Not supported,,,,,2000,,"16,000",Generation 2,Supported,,,,,865,2000,Supported,,,,,,,,,,,,,,,,,,,,,,,,,,,,,,,,,,,,,,,,,,,,,,,,,,,,,,,,,,,,,,,,,,,,,,,,,,,,,,,,,,,,,,,,,,,,
Standard_D48plds_v5,Ampere Altra [Arm64],48,96,1,"1,800","225,000",,,,32,"76,800",,"80,000",,,,,,8,,Supported,Supported,Supported,Supported,,,Supported,,,Not supported,,,,,"3,000",,"24,000",Generation 2,Supported,,,,,"1,315","3,000",Supported,,,,,,,,,,,,,,,,,,,,,,,,,,,,,,,,,,,,,,,,,,,,,,,,,,,,,,,,,,,,,,,,,,,,,,,,,,,,,,,,,,,,,,,,,,,,
Standard_D64plds_v5,Ampere Altra [Arm64],64,128,1,"2,400","300,000",,,,32,"80,000",,"80,000",,,,,,8,,Supported,Supported,Supported,Supported,,,Supported,,,Not supported,,,,,"4,000",,"40,000",Generation 2,Supported,,,,,"1,735","3,000",Supported,,,,,,,,,,,,,,,,,,,,,,,,,,,,,,,,,,,,,,,,,,,,,,,,,,,,,,,,,,,,,,,,,,,,,,,,,,,,,,,,,,,,,,,,,,,,
Standard_D2plds_v6,Azure Cobalt 100 [Arm64],2,,1,,,,,,,"3,750",,"10,000",,"4,163",,"11,100",,2,,,,,,,,,,,,,,,,,,"12,500",,,,,,,106,"1,250",,110,"37,500",90,124,"1,463",,,,,,,,,,,,"15,000",180,,,4,,,,,,,,,8,,,,,,,,,,,,,,,,,,,,,,,,,,,,,,,,,,,,,,,,,,,,,,,,,,,,,,,,,,,,,,
Standard_D4plds_v6,Azure Cobalt 100 [Arm64],4,,1,,,,,,,"6,400",,"20,000",,"8,333",,"26,040",,2,,,,,,,,,,,,,,,,,,"12,500",,,,,,,212,"1,250",,220,"75,000",180,248,"1,463",,,,,,,,,,,,"30,000",360,,,8,,,,,,,,,12,,,,,,,,,,,,,,,,,,,,,,,,,,,,,,,,,,,,,,,,,,,,,,,,,,,,,,,,,,,,,,
Standard_D8plds_v6,Azure Cobalt 100 [Arm64],8,,1,,,,,,,"12,800",,"20,000",,"16,666",,"26,040",,4,,,,,,,,,,,,,,,,,,"15,000",,,,,,,424,"1,250",,440,"150,000",360,496,"1,463",,,,,,,,,,,,"60,000",720,,,16,,,,,,,,,24,,,,,,,,,,,,,,,,,,,,,,,,,,,,,,,,,,,,,,,,,,,,,,,,,,,,,,,,,,,,,,
Standard_D16plds_v6,Azure Cobalt 100 [Arm64],16,,2,,,,,,,"25,600",,"40,000",,"33,331",,"52,080",,8,,,,,,,,,,,,,,,,,,"15,000",,,,,,,848,"1,250",,440,"300,000",720,992,"1,463",,,,,,,,,,,,"120,000","1,440",,,32,,,,,,,,,48,,,,,,,,,,,,,,,,,,,,,,,,,,,,,,,,,,,,,,,,,,,,,,,,,,,,,,,,,,,,,,
Standard_D32plds_v6,Azure Cobalt 100 [Arm64],32,,4,,,,,,,"51,200",,"80,000",,"66,662",,"104,160",,8,,,,,,,,,,,,,,,,,,"20,000",,,,,,,"1,696",2000,,440,"600,000","1,440",1984,"2,340",,,,,,,,,,,,"240,000","2,880",,,64,,,,,,,,,64,,,,,,,,,,,,,,,,,,,,,,,,,,,,,,,,,,,,,,,,,,,,,,,,,,,,,,,,,,,,,,
Standard_D48plds_v6,Azure Cobalt 100 [Arm64],48,,6,,,,,,,"76,800",,"80,000",,"99,994",,"104,160",,8,,,,,,,,,,,,,,,,,,"30,000",,,,,,,"2,544","3,000",,440,"900,000","2,160","2,976","3,510",,,,,,,,,,,,"360,000","4,320",,,96,,,,,,,,,64,,,,,,,,,,,,,,,,,,,,,,,,,,,,,,,,,,,,,,,,,,,,,,,,,,,,,,,,,,,,,,
Standard_D64plds_v6,Azure Cobalt 100 [Arm64],64,,4,,,,,,,"102,400",,"102,400",,"133,325",,"133,325",,8,,,,,,,,,,,,,,,,,,"40,000",,,,,,,"3,392","3,392",,880,"1,200,000","2,880","3,969","3,969",,,,,,,,,,,,"480,000","5,760",,,128,,,,,,,,,64,,,,,,,,,,,,,,,,,,,,,,,,,,,,,,,,,,,,,,,,,,,,,,,,,,,,,,,,,,,,,,
Standard_D96plds_v6,Azure Cobalt 100 [Arm64],96,,6,,,,,,,"153,600",,"153,600",,"199,987",,"199,987",,8,,,,,,,,,,,,,,,,,,"60,000",,,,,,,"5,000","5,000",,880,"1,800,000","4,320","5,850","5,850",,,,,,,,,,,,"720,000","8,640",,,192,,,,,,,,,64,,,,,,,,,,,,,,,,,,,,,,,,,,,,,,,,,,,,,,,,,,,,,,,,,,,,,,,,,,,,,,
Standard_D2pls_v5,Ampere Altra [Arm64],2,4,,,,,,,4,"3,750",,"10,000",,,,,,2,,Supported,Supported,Supported,Supported,,,Supported,,,Not supported,,,,,,,"12,500",Generation 2,Not supported,,,,,85,"1,200",,,,,,,,,,,,,,,,,,,,,,,,,,,,,,,,,,,,,,,,,,,,,,,,,,,,,,,,,,,,,,,,,,,,,,,,,,,,,,,,,,,,,,,,,,,,,
Standard_D4pls_v5,Ampere Altra [Arm64],4,8,,,,,,,8,"6,400",,"20,000",,,,,,2,,Supported,Supported,Supported,Supported,,,Supported,,,Not supported,,,,,,,"12,500",Generation 2,Not supported,,,,,145,"1,200",,,,,,,,,,,,,,,,,,,,,,,,,,,,,,,,,,,,,,,,,,,,,,,,,,,,,,,,,,,,,,,,,,,,,,,,,,,,,,,,,,,,,,,,,,,,,
Standard_D8pls_v5,Ampere Altra [Arm64],8,16,,,,,,,16,"12,800",,"20,000",,,,,,4,,Supported,Supported,Supported,Supported,,,Supported,,,Not supported,,,,,,,"12,500",Generation 2,Not supported,,,,,290,"1,200",,,,,,,,,,,,,,,,,,,,,,,,,,,,,,,,,,,,,,,,,,,,,,,,,,,,,,,,,,,,,,,,,,,,,,,,,,,,,,,,,,,,,,,,,,,,,
Standard_D16pls_v5,Ampere Altra [Arm64],16,32,,,,,,,32,"25,600",,"40,000",,,,,,4,,Supported,Supported,Supported,Supported,,,Supported,,,Not supported,,,,,,,"12,500",Generation 2,Not supported,,,,,600,"1,200",,,,,,,,,,,,,,,,,,,,,,,,,,,,,,,,,,,,,,,,,,,,,,,,,,,,,,,,,,,,,,,,,,,,,,,,,,,,,,,,,,,,,,,,,,,,,
Standard_D32pls_v5,Ampere Altra [Arm64],32,64,,,,,,,32,"51,200",,"80,000",,,,,,8,,Supported,Supported,Supported,Supported,,,Supported,,,Not supported,,,,,,,"16,000",Generation 2,Not supported,,,,,865,2000,,,,,,,,,,,,,,,,,,,,,,,,,,,,,,,,,,,,,,,,,,,,,,,,,,,,,,,,,,,,,,,,,,,,,,,,,,,,,,,,,,,,,,,,,,,,,
Standard_D48pls_v5,Ampere Altra [Arm64],48,96,,,,,,,32,"76,800",,"80,000",,,,,,8,,Supported,Supported,Supported,Supported,,,Supported,,,Not supported,,,,,,,"24,000",Generation 2,Not supported,,,,,"1,315","3,000",,,,,,,,,,,,,,,,,,,,,,,,,,,,,,,,,,,,,,,,,,,,,,,,,,,,,,,,,,,,,,,,,,,,,,,,,,,,,,,,,,,,,,,,,,,,,
Standard_D64pls_v5,Ampere Altra [Arm64],64,128,,,,,,,32,"80,000",,"80,000",,,,,,8,,Supported,Supported,Supported,Supported,,,Supported,,,Not supported,,,,,,,"40,000",Generation 2,Not supported,,,,,"1,735","3,000",,,,,,,,,,,,,,,,,,,,,,,,,,,,,,,,,,,,,,,,,,,,,,,,,,,,,,,,,,,,,,,,,,,,,,,,,,,,,,,,,,,,,,,,,,,,,
Standard_D2pls_v6,Azure Cobalt 100 [Arm64],2,,,,,,,,,"3,750",,"10,000",,"4,163",,"11,100",,2,,,,,,,,,,,,,,,,,,"12,500",,,,,,,106,"1,250",,,,,124,"1,463",,,,,,,,,,,,,,,,4,,,,,,,,,8,,,,,,,,,,,,,,,,,,,,,,,,,,,,,,,,,,,,,,,,,,,,,,,,,,,,,,,,,,,,,,
Standard_D4pls_v6,Azure Cobalt 100 [Arm64],4,,,,,,,,,"6,400",,"20,000",,"8,333",,"26,040",,2,,,,,,,,,,,,,,,,,,"12,500",,,,,,,212,"1,250",,,,,248,"1,463",,,,,,,,,,,,,,,,8,,,,,,,,,12,,,,,,,,,,,,,,,,,,,,,,,,,,,,,,,,,,,,,,,,,,,,,,,,,,,,,,,,,,,,,,
Standard_D8pls_v6,Azure Cobalt 100 [Arm64],8,,,,,,,,,"12,800",,"20,000",,"16,666",,"26,040",,4,,,,,,,,,,,,,,,,,,"15,000",,,,,,,424,"1,250",,,,,496,"1,463",,,,,,,,,,,,,,,,16,,,,,,,,,24,,,,,,,,,,,,,,,,,,,,,,,,,,,,,,,,,,,,,,,,,,,,,,,,,,,,,,,,,,,,,,
Standard_D16pls_v6,Azure Cobalt 100 [Arm64],16,,,,,,,,,"25,600",,"40,000",,"33,331",,"52,080",,8,,,,,,,,,,,,,,,,,,"15,000",,,,,,,848,"1,250",,,,,992,"1,463",,,,,,,,,,,,,,,,32,,,,,,,,,48,,,,,,,,,,,,,,,,,,,,,,,,,,,,,,,,,,,,,,,,,,,,,,,,,,,,,,,,,,,,,,
Standard_D32pls_v6,Azure Cobalt 100 [Arm64],32,,,,,,,,,"51,200",,"80,000",,"66,662",,"104,160",,8,,,,,,,,,,,,,,,,,,"20,000",,,,,,,"1,696",2000,,,,,1984,"2,340",,,,,,,,,,,,,,,,64,,,,,,,,,64,,,,,,,,,,,,,,,,,,,,,,,,,,,,,,,,,,,,,,,,,,,,,,,,,,,,,,,,,,,,,,
Standard_D48pls_v6,Azure Cobalt 100 [Arm64],48,,,,,,,,,"76,800",,"80,000",,"99,994",,"104,160",,8,,,,,,,,,,,,,,,,,,"30,000",,,,,,,"2,544","3,000",,,,,"2,976","3,510",,,,,,,,,,,,,,,,96,,,,,,,,,64,,,,,,,,,,,,,,,,,,,,,,,,,,,,,,,,,,,,,,,,,,,,,,,,,,,,,,,,,,,,,,
Standard_D64pls_v6,Azure Cobalt 100 [Arm64],64,,,,,,,,,"102,400",,"102,400",,"133,325",,"133,325",,8,,,,,,,,,,,,,,,,,,"40,000",,,,,,,"3,392","3,392",,,,,"3,969","3,969",,,,,,,,,,,,,,,,128,,,,,,,,,64,,,,,,,,,,,,,,,,,,,,,,,,,,,,,,,,,,,,,,,,,,,,,,,,,,,,,,,,,,,,,,
Standard_D96pls_v6,Azure Cobalt 100 [Arm64],96,,,,,,,,,"153,600",,"153,600",,"199,987",,"199,987",,8,,,,,,,,,,,,,,,,,,"60,000",,,,,,,"5,000","5,000",,,,,"5,850","5,850",,,,,,,,,,,,,,,,192,,,,,,,,,64,,,,,,,,,,,,,,,,,,,,,,,,,,,,,,,,,,,,,,,,,,,,,,,,,,,,,,,,,,,,,,
Standard_D2ps_v5,Ampere Altra [Arm64],2,8,,,,,,,4,"3,750",,"10,000",,,,,,2,,Supported,Supported,Supported,Supported,,,Supported,,,Not supported,,,,,,,"12,500",Generation 2,Not supported,,,,,85,"1,200",,,,,,,,,,,,,,,,,,,,,,,,,,,,,,,,,,,,,,,,,,,,,,,,,,,,,,,,,,,,,,,,,,,,,,,,,,,,,,,,,,,,,,,,,,,,,
Standard_D4ps_v5,Ampere Altra [Arm64],4,16,,,,,,,8,"6,400",,"20,000",,,,,,2,,Supported,Supported,Supported,Supported,,,Supported,,,Not supported,,,,,,,"12,500",Generation 2,Not supported,,,,,145,"1,200",,,,,,,,,,,,,,,,,,,,,,,,,,,,,,,,,,,,,,,,,,,,,,,,,,,,,,,,,,,,,,,,,,,,,,,,,,,,,,,,,,,,,,,,,,,,,
Standard_D8ps_v5,Ampere Altra [Arm64],8,32,,,,,,,16,"12,800",,"20,000",,,,,,4,,Supported,Supported,Supported,Supported,,,Supported,,,Not supported,,,,,,,"12,500",Generation 2,Not supported,,,,,290,"1,200",,,,,,,,,,,,,,,,,,,,,,,,,,,,,,,,,,,,,,,,,,,,,,,,,,,,,,,,,,,,,,,,,,,,,,,,,,,,,,,,,,,,,,,,,,,,,
Standard_D16ps_v5,Ampere Altra [Arm64],16,64,,,,,,,32,"25,600",,"40,000",,,,,,4,,Supported,Supported,Supported,Supported,,,Supported,,,Not supported,,,,,,,"12,500",Generation 2,Not supported,,,,,600,"1,200",,,,,,,,,,,,,,,,,,,,,,,,,,,,,,,,,,,,,,,,,,,,,,,,,,,,,,,,,,,,,,,,,,,,,,,,,,,,,,,,,,,,,,,,,,,,,
Standard_D32ps_v5,Ampere Altra [Arm64],32,128,,,,,,,32,"51,200",,"80,000",,,,,,8,,Supported,Supported,Supported,Supported,,,Supported,,,Not supported,,,,,,,"16,000",Generation 2,Not supported,,,,,865,2000,,,,,,,,,,,,,,,,,,,,,,,,,,,,,,,,,,,,,,,,,,,,,,,,,,,,,,,,,,,,,,,,,,,,,,,,,,,,,,,,,,,,,,,,,,,,,
Standard_D48ps_v5,Ampere Altra [Arm64],48,192,,,,,,,32,"76,800",,"80,000",,,,,,8,,Supported,Supported,Supported,Supported,,,Supported,,,Not supported,,,,,,,"24,000",Generation 2,Not supported,,,,,"1,315","3,000",,,,,,,,,,,,,,,,,,,,,,,,,,,,,,,,,,,,,,,,,,,,,,,,,,,,,,,,,,,,,,,,,,,,,,,,,,,,,,,,,,,,,,,,,,,,,
Standard_D64ps_v5,Ampere Altra [Arm64],64,208,,,,,,,32,"80,000",,"80,000",,,,,,8,,Supported,Supported,Supported,Supported,,,Supported,,,Not supported,,,,,,,"40,000",Generation 2,Not supported,,,,,"1,735","3,000",,,,,,,,,,,,,,,,,,,,,,,,,,,,,,,,,,,,,,,,,,,,,,,,,,,,,,,,,,,,,,,,,,,,,,,,,,,,,,,,,,,,,,,,,,,,,
Standard_D2ps_v6,Azure Cobalt 100 [Arm64],2,,,,,,,,,"3,750",,"10,000",,"4,163",,"11,100",,2,,,,,,,,,,,,,,,,,,"12,500",,,,,,,106,"1,250",,,,,124,"1,463",,,,,,,,,,,,,,,,8,,,,,,,,,8,,,,,,,,,,,,,,,,,,,,,,,,,,,,,,,,,,,,,,,,,,,,,,,,,,,,,,,,,,,,,,
Standard_D4ps_v6,Azure Cobalt 100 [Arm64],4,,,,,,,,,"6,400",,"20,000",,"8,333",,"26,040",,2,,,,,,,,,,,,,,,,,,"12,500",,,,,,,212,"1,250",,,,,248,"1,463",,,,,,,,,,,,,,,,16,,,,,,,,,12,,,,,,,,,,,,,,,,,,,,,,,,,,,,,,,,,,,,,,,,,,,,,,,,,,,,,,,,,,,,,,
Standard_D8ps_v6,Azure Cobalt 100 [Arm64],8,,,,,,,,,"12,800",,"20,000",,"16,666",,"26,040",,4,,,,,,,,,,,,,,,,,,"15,000",,,,,,,424,"1,250",,,,,496,"1,463",,,,,,,,,,,,,,,,32,,,,,,,,,24,,,,,,,,,,,,,,,,,,,,,,,,,,,,,,,,,,,,,,,,,,,,,,,,,,,,,,,,,,,,,,
Standard_D16ps_v6,Azure Cobalt 100 [Arm64],16,,,,,,,,,"25,600",,"40,000",,"33,331",,"52,080",,8,,,,,,,,,,,,,,,,,,"15,000",,,,,,,848,"1,250",,,,,992,"1,463",,,,,,,,,,,,,,,,64,,,,,,,,,48,,,,,,,,,,,,,,,,,,,,,,,,,,,,,,,,,,,,,,,,,,,,,,,,,,,,,,,,,,,,,,
Standard_D32ps_v6,Azure Cobalt 100 [Arm64],32,,,,,,,,,"51,200",,"80,000",,"66,662",,"104,160",,8,,,,,,,,,,,,,,,,,,"20,000",,,,,,,"1,696",2000,,,,,1984,"2,340",,,,,,,,,,,,,,,,128,,,,,,,,,64,,,,,,,,,,,,,,,,,,,,,,,,,,,,,,,,,,,,,,,,,,,,,,,,,,,,,,,,,,,,,,
Standard_D48ps_v6,Azure Cobalt 100 [Arm64],48,,,,,,,,,"76,800",,"80,000",,"99,994",,"104,160",,8,,,,,,,,,,,,,,,,,,"30,000",,,,,,,"2,544","3,000",,,,,"2,976","3,510",,,,,,,,,,,,,,,,192,,,,,,,,,64,,,,,,,,,,,,,,,,,,,,,,,,,,,,,,,,,,,,,,,,,,,,,,,,,,,,,,,,,,,,,,
Standard_D64ps_v6,Azure Cobalt 100 [Arm64],64,,,,,,,,,"102,400",,"102,400",,"133,325",,"133,325",,8,,,,,,,,,,,,,,,,,,"40,000",,,,,,,"3,392","3,392",,,,,"3,969","3,969",,,,,,,,,,,,,,,,256,,,,,,,,,64,,,,,,,,,,,,,,,,,,,,,,,,,,,,,,,,,,,,,,,,,,,,,,,,,,,,,,,,,,,,,,
Standard_D96ps_v6,Azure Cobalt 100 [Arm64],96,,,,,,,,,"153,600",,"153,600",,"199,987",,"199,987",,8,,,,,,,,,,,,,,,,,,"60,000",,,,,,,"5,000","5,000",,,,,"5,850","5,850",,,,,,,,,,,,,,,,384,,,,,,,,,64,,,,,,,,,,,,,,,,,,,,,,,,,,,,,,,,,,,,,,,,,,,,,,,,,,,,,,,,,,,,,,
Standard_DS1_v2,Intel Xeon Platinum 8370C (Ice Lake) [x86-64] Intel Xeon Platinum 8272CL (Cascade Lake) [x86-64] Intel Xeon 8171M (Skylake) [x86-64] Intel Xeon E5-2673 v4 (Broadwell) [x86-64] Intel Xeon E5-2673 v3 (Haswell) [x86-64] Intel Xeon Platinum 8573C (Emerald Rapids) [x86-64],1,3.5,1,7,"4,000",,,,4,"3,200",,,,,,,,2,,Supported,Not Supported,Supported,Supported,,,Supported,,,Not Supported,,,,,32,,750,Generation 1,Not Supported,,,,,48,,,,,,,,,,,,,,,,,,,,,,,,,,,,,,,,,,,,,,,,,,,,,,,,,,,,,,,,,,,,,,,,,,,,,,,,,,,,,,,,,,,,,,,,,,,,,,
Standard_DS2_v2,Intel Xeon Platinum 8370C (Ice Lake) [x86-64] Intel Xeon Platinum 8272CL (Cascade Lake) [x86-64] Intel Xeon 8171M (Skylake) [x86-64] Intel Xeon E5-2673 v4 (Broadwell) [x86-64] Intel Xeon E5-2673 v3 (Haswell) [x86-64] Intel Xeon Platinum 8573C (Emerald Rapids) [x86-64],2,7,1,14,"8,000",,,,8,"6,400",,,,,,,,2,,Supported,Not Supported,Supported,Supported,,,Supported,,,Not Supported,,,,,64,,"1,500",Generation 1,Not Supported,,,,,96,,,,,,,,,,,,,,,,,,,,,,,,,,,,,,,,,,,,,,,,,,,,,,,,,,,,,,,,,,,,,,,,,,,,,,,,,,,,,,,,,,,,,,,,,,,,,,
Standard_DS3_v2,Intel Xeon Platinum 8370C (Ice Lake) [x86-64] Intel Xeon Platinum 8272CL (Cascade Lake) [x86-64] Intel Xeon 8171M (Skylake) [x86-64] Intel Xeon E5-2673 v4 (Broadwell) [x86-64] Intel Xeon E5-2673 v3 (Haswell) [x86-64] Intel Xeon Platinum 8573C (Emerald Rapids) [x86-64],4,14,1,28,"16,000",,,,16,"12,800",,,,,,,,4,,Supported,Not Supported,Supported,Supported,,,Supported,,,Not Supported,,,,,128,,"3,000",Generation 1,Not Supported,,,,,192,,,,,,,,,,,,,,,,,,,,,,,,,,,,,,,,,,,,,,,,,,,,,,,,,,,,,,,,,,,,,,,,,,,,,,,,,,,,,,,,,,,,,,,,,,,,,,
Standard_DS4_v2,Intel Xeon Platinum 8370C (Ice Lake) [x86-64] Intel Xeon Platinum 8272CL (Cascade Lake) [x86-64] Intel Xeon 8171M (Skylake) [x86-64] Intel Xeon E5-2673 v4 (Broadwell) [x86-64] Intel Xeon E5-2673 v3 (Haswell) [x86-64] Intel Xeon Platinum 8573C (Emerald Rapids) [x86-64],8,28,1,56,"32,000",,,,32,"25,600",,,,,,,,8,,Supported,Not Supported,Supported,Supported,,,Supported,,,Not Supported,,,,,256,,"6,000",Generation 1,Not Supported,,,,,384,,,,,,,,,,,,,,,,,,,,,,,,,,,,,,,,,,,,,,,,,,,,,,,,,,,,,,,,,,,,,,,,,,,,,,,,,,,,,,,,,,,,,,,,,,,,,,
Standard_DS5_v2,Intel Xeon Platinum 8370C (Ice Lake) [x86-64] Intel Xeon Platinum 8272CL (Cascade Lake) [x86-64] Intel Xeon 8171M (Skylake) [x86-64] Intel Xeon E5-2673 v4 (Broadwell) [x86-64] Intel Xeon E5-2673 v3 (Haswell) [x86-64] Intel Xeon Platinum 8573C (Emerald Rapids) [x86-64],16,56,1,112,"64,000",,,,64,"51,200",,,,,,,,8,,Supported,Not Supported,Supported,Supported,,,Supported,,,Not Supported,,,,,512,,"12,000",Generation 1,Not Supported,,,,,768,,,,,,,,,,,,,,,,,,,,,,,,,,,,,,,,,,,,,,,,,,,,,,,,,,,,,,,,,,,,,,,,,,,,,,,,,,,,,,,,,,,,,,,,,,,,,,
Standard_D2s_v3,Intel Xeon Platinum 8370C (Ice Lake) [x86-64] Intel Xeon Platinum 8272CL (Cascade Lake) [x86-64] Intel Xeon 8171M (Skylake) [x86-64] Intel Xeon E5-2673 v4 (Broadwell) [x86-64] Intel Xeon E5-2673 v3 (Haswell) [x86-64] Intel Xeon Platinum 8573C (Emerald Rapids) [x86-64],2,8,1,16,,,,,4,"3,200",,"4,000",,,,,,2,,Supported,Supported,Supported,Supported,,,Supported,,,Supported,,,,,,,"1,000",Generation 1 and 2,Supported,,,,,48,200,,,,,,,,,,,,,,,,,,,,,,,,,,,,,,,,,,,,,,50,"4,000",32,,,,,,,,,,,,,,,,,,,,,,,,,,,,,,,,,,,,,,,,,,,,,,,,,,,,,
Standard_D4s_v3,Intel Xeon Platinum 8370C (Ice Lake) [x86-64] Intel Xeon Platinum 8272CL (Cascade Lake) [x86-64] Intel Xeon 8171M (Skylake) [x86-64] Intel Xeon E5-2673 v4 (Broadwell) [x86-64] Intel Xeon E5-2673 v3 (Haswell) [x86-64] Intel Xeon Platinum 8573C (Emerald Rapids) [x86-64],4,16,1,32,,,,,8,"6,400",,"8,000",,,,,,2,,Supported,Supported,Supported,Supported,,,Supported,,,Supported,,,,,,,2000,Generation 1 and 2,Supported,,,,,96,200,,,,,,,,,,,,,,,,,,,,,,,,,,,,,,,,,,,,,,100,"8,000",64,,,,,,,,,,,,,,,,,,,,,,,,,,,,,,,,,,,,,,,,,,,,,,,,,,,,,
Standard_D8s_v3,Intel Xeon Platinum 8370C (Ice Lake) [x86-64] Intel Xeon Platinum 8272CL (Cascade Lake) [x86-64] Intel Xeon 8171M (Skylake) [x86-64] Intel Xeon E5-2673 v4 (Broadwell) [x86-64] Intel Xeon E5-2673 v3 (Haswell) [x86-64] Intel Xeon Platinum 8573C (Emerald Rapids) [x86-64],8,32,1,64,,,,,16,"12,800",,"16,000",,,,,,4,,Supported,Supported,Supported,Supported,,,Supported,,,Supported,,,,,,,2000,Generation 1 and 2,Supported,,,,,192,400,,,,,,,,,,,,,,,,,,,,,,,,,,,,,,,,,,,,,,200,"16,000",128,,,,,,,,,,,,,,,,,,,,,,,,,,,,,,,,,,,,,,,,,,,,,,,,,,,,,
Standard_D16s_v3,Intel Xeon Platinum 8370C (Ice Lake) [x86-64] Intel Xeon Platinum 8272CL (Cascade Lake) [x86-64] Intel Xeon 8171M (Skylake) [x86-64] Intel Xeon E5-2673 v4 (Broadwell) [x86-64] Intel Xeon E5-2673 v3 (Haswell) [x86-64] Intel Xeon Platinum 8573C (Emerald Rapids) [x86-64],16,64,1,128,,,,,32,"25,600",,"32,000",,,,,,8,,Supported,Supported,Supported,Supported,,,Supported,,,Supported,,,,,,,2000,Generation 1 and 2,Supported,,,,,384,800,,,,,,,,,,,,,,,,,,,,,,,,,,,,,,,,,,,,,,400,"32,000",256,,,,,,,,,,,,,,,,,,,,,,,,,,,,,,,,,,,,,,,,,,,,,,,,,,,,,
Standard_D32s_v3,Intel Xeon Platinum 8370C (Ice Lake) [x86-64] Intel Xeon Platinum 8272CL (Cascade Lake) [x86-64] Intel Xeon 8171M (Skylake) [x86-64] Intel Xeon E5-2673 v4 (Broadwell) [x86-64] Intel Xeon E5-2673 v3 (Haswell) [x86-64] Intel Xeon Platinum 8573C (Emerald Rapids) [x86-64],32,128,1,256,,,,,32,"51,200",,"64,000",,,,,,8,,Supported,Supported,Supported,Supported,,,Supported,,,Supported,,,,,,,"16,000",Generation 1 and 2,Supported,,,,,768,"1,600",,,,,,,,,,,,,,,,,,,,,,,,,,,,,,,,,,,,,,800,"64,000",512,,,,,,,,,,,,,,,,,,,,,,,,,,,,,,,,,,,,,,,,,,,,,,,,,,,,,
Standard_D48s_v3,Intel Xeon Platinum 8370C (Ice Lake) [x86-64] Intel Xeon Platinum 8272CL (Cascade Lake) [x86-64] Intel Xeon 8171M (Skylake) [x86-64] Intel Xeon E5-2673 v4 (Broadwell) [x86-64] Intel Xeon E5-2673 v3 (Haswell) [x86-64] Intel Xeon Platinum 8573C (Emerald Rapids) [x86-64],48,192,1,384,,,,,32,"76,800",,"80,000",,,,,,8,,Supported,Supported,Supported,Supported,,,Supported,,,Supported,,,,,,,"24,000",Generation 1 and 2,Supported,,,,,"1,152",2000,,,,,,,,,,,,,,,,,,,,,,,,,,,,,,,,,,,,,,"1,200","96,000",768,,,,,,,,,,,,,,,,,,,,,,,,,,,,,,,,,,,,,,,,,,,,,,,,,,,,,
Standard_D64s_v3,Intel Xeon Platinum 8370C (Ice Lake) [x86-64] Intel Xeon Platinum 8272CL (Cascade Lake) [x86-64] Intel Xeon 8171M (Skylake) [x86-64] Intel Xeon E5-2673 v4 (Broadwell) [x86-64] Intel Xeon E5-2673 v3 (Haswell) [x86-64] Intel Xeon Platinum 8573C (Emerald Rapids) [x86-64],64,256,1,512,,,,,32,"80,000",,"80,000",,,,,,8,,Supported,Supported,Supported,Supported,,,Supported,,,Supported,,,,,,,"30,000",Generation 1 and 2,Supported,,,,,"1,200",2000,,,,,,,,,,,,,,,,,,,,,,,,,,,,,,,,,,,,,,"1,600","128,000","1,024",,,,,,,,,,,,,,,,,,,,,,,,,,,,,,,,,,,,,,,,,,,,,,,,,,,,,
Standard_D2s_v4,Intel Xeon Platinum 8473C (Sapphire Rapids) [x86-64] Intel Xeon Platinum 8370C (Ice Lake) [x86-64] Intel Xeon Platinum 8272CL (Cascade Lake) [x86-64] Intel Xeon Platinum 8573C (Emerald Rapids) [x86-64],2,8,,,,,,,4,"3,200",,"4,000",,,,,,2,,Supported,Supported,Supported,Supported,,,Supported,,,Supported,,,,,,,"5,000",Generation 1 and 2,Not Supported,,,,,48,200,,,,,,,,,,,,,,,,,,,,,,,,,,,,,,,,,,,,,,,,,,,,,,,,,,,,,,,,,,,,,,,,,,,,,,,,,,,,,,,,,,,,,,,,,,,,,
Standard_D4s_v4,Intel Xeon Platinum 8473C (Sapphire Rapids) [x86-64] Intel Xeon Platinum 8370C (Ice Lake) [x86-64] Intel Xeon Platinum 8272CL (Cascade Lake) [x86-64] Intel Xeon Platinum 8573C (Emerald Rapids) [x86-64],4,16,,,,,,,8,"6,400",,"8,000",,,,,,2,,Supported,Supported,Supported,Supported,,,Supported,,,Supported,,,,,,,"10,000",Generation 1 and 2,Not Supported,,,,,96,200,,,,,,,,,,,,,,,,,,,,,,,,,,,,,,,,,,,,,,,,,,,,,,,,,,,,,,,,,,,,,,,,,,,,,,,,,,,,,,,,,,,,,,,,,,,,,
Standard_D8s_v4,Intel Xeon Platinum 8473C (Sapphire Rapids) [x86-64] Intel Xeon Platinum 8370C (Ice Lake) [x86-64] Intel Xeon Platinum 8272CL (Cascade Lake) [x86-64] Intel Xeon Platinum 8573C (Emerald Rapids) [x86-64],8,32,,,,,,,16,"12,800",,"16,000",,,,,,4,,Supported,Supported,Supported,Supported,,,Supported,,,Supported,,,,,,,"12,500",Generation 1 and 2,Not Supported,,,,,192,400,,,,,,,,,,,,,,,,,,,,,,,,,,,,,,,,,,,,,,,,,,,,,,,,,,,,,,,,,,,,,,,,,,,,,,,,,,,,,,,,,,,,,,,,,,,,,
Standard_D16s_v4,Intel Xeon Platinum 8473C (Sapphire Rapids) [x86-64] Intel Xeon Platinum 8370C (Ice Lake) [x86-64] Intel Xeon Platinum 8272CL (Cascade Lake) [x86-64] Intel Xeon Platinum 8573C (Emerald Rapids) [x86-64],16,64,,,,,,,32,"25,600",,"32,000",,,,,,8,,Supported,Supported,Supported,Supported,,,Supported,,,Supported,,,,,,,"12,500",Generation 1 and 2,Not Supported,,,,,384,800,,,,,,,,,,,,,,,,,,,,,,,,,,,,,,,,,,,,,,,,,,,,,,,,,,,,,,,,,,,,,,,,,,,,,,,,,,,,,,,,,,,,,,,,,,,,,
Standard_D32s_v4,Intel Xeon Platinum 8473C (Sapphire Rapids) [x86-64] Intel Xeon Platinum 8370C (Ice Lake) [x86-64] Intel Xeon Platinum 8272CL (Cascade Lake) [x86-64] Intel Xeon Platinum 8573C (Emerald Rapids) [x86-64],32,128,,,,,,,32,"51,200",,"64,000",,,,,,8,,Supported,Supported,Supported,Supported,,,Supported,,,Supported,,,,,,,"16,000",Generation 1 and 2,Not Supported,,,,,768,"1,600",,,,,,,,,,,,,,,,,,,,,,,,,,,,,,,,,,,,,,,,,,,,,,,,,,,,,,,,,,,,,,,,,,,,,,,,,,,,,,,,,,,,,,,,,,,,,
Standard_D48s_v4,Intel Xeon Platinum 8473C (Sapphire Rapids) [x86-64] Intel Xeon Platinum 8370C (Ice Lake) [x86-64] Intel Xeon Platinum 8272CL (Cascade Lake) [x86-64] Intel Xeon Platinum 8573C (Emerald Rapids) [x86-64],48,192,,,,,,,32,"76,800",,"80,000",,,,,,8,,Supported,Supported,Supported,Supported,,,Supported,,,Supported,,,,,,,"24,000",Generation 1 and 2,Not Supported,,,,,"1,152",2000,,,,,,,,,,,,,,,,,,,,,,,,,,,,,,,,,,,,,,,,,,,,,,,,,,,,,,,,,,,,,,,,,,,,,,,,,,,,,,,,,,,,,,,,,,,,,
Standard_D64s_v4,Intel Xeon Platinum 8473C (Sapphire Rapids) [x86-64] Intel Xeon Platinum 8370C (Ice Lake) [x86-64] Intel Xeon Platinum 8272CL (Cascade Lake) [x86-64] Intel Xeon Platinum 8573C (Emerald Rapids) [x86-64],64,256,,,,,,,32,"80,000",,"80,000",,,,,,8,,Supported,Supported,Supported,Supported,,,Supported,,,Supported,,,,,,,"30,000",Generation 1 and 2,Not Supported,,,,,"1,200",2000,,,,,,,,,,,,,,,,,,,,,,,,,,,,,,,,,,,,,,,,,,,,,,,,,,,,,,,,,,,,,,,,,,,,,,,,,,,,,,,,,,,,,,,,,,,,,
Standard_D2s_v5,Intel Xeon Platinum 8473C (Sapphire Rapids) [x86-64] Intel Xeon Platinum 8370C (Ice Lake) [x86-64] Intel Xeon Platinum 8573C (Emerald Rapids) [x86-64],2,8,,,,,,,4,"3,750",,"10,000",,,,,,2,,Supported,Supported,Supported,Supported,Supported,Supported,Required,Not Supported,,Supported,,,,,,,"12,500",,,,,,,85,"1,200",,,,,,,,,,,,,,,,,,,,,,,,,,,,,,,,,,,,,,,,,,,,,,,,,,,,,,,,,,,,,,,,,,,,,,,,,,,,,,,,,,,,,,,,,,,,,
Standard_D4s_v5,Intel Xeon Platinum 8473C (Sapphire Rapids) [x86-64] Intel Xeon Platinum 8370C (Ice Lake) [x86-64] Intel Xeon Platinum 8573C (Emerald Rapids) [x86-64],4,16,,,,,,,8,"6,400",,"20,000",,,,,,2,,Supported,Supported,Supported,Supported,Supported,Supported,Required,Not Supported,,Supported,,,,,,,"12,500",,,,,,,145,"1,200",,,,,,,,,,,,,,,,,,,,,,,,,,,,,,,,,,,,,,,,,,,,,,,,,,,,,,,,,,,,,,,,,,,,,,,,,,,,,,,,,,,,,,,,,,,,,
Standard_D8s_v5,Intel Xeon Platinum 8473C (Sapphire Rapids) [x86-64] Intel Xeon Platinum 8370C (Ice Lake) [x86-64] Intel Xeon Platinum 8573C (Emerald Rapids) [x86-64],8,32,,,,,,,16,"12,800",,"20,000",,,,,,4,,Supported,Supported,Supported,Supported,Supported,Supported,Required,Not Supported,,Supported,,,,,,,"12,500",,,,,,,290,"1,200",,,,,,,,,,,,,,,,,,,,,,,,,,,,,,,,,,,,,,,,,,,,,,,,,,,,,,,,,,,,,,,,,,,,,,,,,,,,,,,,,,,,,,,,,,,,,
Standard_D16s_v5,Intel Xeon Platinum 8473C (Sapphire Rapids) [x86-64] Intel Xeon Platinum 8370C (Ice Lake) [x86-64] Intel Xeon Platinum 8573C (Emerald Rapids) [x86-64],16,64,,,,,,,32,"25,600",,"40,000",,,,,,8,,Supported,Supported,Supported,Supported,Supported,Supported,Required,Not Supported,,Supported,,,,,,,"12,500",,,,,,,600,"1,200",,,,,,,,,,,,,,,,,,,,,,,,,,,,,,,,,,,,,,,,,,,,,,,,,,,,,,,,,,,,,,,,,,,,,,,,,,,,,,,,,,,,,,,,,,,,,
Standard_D32s_v5,Intel Xeon Platinum 8473C (Sapphire Rapids) [x86-64] Intel Xeon Platinum 8370C (Ice Lake) [x86-64] Intel Xeon Platinum 8573C (Emerald Rapids) [x86-64],32,128,,,,,,,32,"51,200",,"80,000",,,,,,8,,Supported,Supported,Supported,Supported,Supported,Supported,Required,Not Supported,,Supported,,,,,,,"16,000",,,,,,,865,2000,,,,,,,,,,,,,,,,,,,,,,,,,,,,,,,,,,,,,,,,,,,,,,,,,,,,,,,,,,,,,,,,,,,,,,,,,,,,,,,,,,,,,,,,,,,,,
Standard_D48s_v5,Intel Xeon Platinum 8473C (Sapphire Rapids) [x86-64] Intel Xeon Platinum 8370C (Ice Lake) [x86-64] Intel Xeon Platinum 8573C (Emerald Rapids) [x86-64],48,192,,,,,,,32,"76,800",,"80,000",,,,,,8,,Supported,Supported,Supported,Supported,Supported,Supported,Required,Not Supported,,Supported,,,,,,,"24,000",,,,,,,"1,315","3,000",,,,,,,,,,,,,,,,,,,,,,,,,,,,,,,,,,,,,,,,,,,,,,,,,,,,,,,,,,,,,,,,,,,,,,,,,,,,,,,,,,,,,,,,,,,,,
Standard_D64s_v5,Intel Xeon Platinum 8473C (Sapphire Rapids) [x86-64] Intel Xeon Platinum 8370C (Ice Lake) [x86-64] Intel Xeon Platinum 8573C (Emerald Rapids) [x86-64],64,256,,,,,,,32,"80,000",,"80,000",,,,,,8,,Supported,Supported,Supported,Supported,Supported,Supported,Required,Not Supported,,Supported,,,,,,,"30,000",,,,,,,"1,735","3,000",,,,,,,,,,,,,,,,,,,,,,,,,,,,,,,,,,,,,,,,,,,,,,,,,,,,,,,,,,,,,,,,,,,,,,,,,,,,,,,,,,,,,,,,,,,,,
Standard_D96s_v5,Intel Xeon Platinum 8473C (Sapphire Rapids) [x86-64] Intel Xeon Platinum 8370C (Ice Lake) [x86-64] Intel Xeon Platinum 8573C (Emerald Rapids) [x86-64],96,384,,,,,,,32,"80,000",,"80,000",,,,,,8,,Supported,Supported,Supported,Supported,Supported,Supported,Required,Not Supported,,Supported,,,,,,,"35,000",,,,,,,"2,600","4,000",,,,,,,,,,,,,,,,,,,,,,,,,,,,,,,,,,,,,,,,,,,,,,,,,,,,,,,,,,,,,,,,,,,,,,,,,,,,,,,,,,,,,,,,,,,,,
Standard_D2s_v6,Intel Xeon Platinum 8573C (Emerald Rapids) [x86-64],2,8,,,,,,,8,"3,750",,"40,000",,"4,167",,"44,444",,2,,Supported,Supported,Supported,Supported,Supported,Not Supported,Supported,Not Supported,,Supported,,,,,,,"12,500",,,,,,,106,"1,250",,,,,124,"1,463",,,,,,,,,,,,,,,,,,,,,,,,,,,,,,,,,,,,,,,,,,,,,,,,,,,,,,,,,,,,,,,,,,,,,,,,,,,,,,,,,,,,,,,
Standard_D4s_v6,Intel Xeon Platinum 8573C (Emerald Rapids) [x86-64],4,16,,,,,,,12,"6,400",,"40,000",,"8,333",,"52,083",,2,,Supported,Supported,Supported,Supported,Supported,Not Supported,Supported,Not Supported,,Supported,,,,,,,"12,500",,,,,,,212,"1,250",,,,,248,"1,463",,,,,,,,,,,,,,,,,,,,,,,,,,,,,,,,,,,,,,,,,,,,,,,,,,,,,,,,,,,,,,,,,,,,,,,,,,,,,,,,,,,,,,,
Standard_D8s_v6,Intel Xeon Platinum 8573C (Emerald Rapids) [x86-64],8,32,,,,,,,24,"12,800",,"40,000",,"16,667",,"52,083",,4,,Supported,Supported,Supported,Supported,Supported,Not Supported,Supported,Not Supported,,Supported,,,,,,,"12,500",,,,,,,424,"1,250",,,,,496,"1,463",,,,,,,,,,,,,,,,,,,,,,,,,,,,,,,,,,,,,,,,,,,,,,,,,,,,,,,,,,,,,,,,,,,,,,,,,,,,,,,,,,,,,,,
Standard_D16s_v6,Intel Xeon Platinum 8573C (Emerald Rapids) [x86-64],16,64,,,,,,,48,"25,600",,"40,000",,"33,333",,"52,083",,8,,Supported,Supported,Supported,Supported,Supported,Not Supported,Supported,Not Supported,,Supported,,,,,,,"12,500",,,,,,,848,"1,250",,,,,992,"1,463",,,,,,,,,,,,,,,,,,,,,,,,,,,,,,,,,,,,,,,,,,,,,,,,,,,,,,,,,,,,,,,,,,,,,,,,,,,,,,,,,,,,,,,
Standard_D32s_v6,Intel Xeon Platinum 8573C (Emerald Rapids) [x86-64],32,128,,,,,,,64,"51,200",,"80,000",,"66,667",,"104,167",,8,,Supported,Supported,Supported,Supported,Supported,Not Supported,Supported,Not Supported,,Supported,,,,,,,"16,000",,,,,,,"1,696","1,696",,,,,1984,1984,,,,,,,,,,,,,,,,,,,,,,,,,,,,,,,,,,,,,,,,,,,,,,,,,,,,,,,,,,,,,,,,,,,,,,,,,,,,,,,,,,,,,,,
Standard_D48s_v6,Intel Xeon Platinum 8573C (Emerald Rapids) [x86-64],48,192,,,,,,,64,"76,800",,"80,000",,"100,000",,"104,167",,8,,Supported,Supported,Supported,Supported,Supported,Not Supported,Supported,Not Supported,,Supported,,,,,,,"24,000",,,,,,,"2,544","2,544",,,,,"2,976","2,976",,,,,,,,,,,,,,,,,,,,,,,,,,,,,,,,,,,,,,,,,,,,,,,,,,,,,,,,,,,,,,,,,,,,,,,,,,,,,,,,,,,,,,,
Standard_D64s_v6,Intel Xeon Platinum 8573C (Emerald Rapids) [x86-64],64,256,,,,,,,64,"102,400",,"102,400",,"133,333",,"133,333",,8,,Supported,Supported,Supported,Supported,Supported,Not Supported,Supported,Not Supported,,Supported,,,,,,,"30,000",,,,,,,"3,392","3,392",,,,,"3,969","3,969",,,,,,,,,,,,,,,,,,,,,,,,,,,,,,,,,,,,,,,,,,,,,,,,,,,,,,,,,,,,,,,,,,,,,,,,,,,,,,,,,,,,,,,
Standard_D96s_v6,Intel Xeon Platinum 8573C (Emerald Rapids) [x86-64],96,384,,,,,,,64,"153,600",,"153,600",,"200,000",,"200,000",,8,,Supported,Supported,Supported,Supported,Supported,Not Supported,Supported,Not Supported,,Supported,,,,,,,"41,000",,,,,,,"5,088","5,088",,,,,"5,953","5,953",,,,,,,,,,,,,,,,,,,,,,,,,,,,,,,,,,,,,,,,,,,,,,,,,,,,,,,,,,,,,,,,,,,,,,,,,,,,,,,,,,,,,,,
Standard_D128s_v6,Intel Xeon Platinum 8573C (Emerald Rapids) [x86-64],128,512,,,,,,,64,"204,800",,"204,800",,"266,667",,"266,667",,8,,Supported,Supported,Supported,Supported,Supported,Not Supported,Supported,Not Supported,,Supported,,,,,,,"54,000",,,,,,,"6,782","6,782",,,,,"7,935","7,935",,,,,,,,,,,,,,,,,,,,,,,,,,,,,,,,,,,,,,,,,,,,,,,,,,,,,,,,,,,,,,,,,,,,,,,,,,,,,,,,,,,,,,,
Standard_D192s_v6,Intel Xeon Platinum 8573C (Emerald Rapids) [x86-64],192,768,,,,,,,64,"260,000",,"260,000",,"400,400",,"400,400",,8,,Supported,Supported,Supported,Supported,Supported,Not Supported,Supported,Not Supported,,Supported,,,,,,,"82,000",,,,,,,"12,000","12,000",,,,,"12,000","12,000",,,,,,,,,,,,,,,,,,,,,,,,,,,,,,,,,,,,,,,,,,,,,,,,,,,,,,,,,,,,,,,,,,,,,,,,,,,,,,,,,,,,,,,
Standard_D2s_v7,Intel Xeon 6 6973PC (Granite Rapids) [x86-64],2,,,,,,,,10,"4,000",,"45,000",,"5,000",,"56,250",,3,,Supported,Supported,Supported,Not Supported,Supported,Not Supported,Supported,,,Supported,,,,,,,"16,000",,,,,,,115,"1,410",,,,,135,"1,640",,,,,,,,,,,,,,,,8,,,,,,,,,,,,,,,,,,,,,,,,,,,,,,,,,,,,,,,,,,,,,,,,,,,,,,,,,,,,,,,,,,,,,,,
Standard_D4s_v7,Intel Xeon 6 6973PC (Granite Rapids) [x86-64],4,,,,,,,,12,"8,000",,"45,000",,"10,000",,"56,250",,4,,Supported,Supported,Supported,Not Supported,Supported,Not Supported,Supported,,,Supported,,,,,,,"25,000",,,,,,,230,"1,410",,,,,270,"1,640",,,,,,,,,,,,,,,,16,,,,,,,,,,,,,,,,,,,,,,,,,,,,,,,,,,,,,,,,,,,,,,,,,,,,,,,,,,,,,,,,,,,,,,,
Standard_D8s_v7,Intel Xeon 6 6973PC (Granite Rapids) [x86-64],8,,,,,,,,26,"16,000",,"45,000",,"20,000",,"56,250",,4,,Supported,Supported,Supported,Not Supported,Supported,Not Supported,Supported,,,Supported,,,,,,,"25,000",,,,,,,460,"1,410",,,,,540,"1,640",,,,,,,,,,,,,,,,32,,,,,,,,,,,,,,,,,,,,,,,,,,,,,,,,,,,,,,,,,,,,,,,,,,,,,,,,,,,,,,,,,,,,,,,
Standard_D16s_v7,Intel Xeon 6 6973PC (Granite Rapids) [x86-64],16,,,,,,,,48,"32,000",,"75,000",,"40,000",,"93,750",,8,,Supported,Supported,Supported,Not Supported,Supported,Not Supported,Supported,,,Supported,,,,,,,"25,000",,,,,,,920,"1,410",,,,,"1,080","1,640",,,,,,,,,,,,,,,,64,,,,,,,,,,,,,,,,,,,,,,,,,,,,,,,,,,,,,,,,,,,,,,,,,,,,,,,,,,,,,,,,,,,,,,,
Standard_D32s_v7,Intel Xeon 6 6973PC (Granite Rapids) [x86-64],32,,,,,,,,64,"64,000",,"100,000",,"80,000",,"125,000",,8,,Supported,Supported,Supported,Not Supported,Supported,Not Supported,Supported,,,Supported,,,,,,,"25,000",,,,,,,"1,840","1,915",,,,,"2,160","2,225",,,,,,,,,,,,,,,,128,,,,,,,,,,,,,,,,,,,,,,,,,,,,,,,,,,,,,,,,,,,,,,,,,,,,,,,,,,,,,,,,,,,,,,,
Standard_D48s_v7,Intel Xeon 6 6973PC (Granite Rapids) [x86-64],48,,,,,,,,64,"96,000",,"160,000",,"120,000",,"200,000",,8,,Supported,Supported,Supported,Not Supported,Supported,Not Supported,Supported,,,Supported,,,,,,,"35,000",,,,,,,"2,760","2,875",,,,,"3,285","3,335",,,,,,,,,,,,,,,,192,,,,,,,,,,,,,,,,,,,,,,,,,,,,,,,,,,,,,,,,,,,,,,,,,,,,,,,,,,,,,,,,,,,,,,,
Standard_D64s_v7,Intel Xeon 6 6973PC (Granite Rapids) [x86-64],64,,,,,,,,64,"128,000",,"160,000",,"160,000",,"200,000",,15,,Supported,Supported,Supported,Not Supported,Supported,Not Supported,Supported,,,Supported,,,,,,,"45,000",,,,,,,"3,680","3,830",,,,,"4,320","4,450",,,,,,,,,,,,,,,,256,,,,,,,,,,,,,,,,,,,,,,,,,,,,,,,,,,,,,,,,,,,,,,,,,,,,,,,,,,,,,,,,,,,,,,,
Standard_D96s_v7,Intel Xeon 6 6973PC (Granite Rapids) [x86-64],96,,,,,,,,64,"192,000",,"200,000",,"240,000",,"205,000",,15,,Supported,Supported,Supported,Not Supported,Supported,Not Supported,Supported,,,Supported,,,,,,,"70,000",,,,,,,"5,520","5,745",,,,,"6,570","6,675",,,,,,,,,,,,,,,,384,,,,,,,,,,,,,,,,,,,,,,,,,,,,,,,,,,,,,,,,,,,,,,,,,,,,,,,,,,,,,,,,,,,,,,,
Standard_D128s_v7,Intel Xeon 6 6973PC (Granite Rapids) [x86-64],128,,,,,,,,64,"204,800",,"225,280",,"320,000",,"352,000",,15,,Supported,Supported,Supported,Not Supported,Supported,Not Supported,Supported,,,Supported,,,,,,,"85,000",,,,,,,"7,360","7,660",,,,,"8,640","8,895",,,,,,,,,,,,,,,,512,,,,,,,,,,,,,,,,,,,,,,,,,,,,,,,,,,,,,,,,,,,,,,,,,,,,,,,,,,,,,,,,,,,,,,,
Standard_D192s_v7,Intel Xeon 6 6973PC (Granite Rapids) [x86-64],192,,,,,,,,64,"307,200",,"350,000",,"480,000",,"546,875",,15,,Supported,Supported,Supported,Not Supported,Supported,Not Supported,Supported,,,Supported,,,,,,,"100,000",,,,,,,"11,040","12,000",,,,,"13,140","13,930",,,,,,,,,,,,,,,,768,,,,,,,,,,,,,,,,,,,,,,,,,,,,,,,,,,,,,,,,,,,,,,,,,,,,,,,,,,,,,,,,,,,,,,,
*Standard_D248s_v7,Intel Xeon 6 6973PC (Granite Rapids) [x86-64],248*,,,,,,,,64,"396,800",,"500,000",,"620,000",,"781,250",,15,,Supported,Supported,Supported,Not Supported,Supported,Not Supported,Supported,,,Supported,,,,,,,"150,000",,,,,,,"13,145","15,000",,,,,"16,740","19,385",,,,,,,,,,,,,,,,992,,,,,,,,,,,,,,,,,,,,,,,,,,,,,,,,,,,,,,,,,,,,,,,,,,,,,,,,,,,,,,,,,,,,,,,
*Standard_D372s_v7,Intel Xeon 6 6973PC (Granite Rapids) [x86-64],372*,,,,,,,,64,"500,000",,"500,000",,"800,000",,"800,000",,15,,Supported,Supported,Supported,Not Supported,Supported,Not Supported,Supported,,,Supported,,,,,,,"200,000",,,,,,,"16,000","16,000",,,,,"20,000","20,000",,,,,,,,,,,,,,,,"1,488",,,,,,,,,,,,,,,,,,,,,,,,,,,,,,,,,,,,,,,,,,,,,,,,,,,,,,,,,,,,,,,,,,,,,,,
Standard_D1_v2,Intel Xeon Platinum 8370C (Ice Lake) [x86-64] Intel Xeon Platinum 8272CL (Cascade Lake) [x86-64] Intel Xeon 8171M (Skylake) [x86-64] Intel Xeon E5-2673 v4 (Broadwell) [x86-64] Intel Xeon E5-2673 v3 (Haswell) [x86-64] Intel Xeon Platinum 8573C (Emerald Rapids) [x86-64],1,3.5,1,50,"3,000",,,,4,4x500,,,,,,,,2,,Not Supported,Not Supported,Supported,Supported,,,Supported,,,Not Supported,,,,,46,23,750,Generation 1,Not Supported,,,,,,,,,,,,,,,,,,,,,,,,,,,,,,,,,,,,,,,,,,,,,,,,,,,,,,,,,,,,,,,,,,,,,,,,,,,,,,,,,,,,,,,,,,,,,,,,,,,
Standard_D2_v2,Intel Xeon Platinum 8370C (Ice Lake) [x86-64] Intel Xeon Platinum 8272CL (Cascade Lake) [x86-64] Intel Xeon 8171M (Skylake) [x86-64] Intel Xeon E5-2673 v4 (Broadwell) [x86-64] Intel Xeon E5-2673 v3 (Haswell) [x86-64] Intel Xeon Platinum 8573C (Emerald Rapids) [x86-64],2,7,1,100,"6,000",,,,8,8x500,,,,,,,,2,,Not Supported,Not Supported,Supported,Supported,,,Supported,,,Not Supported,,,,,93,46,"1,500",Generation 1,Not Supported,,,,,,,,,,,,,,,,,,,,,,,,,,,,,,,,,,,,,,,,,,,,,,,,,,,,,,,,,,,,,,,,,,,,,,,,,,,,,,,,,,,,,,,,,,,,,,,,,,,
Standard_D3_v2,Intel Xeon Platinum 8370C (Ice Lake) [x86-64] Intel Xeon Platinum 8272CL (Cascade Lake) [x86-64] Intel Xeon 8171M (Skylake) [x86-64] Intel Xeon E5-2673 v4 (Broadwell) [x86-64] Intel Xeon E5-2673 v3 (Haswell) [x86-64] Intel Xeon Platinum 8573C (Emerald Rapids) [x86-64],4,14,1,200,"12,000",,,,16,16x500,,,,,,,,4,,Not Supported,Not Supported,Supported,Supported,,,Supported,,,Not Supported,,,,,187,93,"3,000",Generation 1,Not Supported,,,,,,,,,,,,,,,,,,,,,,,,,,,,,,,,,,,,,,,,,,,,,,,,,,,,,,,,,,,,,,,,,,,,,,,,,,,,,,,,,,,,,,,,,,,,,,,,,,,
Standard_D4_v2,Intel Xeon Platinum 8370C (Ice Lake) [x86-64] Intel Xeon Platinum 8272CL (Cascade Lake) [x86-64] Intel Xeon 8171M (Skylake) [x86-64] Intel Xeon E5-2673 v4 (Broadwell) [x86-64] Intel Xeon E5-2673 v3 (Haswell) [x86-64] Intel Xeon Platinum 8573C (Emerald Rapids) [x86-64],8,28,1,400,"24,000",,,,32,32x500,,,,,,,,8,,Not Supported,Not Supported,Supported,Supported,,,Supported,,,Not Supported,,,,,375,187,"6,000",Generation 1,Not Supported,,,,,,,,,,,,,,,,,,,,,,,,,,,,,,,,,,,,,,,,,,,,,,,,,,,,,,,,,,,,,,,,,,,,,,,,,,,,,,,,,,,,,,,,,,,,,,,,,,,
Standard_D5_v2,Intel Xeon Platinum 8370C (Ice Lake) [x86-64] Intel Xeon Platinum 8272CL (Cascade Lake) [x86-64] Intel Xeon 8171M (Skylake) [x86-64] Intel Xeon E5-2673 v4 (Broadwell) [x86-64] Intel Xeon E5-2673 v3 (Haswell) [x86-64] Intel Xeon Platinum 8573C (Emerald Rapids) [x86-64],16,56,1,800,"48,000",,,,64,64x500,,,,,,,,8,,Not Supported,Not Supported,Supported,Supported,,,Supported,,,Not Supported,,,,,750,375,"12,000",Generation 1,Not Supported,,,,,,,,,,,,,,,,,,,,,,,,,,,,,,,,,,,,,,,,,,,,,,,,,,,,,,,,,,,,,,,,,,,,,,,,,,,,,,,,,,,,,,,,,,,,,,,,,,,
Standard_D2_v3,Intel Xeon Platinum 8370C (Ice Lake) [x86-64] Intel Xeon Platinum 8272CL (Cascade Lake) [x86-64] Intel Xeon 8171M (Skylake) [x86-64] Intel Xeon E5-2673 v4 (Broadwell) [x86-64] Intel Xeon E5-2673 v3 (Haswell) [x86-64] Intel Xeon Platinum 8573C (Emerald Rapids) [x86-64],2,8,1,50,"3,000",,,,4,,,,,,,,,2,,Not Supported,Not Supported,Supported,Supported,,,Supported,,,Supported,,,,,46,23,"1,000",Generation 1,Not Supported,,,,,,,,,,,,,,,,,,,,,,,,,,,,,,,,,,,,,,,,,,,,,,,,,,,,,,,,,,,,,,,,,,,,,,,,,,,,,,,,,,,,,,,,,,,,,,,,,,,
Standard_D4_v3,Intel Xeon Platinum 8370C (Ice Lake) [x86-64] Intel Xeon Platinum 8272CL (Cascade Lake) [x86-64] Intel Xeon 8171M (Skylake) [x86-64] Intel Xeon E5-2673 v4 (Broadwell) [x86-64] Intel Xeon E5-2673 v3 (Haswell) [x86-64] Intel Xeon Platinum 8573C (Emerald Rapids) [x86-64],4,16,1,100,"6,000",,,,8,,,,,,,,,2,,Not Supported,Not Supported,Supported,Supported,,,Supported,,,Supported,,,,,93,46,2000,Generation 1,Not Supported,,,,,,,,,,,,,,,,,,,,,,,,,,,,,,,,,,,,,,,,,,,,,,,,,,,,,,,,,,,,,,,,,,,,,,,,,,,,,,,,,,,,,,,,,,,,,,,,,,,
Standard_D8_v3,Intel Xeon Platinum 8370C (Ice Lake) [x86-64] Intel Xeon Platinum 8272CL (Cascade Lake) [x86-64] Intel Xeon 8171M (Skylake) [x86-64] Intel Xeon E5-2673 v4 (Broadwell) [x86-64] Intel Xeon E5-2673 v3 (Haswell) [x86-64] Intel Xeon Platinum 8573C (Emerald Rapids) [x86-64],8,32,1,200,"12,000",,,,16,,,,,,,,,4,,Not Supported,Not Supported,Supported,Supported,,,Supported,,,Supported,,,,,187,93,2000,Generation 1,Not Supported,,,,,,,,,,,,,,,,,,,,,,,,,,,,,,,,,,,,,,,,,,,,,,,,,,,,,,,,,,,,,,,,,,,,,,,,,,,,,,,,,,,,,,,,,,,,,,,,,,,
Standard_D16_v3,Intel Xeon Platinum 8370C (Ice Lake) [x86-64] Intel Xeon Platinum 8272CL (Cascade Lake) [x86-64] Intel Xeon 8171M (Skylake) [x86-64] Intel Xeon E5-2673 v4 (Broadwell) [x86-64] Intel Xeon E5-2673 v3 (Haswell) [x86-64] Intel Xeon Platinum 8573C (Emerald Rapids) [x86-64],16,64,1,400,"24,000",,,,32,,,,,,,,,8,,Not Supported,Not Supported,Supported,Supported,,,Supported,,,Supported,,,,,375,187,2000,Generation 1,Not Supported,,,,,,,,,,,,,,,,,,,,,,,,,,,,,,,,,,,,,,,,,,,,,,,,,,,,,,,,,,,,,,,,,,,,,,,,,,,,,,,,,,,,,,,,,,,,,,,,,,,
Standard_D32_v3,Intel Xeon Platinum 8370C (Ice Lake) [x86-64] Intel Xeon Platinum 8272CL (Cascade Lake) [x86-64] Intel Xeon 8171M (Skylake) [x86-64] Intel Xeon E5-2673 v4 (Broadwell) [x86-64] Intel Xeon E5-2673 v3 (Haswell) [x86-64] Intel Xeon Platinum 8573C (Emerald Rapids) [x86-64],32,128,1,800,"48,000",,,,32,,,,,,,,,8,,Not Supported,Not Supported,Supported,Supported,,,Supported,,,Supported,,,,,750,375,"16,000",Generation 1,Not Supported,,,,,,,,,,,,,,,,,,,,,,,,,,,,,,,,,,,,,,,,,,,,,,,,,,,,,,,,,,,,,,,,,,,,,,,,,,,,,,,,,,,,,,,,,,,,,,,,,,,
Standard_D48_v3,Intel Xeon Platinum 8370C (Ice Lake) [x86-64] Intel Xeon Platinum 8272CL (Cascade Lake) [x86-64] Intel Xeon 8171M (Skylake) [x86-64] Intel Xeon E5-2673 v4 (Broadwell) [x86-64] Intel Xeon E5-2673 v3 (Haswell) [x86-64] Intel Xeon Platinum 8573C (Emerald Rapids) [x86-64],48,192,1,"1,200","96,000",,,,32,,,,,,,,,8,,Not Supported,Not Supported,Supported,Supported,,,Supported,,,Supported,,,,,"1,000",500,"24,000",Generation 1,Not Supported,,,,,,,,,,,,,,,,,,,,,,,,,,,,,,,,,,,,,,,,,,,,,,,,,,,,,,,,,,,,,,,,,,,,,,,,,,,,,,,,,,,,,,,,,,,,,,,,,,,
Standard_D64_v3,Intel Xeon Platinum 8370C (Ice Lake) [x86-64] Intel Xeon Platinum 8272CL (Cascade Lake) [x86-64] Intel Xeon 8171M (Skylake) [x86-64] Intel Xeon E5-2673 v4 (Broadwell) [x86-64] Intel Xeon E5-2673 v3 (Haswell) [x86-64] Intel Xeon Platinum 8573C (Emerald Rapids) [x86-64],64,256,1,"1,600","96,000",,,,32,,,,,,,,,8,,Not Supported,Not Supported,Supported,Supported,,,Supported,,,Supported,,,,,"1,000",500,"30,000",Generation 1,Not Supported,,,,,,,,,,,,,,,,,,,,,,,,,,,,,,,,,,,,,,,,,,,,,,,,,,,,,,,,,,,,,,,,,,,,,,,,,,,,,,,,,,,,,,,,,,,,,,,,,,,
Standard_D2_v4,Intel Xeon Platinum 8370C (Ice Lake) [x86-64] Intel Xeon Platinum 8272CL (Cascade Lake) [x86-64] Intel Xeon Platinum 8473C (Sapphire Rapids) [x86-64] Intel Xeon Platinum 8573C (Emerald Rapids) [x86-64],2,8,,,,,,,4,"3,200",,"4,000",,,,,,2,,Not Supported,Not Supported,Supported,Supported,,,Supported,,,Supported,,,,,,,"5,000",Generation 1 and 2,Not Supported,,,,,48,200,,,,,,,,,,,,,,,,,,,,,,,,,,,,,,,,,,,,,,,,,,,,,,,,,,,,,,,,,,,,,,,,,,,,,,,,,,,,,,,,,,,,,,,,,,,,,
Standard_D4_v4,Intel Xeon Platinum 8370C (Ice Lake) [x86-64] Intel Xeon Platinum 8272CL (Cascade Lake) [x86-64] Intel Xeon Platinum 8473C (Sapphire Rapids) [x86-64] Intel Xeon Platinum 8573C (Emerald Rapids) [x86-64],4,16,,,,,,,8,"6,400",,"8,000",,,,,,2,,Not Supported,Not Supported,Supported,Supported,,,Supported,,,Supported,,,,,,,"10,000",Generation 1 and 2,Not Supported,,,,,96,200,,,,,,,,,,,,,,,,,,,,,,,,,,,,,,,,,,,,,,,,,,,,,,,,,,,,,,,,,,,,,,,,,,,,,,,,,,,,,,,,,,,,,,,,,,,,,
Standard_D8_v4,Intel Xeon Platinum 8370C (Ice Lake) [x86-64] Intel Xeon Platinum 8272CL (Cascade Lake) [x86-64] Intel Xeon Platinum 8473C (Sapphire Rapids) [x86-64] Intel Xeon Platinum 8573C (Emerald Rapids) [x86-64],8,32,,,,,,,16,"12,800",,"16,000",,,,,,4,,Not Supported,Not Supported,Supported,Supported,,,Supported,,,Supported,,,,,,,"12,500",Generation 1 and 2,Not Supported,,,,,192,400,,,,,,,,,,,,,,,,,,,,,,,,,,,,,,,,,,,,,,,,,,,,,,,,,,,,,,,,,,,,,,,,,,,,,,,,,,,,,,,,,,,,,,,,,,,,,
Standard_D16_v4,Intel Xeon Platinum 8370C (Ice Lake) [x86-64] Intel Xeon Platinum 8272CL (Cascade Lake) [x86-64] Intel Xeon Platinum 8473C (Sapphire Rapids) [x86-64] Intel Xeon Platinum 8573C (Emerald Rapids) [x86-64],16,64,,,,,,,32,"25,600",,"32,000",,,,,,8,,Not Supported,Not Supported,Supported,Supported,,,Supported,,,Supported,,,,,,,"12,500",Generation 1 and 2,Not Supported,,,,,384,800,,,,,,,,,,,,,,,,,,,,,,,,,,,,,,,,,,,,,,,,,,,,,,,,,,,,,,,,,,,,,,,,,,,,,,,,,,,,,,,,,,,,,,,,,,,,,
Standard_D32_v4,Intel Xeon Platinum 8370C (Ice Lake) [x86-64] Intel Xeon Platinum 8272CL (Cascade Lake) [x86-64] Intel Xeon Platinum 8473C (Sapphire Rapids) [x86-64] Intel Xeon Platinum 8573C (Emerald Rapids) [x86-64],32,128,,,,,,,32,"51,200",,"64,000",,,,,,8,,Not Supported,Not Supported,Supported,Supported,,,Supported,,,Supported,,,,,,,"16,000",Generation 1 and 2,Not Supported,,,,,768,"1,600",,,,,,,,,,,,,,,,,,,,,,,,,,,,,,,,,,,,,,,,,,,,,,,,,,,,,,,,,,,,,,,,,,,,,,,,,,,,,,,,,,,,,,,,,,,,,
Standard_D48_v4,Intel Xeon Platinum 8370C (Ice Lake) [x86-64] Intel Xeon Platinum 8272CL (Cascade Lake) [x86-64] Intel Xeon Platinum 8473C (Sapphire Rapids) [x86-64] Intel Xeon Platinum 8573C (Emerald Rapids) [x86-64],48,192,,,,,,,32,"76,800",,"80,000",,,,,,8,,Not Supported,Not Supported,Supported,Supported,,,Supported,,,Supported,,,,,,,"24,000",Generation 1 and 2,Not Supported,,,,,"1,152",2000,,,,,,,,,,,,,,,,,,,,,,,,,,,,,,,,,,,,,,,,,,,,,,,,,,,,,,,,,,,,,,,,,,,,,,,,,,,,,,,,,,,,,,,,,,,,,
Standard_D64_v4,Intel Xeon Platinum 8370C (Ice Lake) [x86-64] Intel Xeon Platinum 8272CL (Cascade Lake) [x86-64] Intel Xeon Platinum 8473C (Sapphire Rapids) [x86-64] Intel Xeon Platinum 8573C (Emerald Rapids) [x86-64],64,256,,,,,,,32,"80,000",,"80,000",,,,,,8,,Not Supported,Not Supported,Supported,Supported,,,Supported,,,Supported,,,,,,,"30,000",Generation 1 and 2,Not Supported,,,,,"1,200",2000,,,,,,,,,,,,,,,,,,,,,,,,,,,,,,,,,,,,,,,,,,,,,,,,,,,,,,,,,,,,,,,,,,,,,,,,,,,,,,,,,,,,,,,,,,,,,
Standard_D2_v5,Intel Xeon Platinum 8473C (Sapphire Rapids) [x86-64] Intel Xeon Platinum 8370C (Ice Lake) [x86-64] Intel Xeon Platinum 8573C (Emerald Rapids) [x86-64],2,8,,,,,,,4,"3,750",,"10,000",,,,,,2,,Not Supported,Not Supported,Supported,Supported,,,,,,Supported,,,,,,,"12,500",Generation 1 and 2,Not Supported,,,,,85,"1,200",,,,,,,,,,,,,,,,,Required,,,,,,,,,,,,,,,,,,,,,,,,,,,,,,,,,,,,,,,,,,,,,,,,,,,,,,,,,,,,,,,,,,,,,,,,,,,,
Standard_D4_v5,Intel Xeon Platinum 8473C (Sapphire Rapids) [x86-64] Intel Xeon Platinum 8370C (Ice Lake) [x86-64] Intel Xeon Platinum 8573C (Emerald Rapids) [x86-64],4,16,,,,,,,8,"6,400",,"20,000",,,,,,2,,Not Supported,Not Supported,Supported,Supported,,,,,,Supported,,,,,,,"12,500",Generation 1 and 2,Not Supported,,,,,145,"1,200",,,,,,,,,,,,,,,,,Required,,,,,,,,,,,,,,,,,,,,,,,,,,,,,,,,,,,,,,,,,,,,,,,,,,,,,,,,,,,,,,,,,,,,,,,,,,,,
Standard_D8_v5,Intel Xeon Platinum 8473C (Sapphire Rapids) [x86-64] Intel Xeon Platinum 8370C (Ice Lake) [x86-64] Intel Xeon Platinum 8573C (Emerald Rapids) [x86-64],8,32,,,,,,,16,"12,800",,"20,000",,,,,,4,,Not Supported,Not Supported,Supported,Supported,,,,,,Supported,,,,,,,"12,500",Generation 1 and 2,Not Supported,,,,,290,"1,200",,,,,,,,,,,,,,,,,Required,,,,,,,,,,,,,,,,,,,,,,,,,,,,,,,,,,,,,,,,,,,,,,,,,,,,,,,,,,,,,,,,,,,,,,,,,,,,
Standard_D16_v5,Intel Xeon Platinum 8473C (Sapphire Rapids) [x86-64] Intel Xeon Platinum 8370C (Ice Lake) [x86-64] Intel Xeon Platinum 8573C (Emerald Rapids) [x86-64],16,64,,,,,,,32,"25,600",,"40,000",,,,,,8,,Not Supported,Not Supported,Supported,Supported,,,,,,Supported,,,,,,,"12,500",Generation 1 and 2,Not Supported,,,,,600,"1,200",,,,,,,,,,,,,,,,,Required,,,,,,,,,,,,,,,,,,,,,,,,,,,,,,,,,,,,,,,,,,,,,,,,,,,,,,,,,,,,,,,,,,,,,,,,,,,,
Standard_D32_v5,Intel Xeon Platinum 8473C (Sapphire Rapids) [x86-64] Intel Xeon Platinum 8370C (Ice Lake) [x86-64] Intel Xeon Platinum 8573C (Emerald Rapids) [x86-64],32,128,,,,,,,32,"51,200",,"80,000",,,,,,8,,Not Supported,Not Supported,Supported,Supported,,,,,,Supported,,,,,,,"16,000",Generation 1 and 2,Not Supported,,,,,865,2000,,,,,,,,,,,,,,,,,Required,,,,,,,,,,,,,,,,,,,,,,,,,,,,,,,,,,,,,,,,,,,,,,,,,,,,,,,,,,,,,,,,,,,,,,,,,,,,
Standard_D48_v5,Intel Xeon Platinum 8473C (Sapphire Rapids) [x86-64] Intel Xeon Platinum 8370C (Ice Lake) [x86-64] Intel Xeon Platinum 8573C (Emerald Rapids) [x86-64],48,192,,,,,,,32,"76,800",,"80,000",,,,,,8,,Not Supported,Not Supported,Supported,Supported,,,,,,Supported,,,,,,,"24,000",Generation 1 and 2,Not Supported,,,,,"1,315","3,000",,,,,,,,,,,,,,,,,Required,,,,,,,,,,,,,,,,,,,,,,,,,,,,,,,,,,,,,,,,,,,,,,,,,,,,,,,,,,,,,,,,,,,,,,,,,,,,
Standard_D64_v5,Intel Xeon Platinum 8473C (Sapphire Rapids) [x86-64] Intel Xeon Platinum 8370C (Ice Lake) [x86-64] Intel Xeon Platinum 8573C (Emerald Rapids) [x86-64],64,256,,,,,,,32,"80,000",,"80,000",,,,,,8,,Not Supported,Not Supported,Supported,Supported,,,,,,Supported,,,,,,,"30,000",Generation 1 and 2,Not Supported,,,,,"1,735","3,000",,,,,,,,,,,,,,,,,Required,,,,,,,,,,,,,,,,,,,,,,,,,,,,,,,,,,,,,,,,,,,,,,,,,,,,,,,,,,,,,,,,,,,,,,,,,,,,
Standard_D96_v5,Intel Xeon Platinum 8473C (Sapphire Rapids) [x86-64] Intel Xeon Platinum 8370C (Ice Lake) [x86-64] Intel Xeon Platinum 8573C (Emerald Rapids) [x86-64],96,384,,,,,,,32,"80,000",,"80,000",,,,,,8,,Not Supported,Not Supported,Supported,Supported,,,,,,Supported,,,,,,,"35,000",Generation 1 and 2,Not Supported,,,,,"2,600","4,000",,,,,,,,,,,,,,,,,Required,,,,,,,,,,,,,,,,,,,,,,,,,,,,,,,,,,,,,,,,,,,,,,,,,,,,,,,,,,,,,,,,,,,,,,,,,,,,
Standard_NC128lds_xl_RTXPRO6000BSE_v6,Intel Xeon Granite Rapids-AP [x86-64],128,256,,1024,,,,,16,,,,,,,,,8,75000,Supported,Supported,Not Supported,Not Supported,Supported,Not Supported,Supported,Supported,,Not Supported,,,1,,,,,,,,,,,,,,,,,,,Not Supported,Not Supported,,,,,,,,,,,,,,,,,,,,,,,,,,,,,,,,,96,Not Supported,,,,,,,,,,,,,,,,,,,,,,,,,,,,,,,,,,,,,,,,,,,,,,,,,,,
Standard_NC256lds_xl_RTXPRO6000BSE_v6,Intel Xeon Granite Rapids-AP [x86-64],256,512,,2048,,,,,16,,,,,,,,,8,100000,Supported,Supported,Not Supported,Not Supported,Supported,Not Supported,Supported,Supported,,Not Supported,,,2,,,,,,,,,,,,,,,,,,,Not Supported,Not Supported,,,,,,,,,,,,,,,,,,,,,,,,,,,,,,,,,192,Not Supported,,,,,,,,,,,,,,,,,,,,,,,,,,,,,,,,,,,,,,,,,,,,,,,,,,,
Standard_NC320lds_xl_RTXPRO6000BSE_v6,Intel Xeon Granite Rapids-AP [x86-64],320,640,,2048,,,,,16,,,,,,,,,8,200000,Supported,Supported,Not Supported,Not Supported,Supported,Not Supported,Supported,Supported,,Not Supported,,,2,,,,,,,,,,,,,,,,,,,Not Supported,Not Supported,,,,,,,,,,,,,,,,,,,,,,,,,,,,,,,,,192,Not Supported,,,,,,,,,,,,,,,,,,,,,,,,,,,,,,,,,,,,,,,,,,,,,,,,,,,
Standard_NC24ads_A100_v4,AMD EPYC 7V13 (Milan) [x86-64],24,220,1,64,,,,,8,,,,,,,,,2,,Supported,Supported,Not Supported,Not Supported,Supported,Not Supported,Supported,Supported,,Not Supported,,,1,80,,,,,,,,,,,,,,,,,,,,,,,,,,,,,,,,,,,,,,,,,,,,,,,,,,,,,,30000,1000,20000,,,,,,,,,,,,,,,,,,,,,,,,,,,,,,,,,,,,,,,,,,,,,,,,
Standard_NC48ads_A100_v4,AMD EPYC 7V13 (Milan) [x86-64],48,440,1,128,,,,,16,,,,,,,,,4,,Supported,Supported,Not Supported,Not Supported,Supported,Not Supported,Supported,Supported,,Not Supported,,,2,160,,,,,,,,,,,,,,,,,,,,,,,,,,,,,,,,,,,,,,,,,,,,,,,,,,,,,,60000,2000,40000,,,,,,,,,,,,,,,,,,,,,,,,,,,,,,,,,,,,,,,,,,,,,,,,
Standard_NC96ads_A100_v4,AMD EPYC 7V13 (Milan) [x86-64],96,880,1,256,,,,,32,,,,,,,,,8,,Supported,Supported,Not Supported,Not Supported,Supported,Not Supported,Supported,Supported,,Not Supported,,,4,320,,,,,,,,,,,,,,,,,,,,,,,,,,,,,,,,,,,,,,,,,,,,,,,,,,,,,,120000,4000,80000,,,,,,,,,,,,,,,,,,,,,,,,,,,,,,,,,,,,,,,,,,,,,,,,
Standard_NC40ads_H100_v5,AMD EPYC (Genoa) [x86-64],40,320,1,3576,,,,,8,,,,,,,,,2,,Supported,Supported,Not Supported,Not Supported,Supported,Not Supported,Supported,Supported,,Not Supported,,,1,94,,,,,,,,,,,,Supported,,,,,,,,,,,,,,,,,,,,,,,,,,,,,,,,,,,,,,,,,,100000,3000,40000,,,,,,,,,,,,,,,,,,,,,,,,,,,,,,,,,,,,,,,,,,,,,,,,
Standard_NC80adis_H100_v5,AMD EPYC (Genoa) [x86-64],80,640,1,7152,,,,,16,,,,,,,,,4,,Supported,Supported,Not Supported,Not Supported,Supported,Not Supported,Supported,Supported,,Not Supported,,,2,188,,,,,,,,,,,,Supported,,,,,,,,,,,,,,,,,,,,,,,,,,,,,,,,,,,,,,,,,,240000,7000,80000,,,,,,,,,,,,,,,,,,,,,,,,,,,,,,,,,,,,,,,,,,,,,,,,
Standard_NC4as_T4_v3,AMD EPYC 7V12 (Rome) [x86-64],4,28,1,176,,,,,8,,,,,,,,,2,,Supported,Supported,Not Supported,Not Supported,Supported,Supported,Supported,Supported,,Not Supported,,,1,16,,,,,,,,,,,,,,,,,,,,,,,,,,,,,,,,,,,,,,,,,,,,,,,,,,,,,,,,8000,,,,,,,,,,,,,,,,,,,,,,,,,,,,,,,,,,,,,,,,,,,,,,,,
Standard_NC8as_T4_v3,AMD EPYC 7V12 (Rome) [x86-64],8,56,1,352,,,,,16,,,,,,,,,4,,Supported,Supported,Not Supported,Not Supported,Supported,Supported,Supported,Supported,,Not Supported,,,1,16,,,,,,,,,,,,,,,,,,,,,,,,,,,,,,,,,,,,,,,,,,,,,,,,,,,,,,,,8000,,,,,,,,,,,,,,,,,,,,,,,,,,,,,,,,,,,,,,,,,,,,,,,,
Standard_NC16as_T4_v3,AMD EPYC 7V12 (Rome) [x86-64],16,110,1,352,,,,,32,,,,,,,,,8,,Supported,Supported,Not Supported,Not Supported,Supported,Supported,Supported,Supported,,Not Supported,,,1,16,,,,,,,,,,,,,,,,,,,,,,,,,,,,,,,,,,,,,,,,,,,,,,,,,,,,,,,,8000,,,,,,,,,,,,,,,,,,,,,,,,,,,,,,,,,,,,,,,,,,,,,,,,
Standard_NC64as_T4_v3,AMD EPYC 7V12 (Rome) [x86-64],64,440,1,2816,,,,,32,,,,,,,,,8,,Supported,Supported,Not Supported,Not Supported,Supported,Supported,Supported,Supported,,Not Supported,,,4,64,,,,,,,,,,,,,,,,,,,,,,,,,,,,,,,,,,,,,,,,,,,,,,,,,,,,,,,,32000,,,,,,,,,,,,,,,,,,,,,,,,,,,,,,,,,,,,,,,,,,,,,,,,
Standard_NCC40ads_H100_v5,AMD EPYC (Genoa) [x86-64],40,320,1,800,,,,,8,,,,,,,,,8,,Supported,Supported,Not Supported,Not Supported,Supported,Not Supported,Not Supported,Supported,,Not Supported,,,1,94,,,,,,,,,,,,Supported,,,,,,,,,,,,,,,,,,,,,,,,,,,,,,,,,,,,,,,,,,100000,3000,40000,,,,,,,,,,,,,,,,,,,,,,,,,,,,,,,,,,,,,,,,,,,,,,,,
Standard_NC6s_v3,Intel Xeon E5-2690 v4 (Broadwell) [x86-64],6,112,1,736,,,,,12,,,,,,,,,4,,Supported,Supported,Not Supported,Not Supported,Supported,Supported,Not Supported,Supported,,Not Supported,,,1,16,,,,,,,,,,,,,,,,,,,,,,,,,,,,,,,,,,,,,,,,,,,,,,,,,,,,,,20000,200,,,,,,,,,,,,,,,,,,,,,,,,,,,,,,,,,,,,,,,,,,,,,,,,,
Standard_NC12s_v3,Intel Xeon E5-2690 v4 (Broadwell) [x86-64],12,224,1,1474,,,,,24,,,,,,,,,8,,Supported,Supported,Not Supported,Not Supported,Supported,Supported,Not Supported,Supported,,Not Supported,,,2,32,,,,,,,,,,,,,,,,,,,,,,,,,,,,,,,,,,,,,,,,,,,,,,,,,,,,,,40000,400,,,,,,,,,,,,,,,,,,,,,,,,,,,,,,,,,,,,,,,,,,,,,,,,,
Standard_NC24s_v3,Intel Xeon E5-2690 v4 (Broadwell) [x86-64],24,448,1,2948,,,,,32,,,,,,,,,8,,Supported,Supported,Not Supported,Not Supported,Supported,Supported,Not Supported,Supported,,Not Supported,,,4,64,,,,,,,,,,,,,,,,,,,,,,,,,,,,,,,,,,,,,,,,,,,,,,,,,,,,,,80000,800,,,,,,,,,,,,,,,,,,,,,,,,,,,,,,,,,,,,,,,,,,,,,,,,,
Standard_NC24rs_v3,Intel Xeon E5-2690 v4 (Broadwell) [x86-64],24,448,1,2948,,,,,32,,,,,,,,,8,,Supported,Supported,Not Supported,Not Supported,Supported,Supported,Not Supported,Supported,,Not Supported,,,4,64,,,,,,,,,,,,,,,,,,,,,,,,,,,,,,,,,,,,,,,,,,,,,,,,,,,,,,80000,800,,,,,,,,,,,,,,,,,,,,,,,,,,,,,,,,,,,,,,,,,,,,,,,,,
Standard_ND128isr_NDR_GB200_v6,Nvidia Grace CPU,128,900,4,,,,,,316,,,,,,,,,,,Supported,Supported,Not Supported,Not Supported,Supported,Not Supported,Supported,Supported,,Not Supported,,,4,192,,,,,,,,,,,,,,,,,,,,,,,,,,,,,,,,,,,,,,,,,,,,,,,,,,,,,,80000,1200,,16,1,160,4,400,4,1.8,,,,,,,,,,,,,,,,,,,,,,,,,,,,,,,,,,,,,,,,,
Standard_ND128isr_GB300_v6,Nvidia Grace CPU,128,864,4,,,,,,16,,,,,,,,,,,Supported,Supported,Not Supported,Not Supported,Supported,Not Supported,Supported,Supported,,Not Supported,,,4,288,,,,,,,,,,,,,,,,,,,,,,,,,,,,,,,,,,,,,,,,,,,,,,,,,,,,,,80000,1200,,16,1,160,4,,4,,1.8,4x800,,,,,,,,,,,,,,,,,,,,,,,,,,,,,,,,,,,,,,,
Standard_ND96isr_H200_v5,Intel Xeon (Sapphire Rapids) [x86-64],96,1850,1,1024,,,,,16,,,,,,,,,8,,Supported,Supported,Not Supported,Not Supported,Supported,Not Supported,Supported,Supported,,Not Supported,,,8,1128,,,,,,,,,,,,,,,,,,,,,,,,,,,,,,,,,,,,,,,,,,,,,,,,,,,,,,40800,612,80000,,,,,,,,,,8,28,,,,,,,,,,,,,,,,,,,,,,,,,,,,,,,,,,,,,
Standard_ND6s,Intel Xeon E5-2690 v4 (Broadwell) [x86-64],6,112,1,736,,,,,12,,,,,,,,,4,,Supported,Supported,Not Supported,Not Supported,Supported,Supported,Not Supported,Supported,,Not Supported,,,1,24,,,,,,,,,,,,,,,,,,,,,,,,,,,,,,,,,,,,,,,,,,,,,,,,,,,,,,20000,200,,,,,,,,,,,,,,,,,,,,,,,,,,,,,,,,,,,,,,,,,,,,,,,,,
Standard_ND12s,Intel Xeon E5-2690 v4 (Broadwell) [x86-64],12,224,1,1474,,,,,24,,,,,,,,,8,,Supported,Supported,Not Supported,Not Supported,Supported,Supported,Not Supported,Supported,,Not Supported,,,2,48,,,,,,,,,,,,,,,,,,,,,,,,,,,,,,,,,,,,,,,,,,,,,,,,,,,,,,40000,400,,,,,,,,,,,,,,,,,,,,,,,,,,,,,,,,,,,,,,,,,,,,,,,,,
Standard_ND24s,Intel Xeon E5-2690 v4 (Broadwell) [x86-64],24,448,1,2948,,,,,32,,,,,,,,,8,,Supported,Supported,Not Supported,Not Supported,Supported,Supported,Not Supported,Supported,,Not Supported,,,4,96,,,,,,,,,,,,,,,,,,,,,,,,,,,,,,,,,,,,,,,,,,,,,,,,,,,,,,80000,800,,,,,,,,,,,,,,,,,,,,,,,,,,,,,,,,,,,,,,,,,,,,,,,,,
Standard_ND24rs,Intel Xeon E5-2690 v4 (Broadwell) [x86-64],24,448,1,2948,,,,,32,,,,,,,,,8,,Supported,Supported,Not Supported,Not Supported,Supported,Supported,Not Supported,Supported,,Not Supported,,,4,96,,,,,,,,,,,,,,,,,,,,,,,,,,,,,,,,,,,,,,,,,,,,,,,,,,,,,,80000,800,,,,,,,,,,,,,,,,,,,,,,,,,,,,,,,,,,,,,,,,,,,,,,,,,
Standard_ND96asr_v4,AMD EPYC 7V12 (Rome) [x86-64],96,900,1,6000,,,,,32,,,,,,,,,8,,Supported,Supported,Not Supported,Not Supported,Supported,Not Supported,Supported,Supported,,Not Supported,,,8,320,,,,,,,,,,,,Supported,,,,,,,,,,,,,,,,,,,,,,,,,,,,,,,,,,,,,,,,,,80000,800,24000,,,,,,,,,,,,,,,,,,,,,,,,,,,,,,,,,,,,,,,,,,,,,,,,
Standard_ND96isr_H100_v5,Intel Xeon (Sapphire Rapids) [x86-64],96,1900,1,1024,,,,,32,,,,,,,,,8,,Supported,Supported,Not Supported,Not Supported,Supported,Not Supported,Supported,Supported,,Not Supported,,,8,640,,,,,,,,,,,,Supported,,,,,,,,,,,,,,,,,,,,,,,,,,,,,,,,,,,,,,,,,,40800,612,80000,,,,,,,,,,8,28,Supported,,,,,,,,,,,,,,,,,,,,,,,,,,,,,,,,,,,,
Standard_ND96amsr_A100_v4,AMD EPYC 7V12 (Rome) [x86-64],96,1900,1,6400,,,,,32,,,,,,,,,8,,Supported,Supported,Not Supported,Not Supported,Supported,Not Supported,Supported,Supported,,Not Supported,,,8,80,,,,,,,,,,,,Supported,,,,,,,,,,,,,,,,,,,,,,,,,,,,,,,,,,,,,,,,,,80000,800,24000,,,,,,,,,,,,,,,,,,,,,,,,,,,,,,,,,,,,,,,,,,,,,,,,
Standard_ND96isr_MI300X_v5,Intel Xeon (Sapphire Rapids) [x86-64],96,1850,1,1000,,,,,16,,,,,,,,,8,,Supported,Supported,Not Supported,Not Supported,Supported,Not Supported,Supported,Supported,,Not Supported,,,8,1535,,,,,,,,,,,,Supported,,,,,,,,,,,,,,,,,,,,,,,,,,,,,,,,,,,,,,,,,,80000,1200,80000,,,,,,,,,,8,28,,,,,,,,,,,,,,,,,,,,,,,,,,,,,,,,,,,,,
Standard_ND40rs_v2,Intel Xeon Platinum 8168 (Skylake) [x86-64],40,672,1,2948,,,,,32,,,,,,,,,8,,Supported,Supported,Not Supported,Not Supported,Supported,Not Supported,Supported,Supported,,Not Supported,,,,256,,,,,,,,,,,,Supported,,,,,,,,,,,,,,,,,,,,,,,,,,,,,,,,,,,,,,,,,,80000,800,24000,,,,,,,,,,,,,,,,,,,,,,,,,,,,,,,,,,,,,,,,,,,,,,,,
Standard_NG8ads_V620_v1,AMD EPYC 7763 (Milan) [x86-64],8,16,1,256,,,,,8,,,,,,,,,2,,Supported,Supported,Not Supported,Not Supported,Supported,Supported,Supported,Supported,Supported,Not Supported,,,1/4,8,,,,,,,,,,,,,,,,,,,,,,,,,,,,,,,,,,,,,,,,,,,,,,,,,,,,,,12800,200,10000,,,,,,,,,,1,,,960,,,,,,,,,,,,,,,,,,,,,,,,,,,,,,,,,,,
Standard_NG16ads_V620_v1,AMD EPYC 7763 (Milan) [x86-64],16,32,1,512,,,,,16,,,,,,,,,4,,Supported,Supported,Not Supported,Not Supported,Supported,Supported,Supported,Supported,Supported,Not Supported,,,1/2,16,,,,,,,,,,,,,,,,,,,,,,,,,,,,,,,,,,,,,,,,,,,,,,,,,,,,,,25600,384,20000,,,,,,,,,,2,,,960,,,,,,,,,,,,,,,,,,,,,,,,,,,,,,,,,,,
Standard_NG32ads_V620_v1,AMD EPYC 7763 (Milan) [x86-64],32,64,1,1024,,,,,32,,,,,,,,,8,,Supported,Supported,Not Supported,Not Supported,Supported,Supported,Supported,Supported,Supported,Not Supported,,,1,32,,,,,,,,,,,,,,,,,,,,,,,,,,,,,,,,,,,,,,,,,,,,,,,,,,,,,,51200,768,40000,,,,,,,,,,4,,,960,,,,,,,,,,,,,,,,,,,,,,,,,,,,,,,,,,,
Standard_NG32adms_V620_v1,AMD EPYC 7763 (Milan) [x86-64],32,176,1,1024,,,,,32,,,,,,,,,8,,Supported,Supported,Not Supported,Not Supported,Supported,Supported,Supported,Supported,Supported,Not Supported,,,1,32,,,,,,,,,,,,,,,,,,,,,,,,,,,,,,,,,,,,,,,,,,,,,,,,,,,,,,51200,768,40000,,,,,,,,,,4,,,960,,,,,,,,,,,,,,,,,,,,,,,,,,,,,,,,,,,
Standard_NV6,Intel Xeon E5-2690 v3 (Haswell) [x86-64],6,56,1,340,,,,,24,,,,,,,,,1,,Not Supported,Not Supported,Not Supported,Not Supported,Not Supported,Supported,Not Supported,Not Supported,,Not Supported,,,1/2,8,,,,,,,,,,,,,,,,,,,,,,,,,,,,,,,,,,,,,,,,,,,,,,,,,,,,,,,,,,,,,,,,,,,,,,,,,,,,,,,,,,,,,,,,,,,,,,,,,,,,,,,,
Standard_NV12,Intel Xeon E5-2690 v3 (Haswell) [x86-64],12,112,1,680,,,,,48,,,,,,,,,2,,Not Supported,Not Supported,Not Supported,Not Supported,Not Supported,Supported,Not Supported,Not Supported,,Not Supported,,,1,16,,,,,,,,,,,,,,,,,,,,,,,,,,,,,,,,,,,,,,,,,,,,,,,,,,,,,,,,,,,,,,,,,,,,,,,,,,,,,,,,,,,,,,,,,,,,,,,,,,,,,,,,
Standard_NV24,Intel Xeon E5-2690 v3 (Haswell) [x86-64],24,224,1,1440,,,,,64,,,,,,,,,4,,Not Supported,Not Supported,Not Supported,Not Supported,Not Supported,Supported,Not Supported,Not Supported,,Not Supported,,,2,32,,,,,,,,,,,,,,,,,,,,,,,,,,,,,,,,,,,,,,,,,,,,,,,,,,,,,,,,,,,,,,,,,,,,,,,,,,,,,,,,,,,,,,,,,,,,,,,,,,,,,,,,
Standard_NV6ads_A10_v5,AMD EPYC 74F3v (Milan) [x86-64],6,55,1,180,,,,,4,,,,,,,,,1,,Supported,Supported,Supported,Not Supported,Supported,Supported,Supported,Supported,,Not Supported,,,1/6,4,,,,,,,,,,,,Supported,,,,,,,,,,,,,,,,,,,,,,,,,,,,,,,,,,,,,,,,,,6400,100,5000,,,,,,,,,,,,,,,,,,,,,,,,,,,,,,,,,,,,,,,,,,,,,,,,
Standard_NV12ads_A10_v5,AMD EPYC 74F3v (Milan) [x86-64],12,110,1,360,,,,,4,,,,,,,,,2,,Supported,Supported,Supported,Not Supported,Supported,Supported,Supported,Supported,,Not Supported,,,1/3,8,,,,,,,,,,,,Supported,,,,,,,,,,,,,,,,,,,,,,,,,,,,,,,,,,,,,,,,,,12800,200,10000,,,,,,,,,,,,,,,,,,,,,,,,,,,,,,,,,,,,,,,,,,,,,,,,
Standard_NV18ads_A10_v5,AMD EPYC 74F3v (Milan) [x86-64],18,220,1,720,,,,,8,,,,,,,,,4,,Supported,Supported,Supported,Not Supported,Supported,Supported,Supported,Supported,,Not Supported,,,1/2,12,,,,,,,,,,,,Supported,,,,,,,,,,,,,,,,,,,,,,,,,,,,,,,,,,,,,,,,,,25600,384,20000,,,,,,,,,,,,,,,,,,,,,,,,,,,,,,,,,,,,,,,,,,,,,,,,
Standard_NV36ads_A10_v5,AMD EPYC 74F3v (Milan) [x86-64],36,440,1,1440,,,,,16,,,,,,,,,4,,Supported,Supported,Supported,Not Supported,Supported,Supported,Supported,Supported,,Not Supported,,,1,24,,,,,,,,,,,,Supported,,,,,,,,,,,,,,,,,,,,,,,,,,,,,,,,,,,,,,,,,,51200,768,40000,,,,,,,,,,,,,,,,,,,,,,,,,,,,,,,,,,,,,,,,,,,,,,,,
Standard_NV36adms_A10_v5,AMD EPYC 74F3v (Milan) [x86-64],36,880,1,2880,,,,,32,,,,,,,,,8,,Supported,Supported,Supported,Not Supported,Supported,Supported,Supported,Supported,,Not Supported,,,1,24,,,,,,,,,,,,Supported,,,,,,,,,,,,,,,,,,,,,,,,,,,,,,,,,,,,,,,,,,51200,768,80000,,,,,,,,,,,,,,,,,,,,,,,,,,,,,,,,,,,,,,,,,,,,,,,,
Standard_NV72ads_A10_v5,AMD EPYC 74F3v (Milan) [x86-64],72,880,1,2880,,,,,32,,,,,,,,,8,,Supported,Supported,Supported,Not Supported,Supported,Supported,Supported,Supported,,Not Supported,,,2,48,,,,,,,,,,,,Supported,,,,,,,,,,,,,,,,,,,,,,,,,,,,,,,,,,,,,,,,,,80000,1200,80000,,,,,,,,,,,,,,,,,,,,,,,,,,,,,,,,,,,,,,,,,,,,,,,,
Standard_NV4ads_V710_v5,AMD EPYC 9V64 F (Genoa) [x86-64],4,16,2,256,,,,,2,,,,,,,,,2,,Supported,Supported,Not Supported,Not Supported,Supported,Not Supported,Supported,Supported,,Supported,,,1/6,4,,,,,,,,,,,,Supported,,,,,,,,,,,,,,,,,,,,,,,,,,,,,,,,,,,,,,,,,,7600,180,3300,,,,,,,,,,,,,,,,,,,,,,,,,,,,,,,,,,,,,,,,,,,,,,,,
Standard_NV8ads_V710_v5,AMD EPYC 9V64 F (Genoa) [x86-64],8,32,4,512,,,,,4,,,,,,,,,4,,Supported,Supported,Not Supported,Not Supported,Supported,Not Supported,Supported,Supported,,Supported,,,1/3,8,,,,,,,,,,,,Supported,,,,,,,,,,,,,,,,,,,,,,,,,,,,,,,,,,,,,,,,,,1520,360,6600,,,,,,,,,,,,,,,,,,,,,,,,,,,,,,,,,,,,,,,,,,,,,,,,
Standard_NV12ads_V710_v5,AMD EPYC 9V64 F (Genoa) [x86-64],12,64,6,768,,,,,6,,,,,,,,,4,,Supported,Supported,Not Supported,Not Supported,Supported,Not Supported,Supported,Supported,,Supported,,,1/2,12,,,,,,,,,,,,Supported,,,,,,,,,,,,,,,,,,,,,,,,,,,,,,,,,,,,,,,,,,2280,540,10000,,,,,,,,,,,,,,,,,,,,,,,,,,,,,,,,,,,,,,,,,,,,,,,,
Standard_NV24ads_V710_v5,AMD EPYC 9V64 F (Genoa) [x86-64],24,128,12,1536,,,,,12,,,,,,,,,8,,Supported,Supported,Not Supported,Not Supported,Supported,Not Supported,Supported,Supported,,Supported,,,1,24,,,,,,,,,,,,Supported,,,,,,,,,,,,,,,,,,,,,,,,,,,,,,,,,,,,,,,,,,4560,1080,20000,,,,,,,,,,,,,,,,,,,,,,,,,,,,,,,,,,,,,,,,,,,,,,,,
Standard_NV28adms_V710_v5,AMD EPYC 9V64 F (Genoa) [x86-64],28,160,14,1536,,,,,14,,,,,,,,,8,,Supported,Supported,Not Supported,Not Supported,Supported,Not Supported,Supported,Supported,,Supported,,,1,24,,,,,,,,,,,,Supported,,,,,,,,,,,,,,,,,,,,,,,,,,,,,,,,,,,,,,,,,,5320,1260,20000,,,,,,,,,,,,,,,,,,,,,,,,,,,,,,,,,,,,,,,,,,,,,,,,
Standard_NV12s_v3,Intel Xeon E5-2690 v4 (Broadwell) [x86-64],12,112,1,320,,,,,12,,,,,,,,,4,,Supported,Supported,Not Supported,Not Supported,Supported,Supported,Supported,Supported,,Not Supported,,,1,8,,,,,,,,,,,,,,,,,,,,,,,,,,,,,,,,,,,,,,,,,,,,,,,,,,,,,,,,6000,,,,,,,,,,,,,,,,,,,,,,,,,,,,,,,,,,,,,,,,,,,,,,,,
Standard_NV24s_v3,Intel Xeon E5-2690 v4 (Broadwell) [x86-64],24,224,1,640,,,,,24,,,,,,,,,8,,Supported,Supported,Not Supported,Not Supported,Supported,Supported,Supported,Supported,,Not Supported,,,2,16,,,,,,,,,,,,,,,,,,,,,,,,,,,,,,,,,,,,,,,,,,,,,,,,,,,,,,,,12000,,,,,,,,,,,,,,,,,,,,,,,,,,,,,,,,,,,,,,,,,,,,,,,,
Standard_NV48s_v3,Intel Xeon E5-2690 v4 (Broadwell) [x86-64],48,448,1,1280,,,,,32,,,,,,,,,8,,Supported,Supported,Not Supported,Not Supported,Supported,Supported,Supported,Supported,,Not Supported,,,4,32,,,,,,,,,,,,,,,,,,,,,,,,,,,,,,,,,,,,,,,,,,,,,,,,,,,,,,,,24000,,,,,,,,,,,,,,,,,,,,,,,,,,,,,,,,,,,,,,,,,,,,,,,,
Standard_NV4as_v4,AMD EPYC 7V12 (Rome) [x86-64],4,14,1,88,,,,,4,,,,,,,,,2,,Supported,Supported,Not Supported,Not Supported,Supported,Supported,Supported,Supported,,Not Supported,,,1/8,2,,,,,,,,,,,,,,,,,,,,,,,,,,,,,,,,,,,,,,,,,,,,,,,,,,,,,,6400,96,1000,,,,,,,,,,,,,,,,,,,,,,,,,,,,,,,,,,,,,,,,,,,,,,,,
Standard_NV8as_v4,AMD EPYC 7V12 (Rome) [x86-64],8,28,1,176,,,,,8,,,,,,,,,4,,Supported,Supported,Not Supported,Not Supported,Supported,Supported,Supported,Supported,,Not Supported,,,1/4,4,,,,,,,,,,,,,,,,,,,,,,,,,,,,,,,,,,,,,,,,,,,,,,,,,,,,,,12800,192,2000,,,,,,,,,,,,,,,,,,,,,,,,,,,,,,,,,,,,,,,,,,,,,,,,
Standard_NV16as_v4,AMD EPYC 7V12 (Rome) [x86-64],16,56,1,352,,,,,16,,,,,,,,,8,,Supported,Supported,Not Supported,Not Supported,Supported,Supported,Supported,Supported,,Not Supported,,,1/2,8,,,,,,,,,,,,,,,,,,,,,,,,,,,,,,,,,,,,,,,,,,,,,,,,,,,,,,25600,384,4000,,,,,,,,,,,,,,,,,,,,,,,,,,,,,,,,,,,,,,,,,,,,,,,,
Standard_NV32as_v4,AMD EPYC 7V12 (Rome) [x86-64],32,112,1,704,,,,,32,,,,,,,,,8,,Supported,Supported,Not Supported,Not Supported,Supported,Supported,Supported,Supported,,Not Supported,,,1,16,,,,,,,,,,,,,,,,,,,,,,,,,,,,,,,,,,,,,,,,,,,,,,,,,,,,,,51200,768,8000,,,,,,,,,,,,,,,,,,,,,,,,,,,,,,,,,,,,,,,,,,,,,,,,
Standard_HB120rs_v2,AMD EPYC 7V12 (Rome) [x86-64],120,456,1,480,,,,,8,,,,,,,,,8,40000,Supported,Supported,Not Supported,Not Supported,Supported,Supported,Supported,Supported,,Not Supported,,,,,,,,,,,,,,,,,,,,,,,,,,,,,,,,,,,,,,,,,,,,,,,,,,,,,,,,,,,,,,,,,,,,,,,,,,512,350,2.45,3.3,3.1,1,960,1,200,InfiniBand HDR,,,,,,,,,,,,,,,,,,,,,,,,,
Standard_HB120-96rs_v2,AMD EPYC 7V12 (Rome) [x86-64],96,456,1,480,,,,,8,,,,,,,,,8,40000,Supported,Supported,Not Supported,Not Supported,Supported,Supported,Supported,Supported,,Not Supported,,,,,,,,,,,,,,,,,,,,,,,,,,,,,,,,,,,,,,,,,,,,,,,,,,,,,,,,,,,,,,,,,,,,,,,,,,512,350,2.45,3.3,3.1,1,960,1,200,InfiniBand HDR,,,,,,,,,,,,,,,,,,,,,,,,,
Standard_HB120-64rs_v2,AMD EPYC 7V12 (Rome) [x86-64],64,456,1,480,,,,,8,,,,,,,,,8,40000,Supported,Supported,Not Supported,Not Supported,Supported,Supported,Supported,Supported,,Not Supported,,,,,,,,,,,,,,,,,,,,,,,,,,,,,,,,,,,,,,,,,,,,,,,,,,,,,,,,,,,,,,,,,,,,,,,,,,512,350,2.45,3.3,3.1,1,960,1,200,InfiniBand HDR,,,,,,,,,,,,,,,,,,,,,,,,,
Standard_HB120-32rs_v2,AMD EPYC 7V12 (Rome) [x86-64],32,456,1,480,,,,,8,,,,,,,,,8,40000,Supported,Supported,Not Supported,Not Supported,Supported,Supported,Supported,Supported,,Not Supported,,,,,,,,,,,,,,,,,,,,,,,,,,,,,,,,,,,,,,,,,,,,,,,,,,,,,,,,,,,,,,,,,,,,,,,,,,512,350,2.45,3.3,3.1,1,960,1,200,InfiniBand HDR,,,,,,,,,,,,,,,,,,,,,,,,,
Standard_HB120-16rs_v2,AMD EPYC 7V12 (Rome) [x86-64],16,456,1,480,,,,,8,,,,,,,,,8,40000,Supported,Supported,Not Supported,Not Supported,Supported,Supported,Supported,Supported,,Not Supported,,,,,,,,,,,,,,,,,,,,,,,,,,,,,,,,,,,,,,,,,,,,,,,,,,,,,,,,,,,,,,,,,,,,,,,,,,512,350,2.45,3.3,3.1,1,960,1,200,InfiniBand HDR,,,,,,,,,,,,,,,,,,,,,,,,,
Standard_HB120rs_v3,AMD EPYC 7V73X (Milan-X) [x86-64],120,448,1,480,,,,,32,,,,,,,,,8,40000,Supported,Supported,Not Supported,Not Supported,Supported,Supported,Supported,Supported,,Not Supported,,,,,,,,,,,,,,,,,,,,,,,,,,,,,,,,,,,,,,,,,,,,,,,,,,,,,,,,,,,,,,,,,,,,,,,,,,1536,350,1.9,3.5,3,2,960,1,200,InfiniBand HDR,,,,,,,,,,,,,,,,,,,,,,,,,
Standard_HB120-96rs_v3,AMD EPYC 7V73X (Milan-X) [x86-64],96,448,1,480,,,,,32,,,,,,,,,8,40000,Supported,Supported,Not Supported,Not Supported,Supported,Supported,Supported,Supported,,Not Supported,,,,,,,,,,,,,,,,,,,,,,,,,,,,,,,,,,,,,,,,,,,,,,,,,,,,,,,,,,,,,,,,,,,,,,,,,,1536,350,1.9,3.5,3,2,960,1,200,InfiniBand HDR,,,,,,,,,,,,,,,,,,,,,,,,,
Standard_HB120-64rs_v3,AMD EPYC 7V73X (Milan-X) [x86-64],64,448,1,480,,,,,32,,,,,,,,,8,40000,Supported,Supported,Not Supported,Not Supported,Supported,Supported,Supported,Supported,,Not Supported,,,,,,,,,,,,,,,,,,,,,,,,,,,,,,,,,,,,,,,,,,,,,,,,,,,,,,,,,,,,,,,,,,,,,,,,,,1536,350,1.9,3.5,3,2,960,1,200,InfiniBand HDR,,,,,,,,,,,,,,,,,,,,,,,,,
Standard_HB120-32rs_v3,AMD EPYC 7V73X (Milan-X) [x86-64],32,448,1,480,,,,,32,,,,,,,,,8,40000,Supported,Supported,Not Supported,Not Supported,Supported,Supported,Supported,Supported,,Not Supported,,,,,,,,,,,,,,,,,,,,,,,,,,,,,,,,,,,,,,,,,,,,,,,,,,,,,,,,,,,,,,,,,,,,,,,,,,1536,350,1.9,3.5,3,2,960,1,200,InfiniBand HDR,,,,,,,,,,,,,,,,,,,,,,,,,
Standard_HB120-16rs_v3,AMD EPYC 7V73X (Milan-X) [x86-64],16,448,1,480,,,,,32,,,,,,,,,8,40000,Supported,Supported,Not Supported,Not Supported,Supported,Supported,Supported,Supported,,Not Supported,,,,,,,,,,,,,,,,,,,,,,,,,,,,,,,,,,,,,,,,,,,,,,,,,,,,,,,,,,,,,,,,,,,,,,,,,,1536,350,1.9,3.5,3,2,960,1,200,InfiniBand HDR,,,,,,,,,,,,,,,,,,,,,,,,,
Standard_HB176rs_v4,AMD EPYC 9V33X (Genoa-X) [x86-64],176,768,1,480,,,,,32,,,,,,,,,8,80000,Supported,Supported,Not Supported,Not Supported,Supported,Not Supported,Supported,Supported,,Not Supported,,,,,,,,,,,,,,,,,,,,,,,,,,,,,,,,,,,,,,,,,,,,,,,,,,,,,,,,,,,,,,,,,,,,,,,,,,2304,780,2.55,3.7,3.7,2,1800,1,400,InfiniBand NDR,,,,,,,,,,,,,,,,,,,,,,,,,
Standard_HB176-144rs_v4,AMD EPYC 9V33X (Genoa-X) [x86-64],,,1,480,,,,,32,,,,,,,,,8,80000,Supported,Supported,Not Supported,Not Supported,Supported,Not Supported,Supported,Supported,,Not Supported,,,,,,,,,,,,,,,,,,,,,,,,,,,,,,,,,,,,,,,,,,,,,,,,,,,,,,,,,,,,,,,,,,,,,,,,,,,,,,,2,1800,1,400,InfiniBand NDR,,,,,,,,,,,,,,,,,,,,,,,,,
Standard_HB176-96rs_v4,AMD EPYC 9V33X (Genoa-X) [x86-64],,,1,480,,,,,32,,,,,,,,,8,80000,Supported,Supported,Not Supported,Not Supported,Supported,Not Supported,Supported,Supported,,Not Supported,,,,,,,,,,,,,,,,,,,,,,,,,,,,,,,,,,,,,,,,,,,,,,,,,,,,,,,,,,,,,,,,,,,,,,,,,,,,,,,2,1800,1,400,InfiniBand NDR,,,,,,,,,,,,,,,,,,,,,,,,,
Standard_HB176-48rs_v4,AMD EPYC 9V33X (Genoa-X) [x86-64],,,1,480,,,,,32,,,,,,,,,8,80000,Supported,Supported,Not Supported,Not Supported,Supported,Not Supported,Supported,Supported,,Not Supported,,,,,,,,,,,,,,,,,,,,,,,,,,,,,,,,,,,,,,,,,,,,,,,,,,,,,,,,,,,,,,,,,,,,,,,,,,,,,,,2,1800,1,400,InfiniBand NDR,,,,,,,,,,,,,,,,,,,,,,,,,
Standard_HB176-24rs_v4,AMD EPYC 9V33X (Genoa-X) [x86-64],,,1,480,,,,,32,,,,,,,,,8,80000,Supported,Supported,Not Supported,Not Supported,Supported,Not Supported,Supported,Supported,,Not Supported,,,,,,,,,,,,,,,,,,,,,,,,,,,,,,,,,,,,,,,,,,,,,,,,,,,,,,,,,,,,,,,,,,,,,,,,,,,,,,,2,1800,1,400,InfiniBand NDR,,,,,,,,,,,,,,,,,,,,,,,,,
Standard_HB368rs_v5,4th Generation AMD EPYC [x86-64],368,432,1,480,,,,,32,,,,,,,,,8,180000,Supported,Supported,Not Supported,Not Supported,Supported,Not Supported,Supported,Supported,,Not Supported,,,,,,,,,,,,,,,,,,,,,,,,,,,,,,,,,,,,,,,,,,,,,,,,,,,,,,,,,,,,,,,,,,,,,,,,,,,,3.5,4,4,8,14304,4,800,InfiniBand NDR,1.5,6.7,,,,,,,,,,,,,,,,,,,,,,,
Standard_HB368-336rs_v5,4th Generation AMD EPYC [x86-64],,,1,480,,,,,,,,,,,,,,,,Supported,Supported,Not Supported,Not Supported,Supported,Not Supported,Supported,Supported,,Not Supported,,,,,,,,,,,,,,,,,,,,,,,,,,,,,,,,,,,,,,,,,,,,,,,,,,,,,,,,,,,,,,,,,,,,,,,,,,,,,,,8,14304,,,InfiniBand NDR,,,,,,,,,,,,,,,,,,,,,,,,,
Standard_HB368-288rs_v5,4th Generation AMD EPYC [x86-64],,,1,480,,,,,,,,,,,,,,,,Supported,Supported,Not Supported,Not Supported,Supported,Not Supported,Supported,Supported,,Not Supported,,,,,,,,,,,,,,,,,,,,,,,,,,,,,,,,,,,,,,,,,,,,,,,,,,,,,,,,,,,,,,,,,,,,,,,,,,,,,,,8,14304,,,InfiniBand NDR,,,,,,,,,,,,,,,,,,,,,,,,,
Standard_HB368-240rs_v5,4th Generation AMD EPYC [x86-64],,,1,480,,,,,,,,,,,,,,,,Supported,Supported,Not Supported,Not Supported,Supported,Not Supported,Supported,Supported,,Not Supported,,,,,,,,,,,,,,,,,,,,,,,,,,,,,,,,,,,,,,,,,,,,,,,,,,,,,,,,,,,,,,,,,,,,,,,,,,,,,,,8,14304,,,InfiniBand NDR,,,,,,,,,,,,,,,,,,,,,,,,,
Standard_HB368-192rs_v5,4th Generation AMD EPYC [x86-64],,,1,480,,,,,,,,,,,,,,,,Supported,Supported,Not Supported,Not Supported,Supported,Not Supported,Supported,Supported,,Not Supported,,,,,,,,,,,,,,,,,,,,,,,,,,,,,,,,,,,,,,,,,,,,,,,,,,,,,,,,,,,,,,,,,,,,,,,,,,,,,,,8,14304,,,InfiniBand NDR,,,,,,,,,,,,,,,,,,,,,,,,,
Standard_HB368-144rs_v5,4th Generation AMD EPYC [x86-64],,,1,480,,,,,,,,,,,,,,,,Supported,Supported,Not Supported,Not Supported,Supported,Not Supported,Supported,Supported,,Not Supported,,,,,,,,,,,,,,,,,,,,,,,,,,,,,,,,,,,,,,,,,,,,,,,,,,,,,,,,,,,,,,,,,,,,,,,,,,,,,,,8,14304,,,InfiniBand NDR,,,,,,,,,,,,,,,,,,,,,,,,,
Standard_HB368-96rs_v5,4th Generation AMD EPYC [x86-64],,,1,480,,,,,,,,,,,,,,,,Supported,Supported,Not Supported,Not Supported,Supported,Not Supported,Supported,Supported,,Not Supported,,,,,,,,,,,,,,,,,,,,,,,,,,,,,,,,,,,,,,,,,,,,,,,,,,,,,,,,,,,,,,,,,,,,,,,,,,,,,,,8,14304,,,InfiniBand NDR,,,,,,,,,,,,,,,,,,,,,,,,,
Standard_HB368-48rs_v5,4th Generation AMD EPYC [x86-64],,,1,480,,,,,,,,,,,,,,,,Supported,Supported,Not Supported,Not Supported,Supported,Not Supported,Supported,Supported,,Not Supported,,,,,,,,,,,,,,,,,,,,,,,,,,,,,,,,,,,,,,,,,,,,,,,,,,,,,,,,,,,,,,,,,,,,,,,,,,,,,,,8,14304,,,InfiniBand NDR,,,,,,,,,,,,,,,,,,,,,,,,,
Standard_HB368_336rsv5,4th Generation AMD EPYC [x86-64],,,,,,,,,32,,,,,,,,,8,180000,Supported,Supported,Not Supported,Not Supported,Supported,Not Supported,Supported,Supported,,Not Supported,,,,,,,,,,,,,,,,,,,,,,,,,,,,,,,,,,,,,,,,,,,,,,,,,,,,,,,,,,,,,,,,,,,,,,,,,,,,,,,,,4,800,InfiniBand NDR,,,,,,,,,,,,,,,,,,,,,,,,,
Standard_HB368_288rsv5,4th Generation AMD EPYC [x86-64],,,,,,,,,32,,,,,,,,,8,180000,Supported,Supported,Not Supported,Not Supported,Supported,Not Supported,Supported,Supported,,Not Supported,,,,,,,,,,,,,,,,,,,,,,,,,,,,,,,,,,,,,,,,,,,,,,,,,,,,,,,,,,,,,,,,,,,,,,,,,,,,,,,,,4,800,InfiniBand NDR,,,,,,,,,,,,,,,,,,,,,,,,,
Standard_HC44rs,Intel Xeon Platinum 8168 (Skylake) [x86-64],44,352,1,700,,,,,4,,,,,,,,,8,40000,Supported,Supported,Not Supported,Not Supported,Supported,Supported,Supported,Supported,,Not Supported,,,,,,,,,,,,,,,,,,,,,,,,,,,,,,,,,,,,,,,,,,,,,,,,,,,,,,,,,,,,,,,,,,,,,,,,,,60.5,191,2.7,3.7,3.4,,,1,100,InfiniBand EDR,,,,,,,,,,,,,,,,,,,,,,,,,
Standard_HC44-16rs,Intel Xeon Platinum 8168 (Skylake) [x86-64],,,1,700,,,,,4,,,,,,,,,8,40000,Supported,Supported,Not Supported,Not Supported,Supported,Supported,Supported,Supported,,Not Supported,,,,,,,,,,,,,,,,,,,,,,,,,,,,,,,,,,,,,,,,,,,,,,,,,,,,,,,,,,,,,,,,,,,,,,,,,,,,,,,,,1,100,InfiniBand EDR,,,,,,,,,,,,,,,,,,,,,,,,,
Standard_HC44-32rs,Intel Xeon Platinum 8168 (Skylake) [x86-64],,,1,700,,,,,4,,,,,,,,,8,40000,Supported,Supported,Not Supported,Not Supported,Supported,Supported,Supported,Supported,,Not Supported,,,,,,,,,,,,,,,,,,,,,,,,,,,,,,,,,,,,,,,,,,,,,,,,,,,,,,,,,,,,,,,,,,,,,,,,,,,,,,,,,1,100,InfiniBand EDR,,,,,,,,,,,,,,,,,,,,,,,,,
Standard_HX176rs,AMD EPYC 9V33X (Genoa-X) [x86-64],176,1408,1,480,,,,,32,,,,,,,,,8,80000,Supported,Supported,Not Supported,Not Supported,Supported,Not Supported,Supported,Supported,,Not Supported,,,,,,,,,,,,,,,,,,,,,,,,,,,,,,,,,,,,,,,,,,,,,,,,,,,,,,,,,,,,,,,,,,,,,,,,,,2304,780,2.55,3.7,3.7,2,1800,1,400,InfiniBand NDR,,,,,,,,,,,,,,,,,,,,,,,,,
Standard_HX176-144rs,AMD EPYC 9V33X (Genoa-X) [x86-64],144,1408,1,480,,,,,32,,,,,,,,,8,80000,Supported,Supported,Not Supported,Not Supported,Supported,Not Supported,Supported,Supported,,Not Supported,,,,,,,,,,,,,,,,,,,,,,,,,,,,,,,,,,,,,,,,,,,,,,,,,,,,,,,,,,,,,,,,,,,,,,,,,,2304,780,2.55,3.7,3.7,2,1800,1,400,InfiniBand NDR,,,,,,,,,,,,,,,,,,,,,,,,,
Standard_HX176-96rs,AMD EPYC 9V33X (Genoa-X) [x86-64],96,1408,1,480,,,,,32,,,,,,,,,8,80000,Supported,Supported,Not Supported,Not Supported,Supported,Not Supported,Supported,Supported,,Not Supported,,,,,,,,,,,,,,,,,,,,,,,,,,,,,,,,,,,,,,,,,,,,,,,,,,,,,,,,,,,,,,,,,,,,,,,,,,2304,780,2.55,3.7,3.7,2,1800,1,400,InfiniBand NDR,,,,,,,,,,,,,,,,,,,,,,,,,
Standard_HX176-48rs,AMD EPYC 9V33X (Genoa-X) [x86-64],48,1408,1,480,,,,,32,,,,,,,,,8,80000,Supported,Supported,Not Supported,Not Supported,Supported,Not Supported,Supported,Supported,,Not Supported,,,,,,,,,,,,,,,,,,,,,,,,,,,,,,,,,,,,,,,,,,,,,,,,,,,,,,,,,,,,,,,,,,,,,,,,,,2304,780,2.55,3.7,3.7,2,1800,1,400,InfiniBand NDR,,,,,,,,,,,,,,,,,,,,,,,,,
Standard_HX176-24rs,AMD EPYC 9V33X (Genoa-X) [x86-64],24,1408,1,480,,,,,32,,,,,,,,,8,80000,Supported,Supported,Not Supported,Not Supported,Supported,Not Supported,Supported,Supported,,Not Supported,,,,,,,,,,,,,,,,,,,,,,,,,,,,,,,,,,,,,,,,,,,,,,,,,,,,,,,,,,,,,,,,,,,,,,,,,,2304,780,2.55,3.7,3.7,2,1800,1,400,InfiniBand NDR,,,,,,,,,,,,,,,,,,,,,,,,,
Standard_D2nds_v6,Intel Xeon Platinum 8573C (Emerald Rapids) [x86-64],2,8,1,,,,,,,,,,,,,,,4,25000,Supported,Supported,Not Supported,Supported,Supported,Not Supported,Supported,Supported,Supported,Supported,,,,,,,,,,,,,,,,,110,37500,,,,,,,,,,,,,,,15000,,,,,,,,,,,,,,,,,,,,,,,,,,,,,,,,,,,,,,,,,,,,,,,,,,,,,180,90,,,,,,,,,,,,,,,,,,,,,
Standard_D4nds_v6,Intel Xeon Platinum 8573C (Emerald Rapids) [x86-64],4,16,1,,,,,,,,,,,,,,,4,30000,Supported,Supported,Not Supported,Supported,Supported,Not Supported,Supported,Supported,Supported,Supported,,,,,,,,,,,,,,,,,220,75000,,,,,,,,,,,,,,,30000,,,,,,,,,,,,,,,,,,,,,,,,,,,,,,,,,,,,,,,,,,,,,,,,,,,,,360,180,,,,,,,,,,,,,,,,,,,,,
Standard_D8nds_v6,Intel Xeon Platinum 8573C (Emerald Rapids) [x86-64],8,32,1,,,,,,,,,,,,,,,8,40000,Supported,Supported,Not Supported,Supported,Supported,Not Supported,Supported,Supported,Supported,Supported,,,,,,,,,,,,,,,,,440,150000,,,,,,,,,,,,,,,60000,,,,,,,,,,,,,,,,,,,,,,,,,,,,,,,,,,,,,,,,,,,,,,,,,,,,,720,360,,,,,,,,,,,,,,,,,,,,,
Standard_D16nds_v6,Intel Xeon Platinum 8573C (Emerald Rapids) [x86-64],16,64,2,,,,,,,,,,,,,,,8,50000,Supported,Supported,Not Supported,Supported,Supported,Not Supported,Supported,Supported,Supported,Supported,,,,,,,,,,,,,,,,,440,300000,,,,,,,,,,,,,,,120000,,,,,,,,,,,,,,,,,,,,,,,,,,,,,,,,,,,,,,,,,,,,,,,,,,,,,1440,720,,,,,,,,,,,,,,,,,,,,,
Standard_D32nds_v6,Intel Xeon Platinum 8573C (Emerald Rapids) [x86-64],32,128,4,,,,,,,,,,,,,,,8,50000,Supported,Supported,Not Supported,Supported,Supported,Not Supported,Supported,Supported,Supported,Supported,,,,,,,,,,,,,,,,,440,600000,,,,,,,,,,,,,,,240000,,,,,,,,,,,,,,,,,,,,,,,,,,,,,,,,,,,,,,,,,,,,,,,,,,,,,2880,1440,,,,,,,,,,,,,,,,,,,,,
Standard_D48nds_v6,Intel Xeon Platinum 8573C (Emerald Rapids) [x86-64],48,192,6,,,,,,,,,,,,,,,8,75000,Supported,Supported,Not Supported,Supported,Supported,Not Supported,Supported,Supported,Supported,Supported,,,,,,,,,,,,,,,,,440,900000,,,,,,,,,,,,,,,360000,,,,,,,,,,,,,,,,,,,,,,,,,,,,,,,,,,,,,,,,,,,,,,,,,,,,,4320,2160,,,,,,,,,,,,,,,,,,,,,
Standard_D64nds_v6,Intel Xeon Platinum 8573C (Emerald Rapids) [x86-64],64,256,4,,,,,,,,,,,,,,,8,100000,Supported,Supported,Not Supported,Supported,Supported,Not Supported,Supported,Supported,Supported,Supported,,,,,,,,,,,,,,,,,880,1200000,,,,,,,,,,,,,,,480000,,,,,,,,,,,,,,,,,,,,,,,,,,,,,,,,,,,,,,,,,,,,,,,,,,,,,5760,2880,,,,,,,,,,,,,,,,,,,,,
Standard_D96nds_v6,Intel Xeon Platinum 8573C (Emerald Rapids) [x86-64],96,384,6,,,,,,,,,,,,,,,15,150000,Supported,Supported,Not Supported,Supported,Supported,Not Supported,Supported,Supported,Supported,Supported,,,,,,,,,,,,,,,,,880,1800000,,,,,,,,,,,,,,,720000,,,,,,,,,,,,,,,,,,,,,,,,,,,,,,,,,,,,,,,,,,,,,,,,,,,,,8640,4320,,,,,,,,,,,,,,,,,,,,,
Standard_D128nds_v6,Intel Xeon Platinum 8573C (Emerald Rapids) [x86-64],128,512,4,,,,,,,,,,,,,,,15,200000,Supported,Supported,Not Supported,Supported,Supported,Not Supported,Supported,Supported,Supported,Supported,,,,,,,,,,,,,,,,,1760,2400000,,,,,,,,,,,,,,,960000,,,,,,,,,,,,,,,,,,,,,,,,,,,,,,,,,,,,,,,,,,,,,,,,,,,,,11520,5760,,,,,,,,,,,,,,,,,,,,,
Standard_D2nlds_v6,Intel Xeon Platinum 8573C (Emerald Rapids) [x86-64],2,4,1,,,,,,,,,,,,,,,4,25000,Supported,Supported,Not Supported,Supported,Supported,Not Supported,Supported,Supported,Supported,Supported,,,,,,,,,,,,,,,,,110,37500,,,,,,,,,,,,,,,15000,,,,,,,,,,,,,,,,,,,,,,,,,,,,,,,,,,,,,,,,,,,,,,,,,,,,,180,90,,,,,,,,,,,,,,,,,,,,,
Standard_D4nlds_v6,Intel Xeon Platinum 8573C (Emerald Rapids) [x86-64],4,8,1,,,,,,,,,,,,,,,4,30000,Supported,Supported,Not Supported,Supported,Supported,Not Supported,Supported,Supported,Supported,Supported,,,,,,,,,,,,,,,,,220,75000,,,,,,,,,,,,,,,30000,,,,,,,,,,,,,,,,,,,,,,,,,,,,,,,,,,,,,,,,,,,,,,,,,,,,,360,180,,,,,,,,,,,,,,,,,,,,,
Standard_D8nlds_v6,Intel Xeon Platinum 8573C (Emerald Rapids) [x86-64],8,16,1,,,,,,,,,,,,,,,8,40000,Supported,Supported,Not Supported,Supported,Supported,Not Supported,Supported,Supported,Supported,Supported,,,,,,,,,,,,,,,,,440,150000,,,,,,,,,,,,,,,60000,,,,,,,,,,,,,,,,,,,,,,,,,,,,,,,,,,,,,,,,,,,,,,,,,,,,,720,360,,,,,,,,,,,,,,,,,,,,,
Standard_D16nlds_v6,Intel Xeon Platinum 8573C (Emerald Rapids) [x86-64],16,32,2,,,,,,,,,,,,,,,8,50000,Supported,Supported,Not Supported,Supported,Supported,Not Supported,Supported,Supported,Supported,Supported,,,,,,,,,,,,,,,,,440,300000,,,,,,,,,,,,,,,120000,,,,,,,,,,,,,,,,,,,,,,,,,,,,,,,,,,,,,,,,,,,,,,,,,,,,,1440,720,,,,,,,,,,,,,,,,,,,,,
Standard_D32nlds_v6,Intel Xeon Platinum 8573C (Emerald Rapids) [x86-64],32,64,4,,,,,,,,,,,,,,,8,50000,Supported,Supported,Not Supported,Supported,Supported,Not Supported,Supported,Supported,Supported,Supported,,,,,,,,,,,,,,,,,440,600000,,,,,,,,,,,,,,,240000,,,,,,,,,,,,,,,,,,,,,,,,,,,,,,,,,,,,,,,,,,,,,,,,,,,,,2880,1440,,,,,,,,,,,,,,,,,,,,,
Standard_D48nlds_v6,Intel Xeon Platinum 8573C (Emerald Rapids) [x86-64],48,96,6,,,,,,,,,,,,,,,8,75000,Supported,Supported,Not Supported,Supported,Supported,Not Supported,Supported,Supported,Supported,Supported,,,,,,,,,,,,,,,,,440,900000,,,,,,,,,,,,,,,360000,,,,,,,,,,,,,,,,,,,,,,,,,,,,,,,,,,,,,,,,,,,,,,,,,,,,,4320,2160,,,,,,,,,,,,,,,,,,,,,
Standard_D64nlds_v6,Intel Xeon Platinum 8573C (Emerald Rapids) [x86-64],64,128,4,,,,,,,,,,,,,,,8,100000,Supported,Supported,Not Supported,Supported,Supported,Not Supported,Supported,Supported,Supported,Supported,,,,,,,,,,,,,,,,,880,1200000,,,,,,,,,,,,,,,480000,,,,,,,,,,,,,,,,,,,,,,,,,,,,,,,,,,,,,,,,,,,,,,,,,,,,,5760,2880,,,,,,,,,,,,,,,,,,,,,
Standard_D96nlds_v6,Intel Xeon Platinum 8573C (Emerald Rapids) [x86-64],96,192,6,,,,,,,,,,,,,,,15,150000,Supported,Supported,Not Supported,Supported,Supported,Not Supported,Supported,Supported,Supported,Supported,,,,,,,,,,,,,,,,,880,1800000,,,,,,,,,,,,,,,720000,,,,,,,,,,,,,,,,,,,,,,,,,,,,,,,,,,,,,,,,,,,,,,,,,,,,,8640,4320,,,,,,,,,,,,,,,,,,,,,
Standard_D128nlds_v6,Intel Xeon Platinum 8573C (Emerald Rapids) [x86-64],128,256,4,,,,,,,,,,,,,,,15,200000,Supported,Supported,Not Supported,Supported,Supported,Not Supported,Supported,Supported,Supported,Supported,,,,,,,,,,,,,,,,,1760,2400000,,,,,,,,,,,,,,,960000,,,,,,,,,,,,,,,,,,,,,,,,,,,,,,,,,,,,,,,,,,,,,,,,,,,,,11520,5760,,,,,,,,,,,,,,,,,,,,,
Standard_D2nls_v6,Intel Xeon Platinum 8573C (Emerald Rapids) [x86-64],2,4,,,,,,,,,,,,,,,,4,25000,Supported,Supported,Not Supported,Supported,Supported,Not Supported,Supported,Not Supported,,Supported,,,,,,,,,,,,,,,,,,,,,,,,,,,,,,,,,,,,,,,,,,,,,,,,,,,,,,,,,,,,,,,,,,,,,,,,,,,,,,,,,,,,,,,,,,,,,,,,,,,,,,,,,,,,
Standard_D4nls_v6,Intel Xeon Platinum 8573C (Emerald Rapids) [x86-64],4,8,,,,,,,,,,,,,,,,4,30000,Supported,Supported,Not Supported,Supported,Supported,Not Supported,Supported,Not Supported,,Supported,,,,,,,,,,,,,,,,,,,,,,,,,,,,,,,,,,,,,,,,,,,,,,,,,,,,,,,,,,,,,,,,,,,,,,,,,,,,,,,,,,,,,,,,,,,,,,,,,,,,,,,,,,,,
Standard_D8nls_v6,Intel Xeon Platinum 8573C (Emerald Rapids) [x86-64],8,16,,,,,,,,,,,,,,,,8,40000,Supported,Supported,Not Supported,Supported,Supported,Not Supported,Supported,Not Supported,,Supported,,,,,,,,,,,,,,,,,,,,,,,,,,,,,,,,,,,,,,,,,,,,,,,,,,,,,,,,,,,,,,,,,,,,,,,,,,,,,,,,,,,,,,,,,,,,,,,,,,,,,,,,,,,,
Standard_D16nls_v6,Intel Xeon Platinum 8573C (Emerald Rapids) [x86-64],16,32,,,,,,,,,,,,,,,,8,50000,Supported,Supported,Not Supported,Supported,Supported,Not Supported,Supported,Not Supported,,Supported,,,,,,,,,,,,,,,,,,,,,,,,,,,,,,,,,,,,,,,,,,,,,,,,,,,,,,,,,,,,,,,,,,,,,,,,,,,,,,,,,,,,,,,,,,,,,,,,,,,,,,,,,,,,
Standard_D32nls_v6,Intel Xeon Platinum 8573C (Emerald Rapids) [x86-64],32,64,,,,,,,,,,,,,,,,8,50000,Supported,Supported,Not Supported,Supported,Supported,Not Supported,Supported,Not Supported,,Supported,,,,,,,,,,,,,,,,,,,,,,,,,,,,,,,,,,,,,,,,,,,,,,,,,,,,,,,,,,,,,,,,,,,,,,,,,,,,,,,,,,,,,,,,,,,,,,,,,,,,,,,,,,,,
Standard_D48nls_v6,Intel Xeon Platinum 8573C (Emerald Rapids) [x86-64],48,96,,,,,,,,,,,,,,,,8,75000,Supported,Supported,Not Supported,Supported,Supported,Not Supported,Supported,Not Supported,,Supported,,,,,,,,,,,,,,,,,,,,,,,,,,,,,,,,,,,,,,,,,,,,,,,,,,,,,,,,,,,,,,,,,,,,,,,,,,,,,,,,,,,,,,,,,,,,,,,,,,,,,,,,,,,,
Standard_D64nls_v6,Intel Xeon Platinum 8573C (Emerald Rapids) [x86-64],64,128,,,,,,,,,,,,,,,,8,100000,Supported,Supported,Not Supported,Supported,Supported,Not Supported,Supported,Not Supported,,Supported,,,,,,,,,,,,,,,,,,,,,,,,,,,,,,,,,,,,,,,,,,,,,,,,,,,,,,,,,,,,,,,,,,,,,,,,,,,,,,,,,,,,,,,,,,,,,,,,,,,,,,,,,,,,
Standard_D96nls_v6,Intel Xeon Platinum 8573C (Emerald Rapids) [x86-64],96,192,,,,,,,,,,,,,,,,15,150000,Supported,Supported,Not Supported,Supported,Supported,Not Supported,Supported,Not Supported,,Supported,,,,,,,,,,,,,,,,,,,,,,,,,,,,,,,,,,,,,,,,,,,,,,,,,,,,,,,,,,,,,,,,,,,,,,,,,,,,,,,,,,,,,,,,,,,,,,,,,,,,,,,,,,,,
Standard_D128nls_v6,Intel Xeon Platinum 8573C (Emerald Rapids) [x86-64],128,256,,,,,,,,,,,,,,,,15,200000,Supported,Supported,Not Supported,Supported,Supported,Not Supported,Supported,Not Supported,,Supported,,,,,,,,,,,,,,,,,,,,,,,,,,,,,,,,,,,,,,,,,,,,,,,,,,,,,,,,,,,,,,,,,,,,,,,,,,,,,,,,,,,,,,,,,,,,,,,,,,,,,,,,,,,,
Standard_D2ns_v6,Intel Xeon Platinum 8573C (Emerald Rapids) [x86-64],2,8,,,,,,,,,,,,,,,,4,25000,Supported,Supported,Not Supported,Supported,Supported,Not Supported,Supported,Not Supported,,Supported,,,,,,,,,,,,,,,,,,,,,,,,,,,,,,,,,,,,,,,,,,,,,,,,,,,,,,,,,,,,,,,,,,,,,,,,,,,,,,,,,,,,,,,,,,,,,,,,,,,,,,,,,,,,
Standard_D4ns_v6,Intel Xeon Platinum 8573C (Emerald Rapids) [x86-64],4,16,,,,,,,,,,,,,,,,4,30000,Supported,Supported,Not Supported,Supported,Supported,Not Supported,Supported,Not Supported,,Supported,,,,,,,,,,,,,,,,,,,,,,,,,,,,,,,,,,,,,,,,,,,,,,,,,,,,,,,,,,,,,,,,,,,,,,,,,,,,,,,,,,,,,,,,,,,,,,,,,,,,,,,,,,,,
Standard_D8ns_v6,Intel Xeon Platinum 8573C (Emerald Rapids) [x86-64],8,32,,,,,,,,,,,,,,,,8,40000,Supported,Supported,Not Supported,Supported,Supported,Not Supported,Supported,Not Supported,,Supported,,,,,,,,,,,,,,,,,,,,,,,,,,,,,,,,,,,,,,,,,,,,,,,,,,,,,,,,,,,,,,,,,,,,,,,,,,,,,,,,,,,,,,,,,,,,,,,,,,,,,,,,,,,,
Standard_D16ns_v6,Intel Xeon Platinum 8573C (Emerald Rapids) [x86-64],16,64,,,,,,,,,,,,,,,,8,50000,Supported,Supported,Not Supported,Supported,Supported,Not Supported,Supported,Not Supported,,Supported,,,,,,,,,,,,,,,,,,,,,,,,,,,,,,,,,,,,,,,,,,,,,,,,,,,,,,,,,,,,,,,,,,,,,,,,,,,,,,,,,,,,,,,,,,,,,,,,,,,,,,,,,,,,
Standard_D32ns_v6,Intel Xeon Platinum 8573C (Emerald Rapids) [x86-64],32,128,,,,,,,,,,,,,,,,8,50000,Supported,Supported,Not Supported,Supported,Supported,Not Supported,Supported,Not Supported,,Supported,,,,,,,,,,,,,,,,,,,,,,,,,,,,,,,,,,,,,,,,,,,,,,,,,,,,,,,,,,,,,,,,,,,,,,,,,,,,,,,,,,,,,,,,,,,,,,,,,,,,,,,,,,,,
Standard_D48ns_v6,Intel Xeon Platinum 8573C (Emerald Rapids) [x86-64],48,192,,,,,,,,,,,,,,,,8,75000,Supported,Supported,Not Supported,Supported,Supported,Not Supported,Supported,Not Supported,,Supported,,,,,,,,,,,,,,,,,,,,,,,,,,,,,,,,,,,,,,,,,,,,,,,,,,,,,,,,,,,,,,,,,,,,,,,,,,,,,,,,,,,,,,,,,,,,,,,,,,,,,,,,,,,,
Standard_D64ns_v6,Intel Xeon Platinum 8573C (Emerald Rapids) [x86-64],64,256,,,,,,,,,,,,,,,,8,100000,Supported,Supported,Not Supported,Supported,Supported,Not Supported,Supported,Not Supported,,Supported,,,,,,,,,,,,,,,,,,,,,,,,,,,,,,,,,,,,,,,,,,,,,,,,,,,,,,,,,,,,,,,,,,,,,,,,,,,,,,,,,,,,,,,,,,,,,,,,,,,,,,,,,,,,
Standard_D96ns_v6,Intel Xeon Platinum 8573C (Emerald Rapids) [x86-64],96,384,,,,,,,,,,,,,,,,15,150000,Supported,Supported,Not Supported,Supported,Supported,Not Supported,Supported,Not Supported,,Supported,,,,,,,,,,,,,,,,,,,,,,,,,,,,,,,,,,,,,,,,,,,,,,,,,,,,,,,,,,,,,,,,,,,,,,,,,,,,,,,,,,,,,,,,,,,,,,,,,,,,,,,,,,,,
Standard_D128ns_v6,Intel Xeon Platinum 8573C (Emerald Rapids) [x86-64],128,512,,,,,,,,,,,,,,,,15,200000,Supported,Supported,Not Supported,Supported,Supported,Not Supported,Supported,Not Supported,,Supported,,,,,,,,,,,,,,,,,,,,,,,,,,,,,,,,,,,,,,,,,,,,,,,,,,,,,,,,,,,,,,,,,,,,,,,,,,,,,,,,,,,,,,,,,,,,,,,,,,,,,,,,,,,,
Standard_E2ads_v5,"AMD EPYC 7763v (Milan) [x86-64] ,  AMD EPYC 9004 (Genoa) [x86-64]",2,16,1,75,9000,125,,,4,3750,82,10000,600,,,,,2,12500,Supported,Supported,Supported,Supported,Supported,Supported,Supported,Supported,,Supported,,,,,,,,,,,,,,,,Supported,,,,,,,,,,,,,,,,,,,,,,,,,,,,,,,,,,,,,,,,,,,,,,,,,,,,,,,,,,,,,,,,,,,,,,,,,,,,,,,,,,,,,,,,,,,,
Standard_E4ads_v5,"AMD EPYC 7763v (Milan) [x86-64] ,  AMD EPYC 9004 (Genoa) [x86-64]",4,32,1,150,19000,250,,,8,6400,144,20000,600,,,,,2,12500,Supported,Supported,Supported,Supported,Supported,Supported,Supported,Supported,,Supported,,,,,,,,,,,,,,,,Supported,,,,,,,,,,,,,,,,,,,,,,,,,,,,,,,,,,,,,,,,,,,,,,,,,,,,,,,,,,,,,,,,,,,,,,,,,,,,,,,,,,,,,,,,,,,,
Standard_E8ads_v5,"AMD EPYC 7763v (Milan) [x86-64] ,  AMD EPYC 9004 (Genoa) [x86-64]",8,64,1,300,38000,500,,,16,12800,200,20000,600,,,,,4,12500,Supported,Supported,Supported,Supported,Supported,Supported,Supported,Supported,,Supported,,,,,,,,,,,,,,,,Supported,,,,,,,,,,,,,,,,,,,,,,,,,,,,,,,,,,,,,,,,,,,,,,,,,,,,,,,,,,,,,,,,,,,,,,,,,,,,,,,,,,,,,,,,,,,,
Standard_E16ads_v5,"AMD EPYC 7763v (Milan) [x86-64] ,  AMD EPYC 9004 (Genoa) [x86-64]",16,128,1,600,75000,1000,,,32,25600,384,40000,800,,,,,8,12500,Supported,Supported,Supported,Supported,Supported,Supported,Supported,Supported,,Supported,,,,,,,,,,,,,,,,Supported,,,,,,,,,,,,,,,,,,,,,,,,,,,,,,,,,,,,,,,,,,,,,,,,,,,,,,,,,,,,,,,,,,,,,,,,,,,,,,,,,,,,,,,,,,,,
Standard_E20ads_v5,"AMD EPYC 7763v (Milan) [x86-64] ,  AMD EPYC 9004 (Genoa) [x86-64]",20,160,1,750,94000,1250,,,32,32000,480,64000,1000,,,,,8,12500,Supported,Supported,Supported,Supported,Supported,Supported,Supported,Supported,,Supported,,,,,,,,,,,,,,,,Supported,,,,,,,,,,,,,,,,,,,,,,,,,,,,,,,,,,,,,,,,,,,,,,,,,,,,,,,,,,,,,,,,,,,,,,,,,,,,,,,,,,,,,,,,,,,,
Standard_E32ads_v5,"AMD EPYC 7763v (Milan) [x86-64] ,  AMD EPYC 9004 (Genoa) [x86-64]",32,256,1,1200,150000,2000,,,32,51200,768,80000,1600,,,,,8,16000,Supported,Supported,Supported,Supported,Supported,Supported,Supported,Supported,,Supported,,,,,,,,,,,,,,,,Supported,,,,,,,,,,,,,,,,,,,,,,,,,,,,,,,,,,,,,,,,,,,,,,,,,,,,,,,,,,,,,,,,,,,,,,,,,,,,,,,,,,,,,,,,,,,,
Standard_E48ads_v5,"AMD EPYC 7763v (Milan) [x86-64] ,  AMD EPYC 9004 (Genoa) [x86-64]",48,384,1,1800,225000,3000,,,32,76800,1152,80000,2000,,,,,8,24000,Supported,Supported,Supported,Supported,Supported,Supported,Supported,Supported,,Supported,,,,,,,,,,,,,,,,Supported,,,,,,,,,,,,,,,,,,,,,,,,,,,,,,,,,,,,,,,,,,,,,,,,,,,,,,,,,,,,,,,,,,,,,,,,,,,,,,,,,,,,,,,,,,,,
Standard_E64ads_v5,"AMD EPYC 7763v (Milan) [x86-64] ,  AMD EPYC 9004 (Genoa) [x86-64]",64,512,1,2400,300000,4000,,,32,80000,1200,80000,2000,,,,,8,32000,Supported,Supported,Supported,Supported,Supported,Supported,Supported,Supported,,Supported,,,,,,,,,,,,,,,,Supported,,,,,,,,,,,,,,,,,,,,,,,,,,,,,,,,,,,,,,,,,,,,,,,,,,,,,,,,,,,,,,,,,,,,,,,,,,,,,,,,,,,,,,,,,,,,
Standard_E96ads_v5,"AMD EPYC 7763v (Milan) [x86-64] ,  AMD EPYC 9004 (Genoa) [x86-64]",96,672,1,3600,450000,4000,,,32,80000,1600,80000,2000,,,,,8,40000,Supported,Supported,Supported,Supported,Supported,Supported,Supported,Supported,,Supported,,,,,,,,,,,,,,,,Supported,,,,,,,,,,,,,,,,,,,,,,,,,,,,,,,,,,,,,,,,,,,,,,,,,,,,,,,,,,,,,,,,,,,,,,,,,,,,,,,,,,,,,,,,,,,,
Standard_E112iads_v5,"AMD EPYC 7763v (Milan) [x86-64] ,  AMD EPYC 9004 (Genoa) [x86-64]",112,672,1,3800,450000,4000,,,64,120000,2000,120000,2000,,,,,8,50000,Supported,Supported,Supported,Supported,Supported,Supported,Supported,Supported,,Supported,,,,,,,,,,,,,,,,Supported,,,,,,,,,,,,,,,,,,,,,,,,,,,,,,,,,,,,,,,,,,,,,,,,,,,,,,,,,,,,,,,,,,,,,,,,,,,,,,,,,,,,,,,,,,,,
Standard_E2ads_v6,AMD EPYC 9004 (Genoa) [x86-64],2,16,1,110,37500,180,,,4,4000,90,20000,1250,4000,90,20000,1250,2,12500,Supported,Supported,Supported,Supported,Supported,Not Supported,Supported,Supported,Supported,Supported,,,,,,,,,,,,,,,,,,,,,,Not Supported,Not Supported,,,,,,,,,,,,,,,,,,,,,,,,,,,,,,,,,,,,,,,,,,,,,,,,,,,,,,,,,,,,,,,,,,,,,,,,,,,,,,,,,,,,,
Standard_E4ads_v6,AMD EPYC 9004 (Genoa) [x86-64],4,32,1,220,75000,360,,,8,7600,180,20000,1250,7600,180,20000,1250,2,12500,Supported,Supported,Supported,Supported,Supported,Not Supported,Supported,Supported,Supported,Supported,,,,,,,,,,,,,,,,,,,,,,Not Supported,Not Supported,,,,,,,,,,,,,,,,,,,,,,,,,,,,,,,,,,,,,,,,,,,,,,,,,,,,,,,,,,,,,,,,,,,,,,,,,,,,,,,,,,,,,
Standard_E8ads_v6,AMD EPYC 9004 (Genoa) [x86-64],8,64,1,440,150000,720,,,16,15200,360,20000,1250,15200,360,20000,1250,4,12500,Supported,Supported,Supported,Supported,Supported,Not Supported,Supported,Supported,Supported,Supported,,,,,,,,,,,,,,,,,,,,,,Not Supported,Not Supported,,,,,,,,,,,,,,,,,,,,,,,,,,,,,,,,,,,,,,,,,,,,,,,,,,,,,,,,,,,,,,,,,,,,,,,,,,,,,,,,,,,,,
Standard_E16ads_v6,AMD EPYC 9004 (Genoa) [x86-64],16,128,2,440,300000,1440,,,32,30400,720,40000,1250,30400,720,40000,1250,8,16000,Supported,Supported,Supported,Supported,Supported,Not Supported,Supported,Supported,Supported,Supported,,,,,,,,,,,,,,,,,,,,,,Not Supported,Not Supported,,,,,,,,,,,,,,,,,,,,,,,,,,,,,,,,,,,,,,,,,,,,,,,,,,,,,,,,,,,,,,,,,,,,,,,,,,,,,,,,,,,,,
Standard_E20ads_v6,AMD EPYC 9004 (Genoa) [x86-64],20,160,2,550,375000,1800,,,32,38000,900,64000,1600,38000,900,64000,1600,8,16000,Supported,Supported,Supported,Supported,Supported,Not Supported,Supported,Supported,Supported,Supported,,,,,,,,,,,,,,,,,,,,,,Not Supported,Not Supported,,,,,,,,,,,,,,,,,,,,,,,,,,,,,,,,,,,,,,,,,,,,,,,,,,,,,,,,,,,,,,,,,,,,,,,,,,,,,,,,,,,,,
Standard_E32ads_v6,AMD EPYC 9004 (Genoa) [x86-64],32,256,4,440,600000,2880,,,32,57600,1440,80000,1700,57600,1440,80000,1700,8,20000,Supported,Supported,Supported,Supported,Supported,Not Supported,Supported,Supported,Supported,Supported,,,,,,,,,,,,,,,,,,,,,,Not Supported,Not Supported,,,,,,,,,,,,,,,,,,,,,,,,,,,,,,,,,,,,,,,,,,,,,,,,,,,,,,,,,,,,,,,,,,,,,,,,,,,,,,,,,,,,,
Standard_E48ads_v6,AMD EPYC 9004 (Genoa) [x86-64],48,384,6,440,900000,4320,,,32,86400,2160,90000,2550,86400,2160,90000,2550,8,28000,Supported,Supported,Supported,Supported,Supported,Not Supported,Supported,Supported,Supported,Supported,,,,,,,,,,,,,,,,,,,,,,Not Supported,Not Supported,,,,,,,,,,,,,,,,,,,,,,,,,,,,,,,,,,,,,,,,,,,,,,,,,,,,,,,,,,,,,,,,,,,,,,,,,,,,,,,,,,,,,
Standard_E64ads_v6,AMD EPYC 9004 (Genoa) [x86-64],64,512,4,880,1200000,5760,,,32,115200,2880,120000,3400,115200,2880,120000,3400,8,36000,Supported,Supported,Supported,Supported,Supported,Not Supported,Supported,Supported,Supported,Supported,,,,,,,,,,,,,,,,,,,,,,Not Supported,Not Supported,,,,,,,,,,,,,,,,,,,,,,,,,,,,,,,,,,,,,,,,,,,,,,,,,,,,,,,,,,,,,,,,,,,,,,,,,,,,,,,,,,,,,
Standard_E96ads_v6,AMD EPYC 9004 (Genoa) [x86-64],96,672,6,880,1800000,8640,,,32,175000,4320,175000,5090,175000,4320,175000,5090,8,40000,Supported,Supported,Supported,Supported,Supported,Not Supported,Supported,Supported,Supported,Supported,,,,,,,,,,,,,,,,,,,,,,Not Supported,Not Supported,,,,,,,,,,,,,,,,,,,,,,,,,,,,,,,,,,,,,,,,,,,,,,,,,,,,,,,,,,,,,,,,,,,,,,,,,,,,,,,,,,,,,
Standard_E2ads_v7,AMD EPYC 9005 (Turin) [x86-64],2,16,1,110,37500,280,15000,140,10,4000,118,44000,1412,4400,136,48400,1653,2,16000,Supported,Supported,Supported,Supported,Supported,Not Supported,Supported,Supported,Supported,Supported,,,,,,,,,,,,,,,,,,,,,,,,,,,,,,,,,,,,,,,,,,,,,,,,,,,,,,,,,,,,,,,,,,,,,,,,,,,,,,,,,,,,,,,,,,,,,,,,,,,,,,,,,,,,
Standard_E4ads_v7,AMD EPYC 9005 (Turin) [x86-64],4,32,1,220,75000,560,30000,280,12,8000,234,47200,1412,8800,273,52083,1653,2,16000,Supported,Supported,Supported,Supported,Supported,Not Supported,Supported,Supported,Supported,Supported,,,,,,,,,,,,,,,,,,,,,,,,,,,,,,,,,,,,,,,,,,,,,,,,,,,,,,,,,,,,,,,,,,,,,,,,,,,,,,,,,,,,,,,,,,,,,,,,,,,,,,,,,,,,
Standard_E8ads_v7,AMD EPYC 9005 (Turin) [x86-64],8,64,1,440,150000,1120,60000,560,26,16000,468,47200,1412,17600,547,52083,1653,4,25000,Supported,Supported,Supported,Supported,Supported,Not Supported,Supported,Supported,Supported,Supported,,,,,,,,,,,,,,,,,,,,,,,,,,,,,,,,,,,,,,,,,,,,,,,,,,,,,,,,,,,,,,,,,,,,,,,,,,,,,,,,,,,,,,,,,,,,,,,,,,,,,,,,,,,,
Standard_E16ads_v7,AMD EPYC 9005 (Turin) [x86-64],16,128,2,440,300000,2240,120000,1120,48,32000,936,72700,1412,35200,1095,80000,1653,8,25000,Supported,Supported,Supported,Supported,Supported,Not Supported,Supported,Supported,Supported,Supported,,,,,,,,,,,,,,,,,,,,,,,,,,,,,,,,,,,,,,,,,,,,,,,,,,,,,,,,,,,,,,,,,,,,,,,,,,,,,,,,,,,,,,,,,,,,,,,,,,,,,,,,,,,,
Standard_E32ads_v7,AMD EPYC 9005 (Turin) [x86-64],32,256,4,440,600000,4480,240000,2240,64,64000,1872,94400,1916,70400,2191,104167,2241,8,25000,Supported,Supported,Supported,Supported,Supported,Not Supported,Supported,Supported,Supported,Supported,,,,,,,,,,,,,,,,,,,,,,,,,,,,,,,,,,,,,,,,,,,,,,,,,,,,,,,,,,,,,,,,,,,,,,,,,,,,,,,,,,,,,,,,,,,,,,,,,,,,,,,,,,,,
Standard_E48ads_v7,AMD EPYC 9005 (Turin) [x86-64],48,384,6,440,900000,6720,360000,3360,64,96000,2808,99000,2874,105600,3291,108900,3362,8,35000,Supported,Supported,Supported,Supported,Supported,Not Supported,Supported,Supported,Supported,Supported,,,,,,,,,,,,,,,,,,,,,,,,,,,,,,,,,,,,,,,,,,,,,,,,,,,,,,,,,,,,,,,,,,,,,,,,,,,,,,,,,,,,,,,,,,,,,,,,,,,,,,,,,,,,
Standard_E64ads_v7,AMD EPYC 9005 (Turin) [x86-64],64,512,4,880,1200000,8960,480000,4480,64,128000,3744,132000,3832,140800,4382,145200,4484,8,45000,Supported,Supported,Supported,Supported,Supported,Not Supported,Supported,Supported,Supported,Supported,,,,,,,,,,,,,,,,,,,,,,,,,,,,,,,,,,,,,,,,,,,,,,,,,,,,,,,,,,,,,,,,,,,,,,,,,,,,,,,,,,,,,,,,,,,,,,,,,,,,,,,,,,,,
Standard_E96ads_v7,AMD EPYC 9005 (Turin) [x86-64],96,768,6,880,1800000,13440,720000,6720,64,192000,5663,192500,5749,211200,6573,211750,6669,8,70000,Supported,Supported,Supported,Supported,Supported,Not Supported,Supported,Supported,Supported,Supported,,,,,,,,,,,,,,,,,,,,,,,,,,,,,,,,,,,,,,,,,,,,,,,,,,,,,,,,,,,,,,,,,,,,,,,,,,,,,,,,,,,,,,,,,,,,,,,,,,,,,,,,,,,,
Standard_E128ads_v7,AMD EPYC 9005 (Turin) [x86-64],128,1024,4,1760,2400000,17920,960000,8960,64,204800,7488,225280,7663,281600,8764,310886,8966,15,75000,Supported,Supported,Supported,Supported,Supported,Not Supported,Supported,Supported,Supported,Supported,,,,,,,,,,,,,,,,,,,,,,,,,,,,,,,,,,,,,,,,,,,,,,,,,,,,,,,,,,,,,,,,,,,,,,,,,,,,,,,,,,,,,,,,,,,,,,,,,,,,,,,,,,,,
Standard_E160ads_v7,AMD EPYC 9005 (Turin) [x86-64],160,1280,4,2200,3000000,22400,1200000,11200,64,212000,10344,242640,11410,310000,10356,355443,11450,15,80000,Supported,Supported,Supported,Supported,Supported,Not Supported,Supported,Supported,Supported,Supported,,,,,,,,,,,,,,,,,,,,,,,,,,,,,,,,,,,,,,,,,,,,,,,,,,,,,,,,,,,,,,,,,,,,,,,,,,,,,,,,,,,,,,,,,,,,,,,,,,,,,,,,,,,,
Standard_E2as_v4,AMD EPYC 7452 (Rome) [x86-64] AMD EPYC 7763v (Milan) [x86-64],2,16,1,32,4000,32,,50,4,3200,48,4000,200,,,,,2,2000,Supported,Supported,Supported,Supported,Supported,Supported,Supported,Supported,,Not Supported,,,,,,,,,,,,,,,,,,,,,,,,,,,,,,,,,,,,,,,,,,,,,,,,,,,,,,,,,,,,,,,,,,,,,,,,,,,,,,,,,,,,,,,,,,,,,,,,,,,,,,,,,,,,
Standard_E4as_v4,AMD EPYC 7452 (Rome) [x86-64] AMD EPYC 7763v (Milan) [x86-64],4,32,1,64,8000,64,,100,8,6400,96,8000,200,,,,,2,4000,Supported,Supported,Supported,Supported,Supported,Supported,Supported,Supported,,Not Supported,,,,,,,,,,,,,,,,,,,,,,,,,,,,,,,,,,,,,,,,,,,,,,,,,,,,,,,,,,,,,,,,,,,,,,,,,,,,,,,,,,,,,,,,,,,,,,,,,,,,,,,,,,,,
Standard_E8as_v4,AMD EPYC 7452 (Rome) [x86-64] AMD EPYC 7763v (Milan) [x86-64],8,64,1,128,16000,128,,200,16,12800,192,16000,400,,,,,4,8000,Supported,Supported,Supported,Supported,Supported,Supported,Supported,Supported,,Not Supported,,,,,,,,,,,,,,,,,,,,,,,,,,,,,,,,,,,,,,,,,,,,,,,,,,,,,,,,,,,,,,,,,,,,,,,,,,,,,,,,,,,,,,,,,,,,,,,,,,,,,,,,,,,,
Standard_E16as_v4,AMD EPYC 7452 (Rome) [x86-64] AMD EPYC 7763v (Milan) [x86-64],16,128,1,256,32000,255,,400,32,25600,384,32000,800,,,,,8,10000,Supported,Supported,Supported,Supported,Supported,Supported,Supported,Supported,,Not Supported,,,,,,,,,,,,,,,,,,,,,,,,,,,,,,,,,,,,,,,,,,,,,,,,,,,,,,,,,,,,,,,,,,,,,,,,,,,,,,,,,,,,,,,,,,,,,,,,,,,,,,,,,,,,
Standard_E20as_v4,AMD EPYC 7452 (Rome) [x86-64] AMD EPYC 7763v (Milan) [x86-64],20,160,1,320,40000,320,,500,32,32000,480,40000,1000,,,,,8,12000,Supported,Supported,Supported,Supported,Supported,Supported,Supported,Supported,,Not Supported,,,,,,,,,,,,,,,,,,,,,,,,,,,,,,,,,,,,,,,,,,,,,,,,,,,,,,,,,,,,,,,,,,,,,,,,,,,,,,,,,,,,,,,,,,,,,,,,,,,,,,,,,,,,
Standard_E32as_v4,AMD EPYC 7452 (Rome) [x86-64] AMD EPYC 7763v (Milan) [x86-64],32,256,1,512,64000,510,,800,32,51200,768,64000,1600,,,,,8,16000,Supported,Supported,Supported,Supported,Supported,Supported,Supported,Supported,,Not Supported,,,,,,,,,,,,,,,,,,,,,,,,,,,,,,,,,,,,,,,,,,,,,,,,,,,,,,,,,,,,,,,,,,,,,,,,,,,,,,,,,,,,,,,,,,,,,,,,,,,,,,,,,,,,
Standard_E48as_v4,AMD EPYC 7452 (Rome) [x86-64] AMD EPYC 7763v (Milan) [x86-64],48,384,1,768,96000,1020,,1200,32,76800,1148,80000,2000,,,,,8,24000,Supported,Supported,Supported,Supported,Supported,Supported,Supported,Supported,,Not Supported,,,,,,,,,,,,,,,,,,,,,,,,,,,,,,,,,,,,,,,,,,,,,,,,,,,,,,,,,,,,,,,,,,,,,,,,,,,,,,,,,,,,,,,,,,,,,,,,,,,,,,,,,,,,
Standard_E64as_v4,AMD EPYC 7452 (Rome) [x86-64] AMD EPYC 7763v (Milan) [x86-64],64,512,1,1024,128000,1020,,1600,32,80000,1200,80000,2000,,,,,8,32000,Supported,Supported,Supported,Supported,Supported,Supported,Supported,Supported,,Not Supported,,,,,,,,,,,,,,,,,,,,,,,,,,,,,,,,,,,,,,,,,,,,,,,,,,,,,,,,,,,,,,,,,,,,,,,,,,,,,,,,,,,,,,,,,,,,,,,,,,,,,,,,,,,,
Standard_E96as_v4,AMD EPYC 7452 (Rome) [x86-64] AMD EPYC 7763v (Milan) [x86-64],96,672,1,1344,192000,1020,,2400,32,80000,1200,80000,2000,,,,,8,32000,Supported,Supported,Supported,Supported,Supported,Supported,Supported,Supported,,Not Supported,,,,,,,,,,,,,,,,,,,,,,,,,,,,,,,,,,,,,,,,,,,,,,,,,,,,,,,,,,,,,,,,,,,,,,,,,,,,,,,,,,,,,,,,,,,,,,,,,,,,,,,,,,,,
Standard_E2as_v5,"AMD EPYC 7763v (Milan) [x86-64] , AMD EPYC 9004 (Genoa) [x86-64]",2,16,,,,,,,4,3750,82,10000,600,,,,,2,12500,Supported,Supported,Supported,Supported,Supported,Supported,Supported,Not Supported,,Supported,,,,,,,,,,,,,,,,,,,,,,,,,,,,,,,,,,,,,,,,,,,,,,,,,,,,,,,,,,,,,,,,,,,,,,,,,,,,,,,,,,,,,,,,,,,,,,,,,,,,,,,,,,,,
Standard_E4as_v5,"AMD EPYC 7763v (Milan) [x86-64] , AMD EPYC 9004 (Genoa) [x86-64]",4,32,,,,,,,8,6400,144,20000,600,,,,,2,12500,Supported,Supported,Supported,Supported,Supported,Supported,Supported,Not Supported,,Supported,,,,,,,,,,,,,,,,,,,,,,,,,,,,,,,,,,,,,,,,,,,,,,,,,,,,,,,,,,,,,,,,,,,,,,,,,,,,,,,,,,,,,,,,,,,,,,,,,,,,,,,,,,,,
Standard_E8as_v5,"AMD EPYC 7763v (Milan) [x86-64] , AMD EPYC 9004 (Genoa) [x86-64]",8,64,,,,,,,16,12800,200,20000,600,,,,,4,12500,Supported,Supported,Supported,Supported,Supported,Supported,Supported,Not Supported,,Supported,,,,,,,,,,,,,,,,,,,,,,,,,,,,,,,,,,,,,,,,,,,,,,,,,,,,,,,,,,,,,,,,,,,,,,,,,,,,,,,,,,,,,,,,,,,,,,,,,,,,,,,,,,,,
Standard_E16as_v5,"AMD EPYC 7763v (Milan) [x86-64] , AMD EPYC 9004 (Genoa) [x86-64]",16,128,,,,,,,32,25600,384,40000,800,,,,,8,12500,Supported,Supported,Supported,Supported,Supported,Supported,Supported,Not Supported,,Supported,,,,,,,,,,,,,,,,,,,,,,,,,,,,,,,,,,,,,,,,,,,,,,,,,,,,,,,,,,,,,,,,,,,,,,,,,,,,,,,,,,,,,,,,,,,,,,,,,,,,,,,,,,,,
Standard_E20as_v5,"AMD EPYC 7763v (Milan) [x86-64] , AMD EPYC 9004 (Genoa) [x86-64]",20,160,,,,,,,32,32000,480,64000,1000,,,,,8,12500,Supported,Supported,Supported,Supported,Supported,Supported,Supported,Not Supported,,Supported,,,,,,,,,,,,,,,,,,,,,,,,,,,,,,,,,,,,,,,,,,,,,,,,,,,,,,,,,,,,,,,,,,,,,,,,,,,,,,,,,,,,,,,,,,,,,,,,,,,,,,,,,,,,
Standard_E32as_v5,"AMD EPYC 7763v (Milan) [x86-64] , AMD EPYC 9004 (Genoa) [x86-64]",32,256,,,,,,,32,51200,768,80000,1600,,,,,8,16000,Supported,Supported,Supported,Supported,Supported,Supported,Supported,Not Supported,,Supported,,,,,,,,,,,,,,,,,,,,,,,,,,,,,,,,,,,,,,,,,,,,,,,,,,,,,,,,,,,,,,,,,,,,,,,,,,,,,,,,,,,,,,,,,,,,,,,,,,,,,,,,,,,,
Standard_E48as_v5,"AMD EPYC 7763v (Milan) [x86-64] , AMD EPYC 9004 (Genoa) [x86-64]",48,384,,,,,,,32,76800,1152,80000,2000,,,,,8,24000,Supported,Supported,Supported,Supported,Supported,Supported,Supported,Not Supported,,Supported,,,,,,,,,,,,,,,,,,,,,,,,,,,,,,,,,,,,,,,,,,,,,,,,,,,,,,,,,,,,,,,,,,,,,,,,,,,,,,,,,,,,,,,,,,,,,,,,,,,,,,,,,,,,
Standard_E64as_v5,"AMD EPYC 7763v (Milan) [x86-64] , AMD EPYC 9004 (Genoa) [x86-64]",64,512,,,,,,,32,80000,1200,80000,2000,,,,,8,32000,Supported,Supported,Supported,Supported,Supported,Supported,Supported,Not Supported,,Supported,,,,,,,,,,,,,,,,,,,,,,,,,,,,,,,,,,,,,,,,,,,,,,,,,,,,,,,,,,,,,,,,,,,,,,,,,,,,,,,,,,,,,,,,,,,,,,,,,,,,,,,,,,,,
Standard_E96as_v5,"AMD EPYC 7763v (Milan) [x86-64] , AMD EPYC 9004 (Genoa) [x86-64]",96,672,,,,,,,32,80000,1600,80000,2000,,,,,8,40000,Supported,Supported,Supported,Supported,Supported,Supported,Supported,Not Supported,,Supported,,,,,,,,,,,,,,,,,,,,,,,,,,,,,,,,,,,,,,,,,,,,,,,,,,,,,,,,,,,,,,,,,,,,,,,,,,,,,,,,,,,,,,,,,,,,,,,,,,,,,,,,,,,,
Standard_E112ias_v5,"AMD EPYC 7763v (Milan) [x86-64] , AMD EPYC 9004 (Genoa) [x86-64]",112,672,,,,,,,64,120000,2000,120000,2000,,,,,8,50000,Supported,Supported,Supported,Supported,Supported,Supported,Supported,Not Supported,,Supported,,,,,,,,,,,,,,,,,,,,,,,,,,,,,,,,,,,,,,,,,,,,,,,,,,,,,,,,,,,,,,,,,,,,,,,,,,,,,,,,,,,,,,,,,,,,,,,,,,,,,,,,,,,,
Standard_E2as_v6,AMD EPYC 9004 (Genoa) [x86-64],2,16,,,,,,,4,4000,90,20000,1250,4000,90,20000,1250,2,12500,Supported,Supported,Supported,Supported,Supported,Not Supported,Supported,Not Supported,,Supported,,,,,,,,,,,,,,,,,,,,,,,,,,,,,,,,,,,,,,,,,,,,,,,,,,,,,,,,,,,,,,,,,,,,,,,,,,,,,,,,,,,,,,,,,,,,,,,,,,,,,,,,,,,,
Standard_E4as_v6,AMD EPYC 9004 (Genoa) [x86-64],4,32,,,,,,,8,7600,180,20000,1250,7600,180,20000,1250,2,12500,Supported,Supported,Supported,Supported,Supported,Not Supported,Supported,Not Supported,,Supported,,,,,,,,,,,,,,,,,,,,,,,,,,,,,,,,,,,,,,,,,,,,,,,,,,,,,,,,,,,,,,,,,,,,,,,,,,,,,,,,,,,,,,,,,,,,,,,,,,,,,,,,,,,,
Standard_E8as_v6,AMD EPYC 9004 (Genoa) [x86-64],8,64,,,,,,,16,15200,360,20000,1250,15200,360,20000,1250,4,12500,Supported,Supported,Supported,Supported,Supported,Not Supported,Supported,Not Supported,,Supported,,,,,,,,,,,,,,,,,,,,,,,,,,,,,,,,,,,,,,,,,,,,,,,,,,,,,,,,,,,,,,,,,,,,,,,,,,,,,,,,,,,,,,,,,,,,,,,,,,,,,,,,,,,,
Standard_E16as_v6,AMD EPYC 9004 (Genoa) [x86-64],16,128,,,,,,,32,30400,720,40000,1250,30400,720,40000,1250,8,16000,Supported,Supported,Supported,Supported,Supported,Not Supported,Supported,Not Supported,,Supported,,,,,,,,,,,,,,,,,,,,,,,,,,,,,,,,,,,,,,,,,,,,,,,,,,,,,,,,,,,,,,,,,,,,,,,,,,,,,,,,,,,,,,,,,,,,,,,,,,,,,,,,,,,,
Standard_E20as_v6,AMD EPYC 9004 (Genoa) [x86-64],20,160,,,,,,,32,38000,900,64000,1600,38000,900,64000,1600,8,16000,Supported,Supported,Supported,Supported,Supported,Not Supported,Supported,Not Supported,,Supported,,,,,,,,,,,,,,,,,,,,,,,,,,,,,,,,,,,,,,,,,,,,,,,,,,,,,,,,,,,,,,,,,,,,,,,,,,,,,,,,,,,,,,,,,,,,,,,,,,,,,,,,,,,,
Standard_E32as_v6,AMD EPYC 9004 (Genoa) [x86-64],32,256,,,,,,,32,57600,1440,80000,1700,57600,1440,80000,1700,8,20000,Supported,Supported,Supported,Supported,Supported,Not Supported,Supported,Not Supported,,Supported,,,,,,,,,,,,,,,,,,,,,,,,,,,,,,,,,,,,,,,,,,,,,,,,,,,,,,,,,,,,,,,,,,,,,,,,,,,,,,,,,,,,,,,,,,,,,,,,,,,,,,,,,,,,
Standard_E48as_v6,AMD EPYC 9004 (Genoa) [x86-64],48,384,,,,,,,32,86400,2160,90000,2550,86400,2160,90000,2550,8,28000,Supported,Supported,Supported,Supported,Supported,Not Supported,Supported,Not Supported,,Supported,,,,,,,,,,,,,,,,,,,,,,,,,,,,,,,,,,,,,,,,,,,,,,,,,,,,,,,,,,,,,,,,,,,,,,,,,,,,,,,,,,,,,,,,,,,,,,,,,,,,,,,,,,,,
Standard_E64as_v6,AMD EPYC 9004 (Genoa) [x86-64],64,512,,,,,,,32,115200,2880,120000,3400,115200,2880,120000,3400,8,36000,Supported,Supported,Supported,Supported,Supported,Not Supported,Supported,Not Supported,,Supported,,,,,,,,,,,,,,,,,,,,,,,,,,,,,,,,,,,,,,,,,,,,,,,,,,,,,,,,,,,,,,,,,,,,,,,,,,,,,,,,,,,,,,,,,,,,,,,,,,,,,,,,,,,,
Standard_E96as_v6,AMD EPYC 9004 (Genoa) [x86-64],96,672,,,,,,,32,175000,4320,175000,5090,175000,4320,175000,5090,8,40000,Supported,Supported,Supported,Supported,Supported,Not Supported,Supported,Not Supported,,Supported,,,,,,,,,,,,,,,,,,,,,,,,,,,,,,,,,,,,,,,,,,,,,,,,,,,,,,,,,,,,,,,,,,,,,,,,,,,,,,,,,,,,,,,,,,,,,,,,,,,,,,,,,,,,
Standard_E2as_v7,AMD EPYC 9005 (Turin) [x86-64],2,16,,,,,,,10,4000,118,44000,1412,4400,136,48400,1653,2,16000,Supported,Supported,Supported,Supported,Supported,Not Supported,Supported,Not Supported,,Supported,,,,,,,,,,,,,,,,,,,,,,,,,,,,,,,,,,,,,,,,,,,,,,,,,,,,,,,,,,,,,,,,,,,,,,,,,,,,,,,,,,,,,,,,,,,,,,,,,,,,,,,,,,,,
Standard_E4as_v7,AMD EPYC 9005 (Turin) [x86-64],4,32,,,,,,,12,8000,234,47200,1412,8800,273,52083,1653,2,16000,Supported,Supported,Supported,Supported,Supported,Not Supported,Supported,Not Supported,,Supported,,,,,,,,,,,,,,,,,,,,,,,,,,,,,,,,,,,,,,,,,,,,,,,,,,,,,,,,,,,,,,,,,,,,,,,,,,,,,,,,,,,,,,,,,,,,,,,,,,,,,,,,,,,,
Standard_E8as_v7,AMD EPYC 9005 (Turin) [x86-64],8,64,,,,,,,26,16000,468,47200,1412,17600,547,52083,1653,4,25000,Supported,Supported,Supported,Supported,Supported,Not Supported,Supported,Not Supported,,Supported,,,,,,,,,,,,,,,,,,,,,,,,,,,,,,,,,,,,,,,,,,,,,,,,,,,,,,,,,,,,,,,,,,,,,,,,,,,,,,,,,,,,,,,,,,,,,,,,,,,,,,,,,,,,
Standard_E16as_v7,AMD EPYC 9005 (Turin) [x86-64],16,128,,,,,,,48,32000,936,72700,1412,35200,1095,80000,1653,8,25000,Supported,Supported,Supported,Supported,Supported,Not Supported,Supported,Not Supported,,Supported,,,,,,,,,,,,,,,,,,,,,,,,,,,,,,,,,,,,,,,,,,,,,,,,,,,,,,,,,,,,,,,,,,,,,,,,,,,,,,,,,,,,,,,,,,,,,,,,,,,,,,,,,,,,
Standard_E32as_v7,AMD EPYC 9005 (Turin) [x86-64],32,256,,,,,,,64,64000,1872,94400,1916,70400,2191,104167,2241,8,25000,Supported,Supported,Supported,Supported,Supported,Not Supported,Supported,Not Supported,,Supported,,,,,,,,,,,,,,,,,,,,,,,,,,,,,,,,,,,,,,,,,,,,,,,,,,,,,,,,,,,,,,,,,,,,,,,,,,,,,,,,,,,,,,,,,,,,,,,,,,,,,,,,,,,,
Standard_E48as_v7,AMD EPYC 9005 (Turin) [x86-64],48,384,,,,,,,64,96000,2808,99000,2874,105600,3291,108900,3362,8,35000,Supported,Supported,Supported,Supported,Supported,Not Supported,Supported,Not Supported,,Supported,,,,,,,,,,,,,,,,,,,,,,,,,,,,,,,,,,,,,,,,,,,,,,,,,,,,,,,,,,,,,,,,,,,,,,,,,,,,,,,,,,,,,,,,,,,,,,,,,,,,,,,,,,,,
Standard_E64as_v7,AMD EPYC 9005 (Turin) [x86-64],64,512,,,,,,,64,128000,3744,132000,3832,140800,4382,145200,4484,8,45000,Supported,Supported,Supported,Supported,Supported,Not Supported,Supported,Not Supported,,Supported,,,,,,,,,,,,,,,,,,,,,,,,,,,,,,,,,,,,,,,,,,,,,,,,,,,,,,,,,,,,,,,,,,,,,,,,,,,,,,,,,,,,,,,,,,,,,,,,,,,,,,,,,,,,
Standard_E96as_v7,AMD EPYC 9005 (Turin) [x86-64],96,768,,,,,,,64,192000,5663,192500,5749,211200,6573,211750,6669,8,70000,Supported,Supported,Supported,Supported,Supported,Not Supported,Supported,Not Supported,,Supported,,,,,,,,,,,,,,,,,,,,,,,,,,,,,,,,,,,,,,,,,,,,,,,,,,,,,,,,,,,,,,,,,,,,,,,,,,,,,,,,,,,,,,,,,,,,,,,,,,,,,,,,,,,,
Standard_E128as_v7,AMD EPYC 9005 (Turin) [x86-64],128,1024,,,,,,,64,204800,7488,225280,7663,281600,8764,310886,8966,15,75000,Supported,Supported,Supported,Supported,Supported,Not Supported,Supported,Not Supported,,Supported,,,,,,,,,,,,,,,,,,,,,,,,,,,,,,,,,,,,,,,,,,,,,,,,,,,,,,,,,,,,,,,,,,,,,,,,,,,,,,,,,,,,,,,,,,,,,,,,,,,,,,,,,,,,
Standard_E160as_v7,AMD EPYC 9005 (Turin) [x86-64],160,1280,,,,,,,64,212000,10344,242640,11410,310000,10356,355443,11450,15,80000,Supported,Supported,Supported,Supported,Supported,Not Supported,Supported,Not Supported,,Supported,,,,,,,,,,,,,,,,,,,,,,,,,,,,,,,,,,,,,,,,,,,,,,,,,,,,,,,,,,,,,,,,,,,,,,,,,,,,,,,,,,,,,,,,,,,,,,,,,,,,,,,,,,,,
Standard_E2a_v4,AMD EPYC 7452 (Rome) [x86-64] AMD EPYC 7763v (Milan) [x86-64],2,16,4,16,3000,46,,23,4,3200,48,4000,200,,,,,2,2000,Not Supported,Not Supported,Supported,Supported,Supported,Supported,Supported,Supported,,Not Supported,,,,,,,,,,,,,,,,,,,,,,,,,,,,,,,,,,,,,,,,,,,,,,,,,,,,,,,,,,,,,,,,,,,,,,,,,,,,,,,,,,,,,,,,,,,,,,,,,,,,,,,,,,,,
Standard_E4a_v4,AMD EPYC 7452 (Rome) [x86-64] AMD EPYC 7763v (Milan) [x86-64],4,32,8,32,6000,93,,46,8,6400,96,8000,200,,,,,2,4000,Not Supported,Not Supported,Supported,Supported,Supported,Supported,Supported,Supported,,Not Supported,,,,,,,,,,,,,,,,,,,,,,,,,,,,,,,,,,,,,,,,,,,,,,,,,,,,,,,,,,,,,,,,,,,,,,,,,,,,,,,,,,,,,,,,,,,,,,,,,,,,,,,,,,,,
Standard_E8a_v4,AMD EPYC 7452 (Rome) [x86-64] AMD EPYC 7763v (Milan) [x86-64],8,64,16,64,12000,187,,93,16,12800,192,16000,400,,,,,4,8000,Not Supported,Not Supported,Supported,Supported,Supported,Supported,Supported,Supported,,Not Supported,,,,,,,,,,,,,,,,,,,,,,,,,,,,,,,,,,,,,,,,,,,,,,,,,,,,,,,,,,,,,,,,,,,,,,,,,,,,,,,,,,,,,,,,,,,,,,,,,,,,,,,,,,,,
Standard_E16a_v4,AMD EPYC 7452 (Rome) [x86-64] AMD EPYC 7763v (Milan) [x86-64],16,128,32,128,24000,375,,187,32,25600,384,32000,800,,,,,8,10000,Not Supported,Not Supported,Supported,Supported,Supported,Supported,Supported,Supported,,Not Supported,,,,,,,,,,,,,,,,,,,,,,,,,,,,,,,,,,,,,,,,,,,,,,,,,,,,,,,,,,,,,,,,,,,,,,,,,,,,,,,,,,,,,,,,,,,,,,,,,,,,,,,,,,,,
Standard_E20a_v4,AMD EPYC 7452 (Rome) [x86-64] AMD EPYC 7763v (Milan) [x86-64],20,160,32,160,30000,468,,234,32,32000,480,40000,1000,,,,,8,12000,Not Supported,Not Supported,Supported,Supported,Supported,Supported,Supported,Supported,,Not Supported,,,,,,,,,,,,,,,,,,,,,,,,,,,,,,,,,,,,,,,,,,,,,,,,,,,,,,,,,,,,,,,,,,,,,,,,,,,,,,,,,,,,,,,,,,,,,,,,,,,,,,,,,,,,
Standard_E32a_v4,AMD EPYC 7452 (Rome) [x86-64] AMD EPYC 7763v (Milan) [x86-64],32,256,32,256,48000,750,,375,32,51200,768,64000,1600,,,,,8,16000,Not Supported,Not Supported,Supported,Supported,Supported,Supported,Supported,Supported,,Not Supported,,,,,,,,,,,,,,,,,,,,,,,,,,,,,,,,,,,,,,,,,,,,,,,,,,,,,,,,,,,,,,,,,,,,,,,,,,,,,,,,,,,,,,,,,,,,,,,,,,,,,,,,,,,,
Standard_E48a_v4,AMD EPYC 7452 (Rome) [x86-64] AMD EPYC 7763v (Milan) [x86-64],48,384,32,384,96000,1000,,500,32,76800,1148,80000,2000,,,,,8,24000,Not Supported,Not Supported,Supported,Supported,Supported,Supported,Supported,Supported,,Not Supported,,,,,,,,,,,,,,,,,,,,,,,,,,,,,,,,,,,,,,,,,,,,,,,,,,,,,,,,,,,,,,,,,,,,,,,,,,,,,,,,,,,,,,,,,,,,,,,,,,,,,,,,,,,,
Standard_E64a_v4,AMD EPYC 7452 (Rome) [x86-64] AMD EPYC 7763v (Milan) [x86-64],64,512,32,512,96000,1000,,500,32,80000,1200,80000,2000,,,,,8,32000,Not Supported,Not Supported,Supported,Supported,Supported,Supported,Supported,Supported,,Not Supported,,,,,,,,,,,,,,,,,,,,,,,,,,,,,,,,,,,,,,,,,,,,,,,,,,,,,,,,,,,,,,,,,,,,,,,,,,,,,,,,,,,,,,,,,,,,,,,,,,,,,,,,,,,,
Standard_E96a_v4,AMD EPYC 7452 (Rome) [x86-64] AMD EPYC 7763v (Milan) [x86-64],96,672,32,672,96000,1000,,500,32,80000,1200,80000,2000,,,,,8,32000,Not Supported,Not Supported,Supported,Supported,Supported,Supported,Supported,Supported,,Not Supported,,,,,,,,,,,,,,,,,,,,,,,,,,,,,,,,,,,,,,,,,,,,,,,,,,,,,,,,,,,,,,,,,,,,,,,,,,,,,,,,,,,,,,,,,,,,,,,,,,,,,,,,,,,,
Standard_E2bds_v6,Intel Xeon Platinum 8573C (Emerald Rapids) [x86-64],2,16,1,110,37500,180,15000,90,8,8800,253,30000,1200,13200,330,45000,1565,2,12500,Supported,Supported,Not Supported,Supported,Supported,Not Supported,Supported,Supported,,Supported,,,,,,,,,,,,,,,,,,,,,,Not Supported,Not Supported,,,,,,,,,,,,,,,,,,,,,,,,,,,,,,,,,,,,,,,,,,,,,,,,,,,,,,,,,,,,,,,,,,,,,,,,,,,,,,,,,,,,,
Standard_E4bds_v6,Intel Xeon Platinum 8573C (Emerald Rapids) [x86-64],4,32,1,220,75000,360,30000,180,12,17600,506,35000,1200,23540,660,46813,1565,2,12500,Supported,Supported,Not Supported,Supported,Supported,Not Supported,Supported,Supported,,Supported,,,,,,,,,,,,,,,,,,,,,,Not Supported,Not Supported,,,,,,,,,,,,,,,,,,,,,,,,,,,,,,,,,,,,,,,,,,,,,,,,,,,,,,,,,,,,,,,,,,,,,,,,,,,,,,,,,,,,,
Standard_E8bds_v6,Intel Xeon Platinum 8573C (Emerald Rapids) [x86-64],8,64,1,440,150000,720,60000,360,24,36300,1023,44000,1500,48620,1320,58933,1935,4,12500,Supported,Supported,Not Supported,Supported,Supported,Not Supported,Supported,Supported,,Supported,,,,,,,,,,,,,,,,,,,,,,Not Supported,Not Supported,,,,,,,,,,,,,,,,,,,,,,,,,,,,,,,,,,,,,,,,,,,,,,,,,,,,,,,,,,,,,,,,,,,,,,,,,,,,,,,,,,,,,
Standard_E16bds_v6,Intel Xeon Platinum 8573C (Emerald Rapids) [x86-64],16,128,2,440,300000,1440,120000,720,48,72600,1980,77000,2500,97240,2530,103133,3194,8,12500,Supported,Supported,Not Supported,Supported,Supported,Not Supported,Supported,Supported,,Supported,,,,,,,,,,,,,,,,,,,,,,Not Supported,Not Supported,,,,,,,,,,,,,,,,,,,,,,,,,,,,,,,,,,,,,,,,,,,,,,,,,,,,,,,,,,,,,,,,,,,,,,,,,,,,,,,,,,,,,
Standard_E32bds_v6,Intel Xeon Platinum 8573C (Emerald Rapids) [x86-64],32,256,4,440,600000,2880,240000,1440,64,143000,4070,154000,5000,191620,5280,206360,6486,8,16000,Supported,Supported,Not Supported,Supported,Supported,Not Supported,Supported,Supported,,Supported,,,,,,,,,,,,,,,,,,,,,,Not Supported,Not Supported,,,,,,,,,,,,,,,,,,,,,,,,,,,,,,,,,,,,,,,,,,,,,,,,,,,,,,,,,,,,,,,,,,,,,,,,,,,,,,,,,,,,,
Standard_E48bds_v6,Intel Xeon Platinum 8573C (Emerald Rapids) [x86-64],48,384,6,440,900000,4320,360000,2160,64,209000,6160,220000,7000,278630,8030,293295,9124,8,24000,Supported,Supported,Not Supported,Supported,Supported,Not Supported,Supported,Supported,,Supported,,,,,,,,,,,,,,,,,,,,,,Not Supported,Not Supported,,,,,,,,,,,,,,,,,,,,,,,,,,,,,,,,,,,,,,,,,,,,,,,,,,,,,,,,,,,,,,,,,,,,,,,,,,,,,,,,,,,,,
Standard_E64bds_v6,Intel Xeon Platinum 8573C (Emerald Rapids) [x86-64],64,512,4,880,1200000,5760,480000,2880,64,242000,6600,253000,8000,324280,8580,339020,10400,8,30000,Supported,Supported,Not Supported,Supported,Supported,Not Supported,Supported,Supported,,Supported,,,,,,,,,,,,,,,,,,,,,,Not Supported,Not Supported,,,,,,,,,,,,,,,,,,,,,,,,,,,,,,,,,,,,,,,,,,,,,,,,,,,,,,,,,,,,,,,,,,,,,,,,,,,,,,,,,,,,,
Standard_E96bds_v6,Intel Xeon Platinum 8573C (Emerald Rapids) [x86-64],96,768,6,880,1800000,8640,720000,4320,64,286000,8250,286000,10000,429000,9900,429000,12000,8,41000,Supported,Supported,Not Supported,Supported,Supported,Not Supported,Supported,Supported,,Supported,,,,,,,,,,,,,,,,,,,,,,Not Supported,Not Supported,,,,,,,,,,,,,,,,,,,,,,,,,,,,,,,,,,,,,,,,,,,,,,,,,,,,,,,,,,,,,,,,,,,,,,,,,,,,,,,,,,,,,
Standard_E128bds_v6,Intel Xeon Platinum 8573C (Emerald Rapids) [x86-64],128,1024,4,1760,2400000,11520,960000,5760,64,330000,10000,350000,11500,500000,12000,530303,13800,8,54000,Supported,Supported,Not Supported,Supported,Supported,Not Supported,Supported,Supported,,Supported,,,,,,,,,,,,,,,,,,,,,,Not Supported,Not Supported,,,,,,,,,,,,,,,,,,,,,,,,,,,,,,,,,,,,,,,,,,,,,,,,,,,,,,,,,,,,,,,,,,,,,,,,,,,,,,,,,,,,,
Standard_E192ibds_v6,Intel Xeon Platinum 8573C (Emerald Rapids) [x86-64],192,1832,6,1760,3600000,17280,1440000,8640,64,400000,14000,400000,14000,800000,14000,800000,14000,8,200000,Supported,Supported,Not Supported,Supported,Supported,Not Supported,Supported,Supported,,Supported,,,,,,,,,,,,,,,,,,,,,,Not Supported,Not Supported,,,,,,,,,,,,,,,,,,,,,,,,,,,,,,,,,,,,,,,,,,,,,,,,,,,,,,,,,,,,,,,,,,,,,,,,,,,,,,,,,,,,,
Standard_E2bs_v6,Intel Xeon Platinum 8573C (Emerald Rapids) [x86-64],2,16,,,,,,,8,8800,253,30000,1200,13200,330,45000,1565,2,12500,Supported,Supported,Not Supported,Supported,Supported,Not Supported,Supported,Not Supported,,Supported,,,,,,,,,,,,,,,,,,,,,,,,,,,,,,,,,,,,,,,,,,,,,,,,,,,,,,,,,,,,,,,,,,,,,,,,,,,,,,,,,,,,,,,,,,,,,,,,,,,,,,,,,,,,
Standard_E4bs_v6,Intel Xeon Platinum 8573C (Emerald Rapids) [x86-64],4,32,,,,,,,12,17600,506,35000,1200,23540,660,46813,1565,2,12500,Supported,Supported,Not Supported,Supported,Supported,Not Supported,Supported,Not Supported,,Supported,,,,,,,,,,,,,,,,,,,,,,,,,,,,,,,,,,,,,,,,,,,,,,,,,,,,,,,,,,,,,,,,,,,,,,,,,,,,,,,,,,,,,,,,,,,,,,,,,,,,,,,,,,,,
Standard_E8bs_v6,Intel Xeon Platinum 8573C (Emerald Rapids) [x86-64],8,64,,,,,,,24,36300,1023,44000,1500,48620,1320,58933,1935,4,12500,Supported,Supported,Not Supported,Supported,Supported,Not Supported,Supported,Not Supported,,Supported,,,,,,,,,,,,,,,,,,,,,,,,,,,,,,,,,,,,,,,,,,,,,,,,,,,,,,,,,,,,,,,,,,,,,,,,,,,,,,,,,,,,,,,,,,,,,,,,,,,,,,,,,,,,
Standard_E16bs_v6,Intel Xeon Platinum 8573C (Emerald Rapids) [x86-64],16,128,,,,,,,48,72600,1980,77000,2500,97240,2530,103133,3194,8,12500,Supported,Supported,Not Supported,Supported,Supported,Not Supported,Supported,Not Supported,,Supported,,,,,,,,,,,,,,,,,,,,,,,,,,,,,,,,,,,,,,,,,,,,,,,,,,,,,,,,,,,,,,,,,,,,,,,,,,,,,,,,,,,,,,,,,,,,,,,,,,,,,,,,,,,,
Standard_E32bs_v6,Intel Xeon Platinum 8573C (Emerald Rapids) [x86-64],32,256,,,,,,,64,143000,4070,154000,5000,191620,5280,206360,6486,8,16000,Supported,Supported,Not Supported,Supported,Supported,Not Supported,Supported,Not Supported,,Supported,,,,,,,,,,,,,,,,,,,,,,,,,,,,,,,,,,,,,,,,,,,,,,,,,,,,,,,,,,,,,,,,,,,,,,,,,,,,,,,,,,,,,,,,,,,,,,,,,,,,,,,,,,,,
Standard_E48bs_v6,Intel Xeon Platinum 8573C (Emerald Rapids) [x86-64],48,384,,,,,,,64,209000,6160,220000,7000,278630,8030,293295,9124,8,24000,Supported,Supported,Not Supported,Supported,Supported,Not Supported,Supported,Not Supported,,Supported,,,,,,,,,,,,,,,,,,,,,,,,,,,,,,,,,,,,,,,,,,,,,,,,,,,,,,,,,,,,,,,,,,,,,,,,,,,,,,,,,,,,,,,,,,,,,,,,,,,,,,,,,,,,
Standard_E64bs_v6,Intel Xeon Platinum 8573C (Emerald Rapids) [x86-64],64,512,,,,,,,64,242000,6600,253000,8000,324280,8580,339020,10400,8,30000,Supported,Supported,Not Supported,Supported,Supported,Not Supported,Supported,Not Supported,,Supported,,,,,,,,,,,,,,,,,,,,,,,,,,,,,,,,,,,,,,,,,,,,,,,,,,,,,,,,,,,,,,,,,,,,,,,,,,,,,,,,,,,,,,,,,,,,,,,,,,,,,,,,,,,,
Standard_E96bs_v6,Intel Xeon Platinum 8573C (Emerald Rapids) [x86-64],96,768,,,,,,,64,286000,8250,286000,10000,429000,9900,429000,12000,8,41000,Supported,Supported,Not Supported,Supported,Supported,Not Supported,Supported,Not Supported,,Supported,,,,,,,,,,,,,,,,,,,,,,,,,,,,,,,,,,,,,,,,,,,,,,,,,,,,,,,,,,,,,,,,,,,,,,,,,,,,,,,,,,,,,,,,,,,,,,,,,,,,,,,,,,,,
Standard_E128bs_v6,Intel Xeon Platinum 8573C (Emerald Rapids) [x86-64],128,1024,,,,,,,64,330000,10000,350000,11500,500000,12000,530303,13800,8,54000,Supported,Supported,Not Supported,Supported,Supported,Not Supported,Supported,Not Supported,,Supported,,,,,,,,,,,,,,,,,,,,,,,,,,,,,,,,,,,,,,,,,,,,,,,,,,,,,,,,,,,,,,,,,,,,,,,,,,,,,,,,,,,,,,,,,,,,,,,,,,,,,,,,,,,,
Standard_E192ibs_v6,Intel Xeon Platinum 8573C (Emerald Rapids) [x86-64],192,1832,,,,,,,64,400000,14000,400000,14000,800000,14000,800000,14000,8,200000,Supported,Supported,Not Supported,Supported,Supported,Not Supported,Supported,Not Supported,,Supported,,,,,,,,,,,,,,,,,,,,,,,,,,,,,,,,,,,,,,,,,,,,,,,,,,,,,,,,,,,,,,,,,,,,,,,,,,,,,,,,,,,,,,,,,,,,,,,,,,,,,,,,,,,,
Standard_EC2ads_v6,AMD EPYC™ 9004 (Genoa) [x86-64],2,16,1,75,9000,125,,,,,,,,,,,,2,12500,Supported,Supported,Not Supported,Not Supported,Supported,Not Supported,Not Supported,Supported,Supported,Not Supported,,,,,,,,,,,,,,,,,,,,,,,,,,,,,,,,,,,,,,,,,,,,,,,,,,,,,,,,,,,,,,,,,,,,,,,,,,,,,,,,,,,,,,,,,,,,,,,,,,,,,,,,,,,,
Standard_EC4ads_v6,AMD EPYC™ 9004 (Genoa) [x86-64],4,32,1,150,19000,250,,,,,,,,,,,,2,12500,Supported,Supported,Not Supported,Not Supported,Supported,Not Supported,Not Supported,Supported,Supported,Not Supported,,,,,,,,,,,,,,,,,,,,,,,,,,,,,,,,,,,,,,,,,,,,,,,,,,,,,,,,,,,,,,,,,,,,,,,,,,,,,,,,,,,,,,,,,,,,,,,,,,,,,,,,,,,,
Standard_EC8ads_v6,AMD EPYC™ 9004 (Genoa) [x86-64],8,64,1,300,38000,500,,,,,,,,,,,,4,12500,Supported,Supported,Not Supported,Not Supported,Supported,Not Supported,Not Supported,Supported,Supported,Not Supported,,,,,,,,,,,,,,,,,,,,,,,,,,,,,,,,,,,,,,,,,,,,,,,,,,,,,,,,,,,,,,,,,,,,,,,,,,,,,,,,,,,,,,,,,,,,,,,,,,,,,,,,,,,,
Standard_EC16ads_v6,AMD EPYC™ 9004 (Genoa) [x86-64],16,128,1,600,75000,1000,,,,,,,,,,,,8,12500,Supported,Supported,Not Supported,Not Supported,Supported,Not Supported,Not Supported,Supported,Supported,Not Supported,,,,,,,,,,,,,,,,,,,,,,,,,,,,,,,,,,,,,,,,,,,,,,,,,,,,,,,,,,,,,,,,,,,,,,,,,,,,,,,,,,,,,,,,,,,,,,,,,,,,,,,,,,,,
Standard_EC32ads_v6,AMD EPYC™ 9004 (Genoa) [x86-64],32,256,1,1200,150000,2000,,,,,,,,,,,,8,16000,Supported,Supported,Not Supported,Not Supported,Supported,Not Supported,Not Supported,Supported,Supported,Not Supported,,,,,,,,,,,,,,,,,,,,,,,,,,,,,,,,,,,,,,,,,,,,,,,,,,,,,,,,,,,,,,,,,,,,,,,,,,,,,,,,,,,,,,,,,,,,,,,,,,,,,,,,,,,,
Standard_EC48ads_v6,AMD EPYC™ 9004 (Genoa) [x86-64],48,384,1,1800,225000,3000,,,,,,,,,,,,8,24000,Supported,Supported,Not Supported,Not Supported,Supported,Not Supported,Not Supported,Supported,Supported,Not Supported,,,,,,,,,,,,,,,,,,,,,,,,,,,,,,,,,,,,,,,,,,,,,,,,,,,,,,,,,,,,,,,,,,,,,,,,,,,,,,,,,,,,,,,,,,,,,,,,,,,,,,,,,,,,
Standard_EC64ads_v6,AMD EPYC™ 9004 (Genoa) [x86-64],64,512,1,2400,300000,4000,,,,,,,,,,,,8,30000,Supported,Supported,Not Supported,Not Supported,Supported,Not Supported,Not Supported,Supported,Supported,Not Supported,,,,,,,,,,,,,,,,,,,,,,,,,,,,,,,,,,,,,,,,,,,,,,,,,,,,,,,,,,,,,,,,,,,,,,,,,,,,,,,,,,,,,,,,,,,,,,,,,,,,,,,,,,,,
Standard_EC96ads_v6,AMD EPYC™ 9004 (Genoa) [x86-64],96,672,1,3600,450000,4000,,,,,,,,,,,,8,34000,Supported,Supported,Not Supported,Not Supported,Supported,Not Supported,Not Supported,Supported,Supported,Not Supported,,,,,,,,,,,,,,,,,,,,,,,,,,,,,,,,,,,,,,,,,,,,,,,,,,,,,,,,,,,,,,,,,,,,,,,,,,,,,,,,,,,,,,,,,,,,,,,,,,,,,,,,,,,,
Standard_EC2as_v6,AMD EPYC™ 9004 (Genoa) [x86-64],2,16,,,,,,,,,,,,,,,,2,12500,Supported,Supported,Not Supported,Not Supported,Supported,Not Supported,Not Supported,Supported,,Not Supported,,,,,,,,,,,,,,,,,,,,,,,,,,,,,,,,,,,,,,,,,,,,,,,,,,,,,,,,,,,,,,,,,,,,,,,,,,,,,,,,,,,,,,,,,,,,,,,,,,,,,,,,,,,,
Standard_EC4as_v6,AMD EPYC™ 9004 (Genoa) [x86-64],4,32,,,,,,,,,,,,,,,,2,12500,Supported,Supported,Not Supported,Not Supported,Supported,Not Supported,Not Supported,Supported,,Not Supported,,,,,,,,,,,,,,,,,,,,,,,,,,,,,,,,,,,,,,,,,,,,,,,,,,,,,,,,,,,,,,,,,,,,,,,,,,,,,,,,,,,,,,,,,,,,,,,,,,,,,,,,,,,,
Standard_EC8as_v6,AMD EPYC™ 9004 (Genoa) [x86-64],8,64,,,,,,,,,,,,,,,,4,12500,Supported,Supported,Not Supported,Not Supported,Supported,Not Supported,Not Supported,Supported,,Not Supported,,,,,,,,,,,,,,,,,,,,,,,,,,,,,,,,,,,,,,,,,,,,,,,,,,,,,,,,,,,,,,,,,,,,,,,,,,,,,,,,,,,,,,,,,,,,,,,,,,,,,,,,,,,,
Standard_EC16as_v6,AMD EPYC™ 9004 (Genoa) [x86-64],16,128,,,,,,,,,,,,,,,,8,12500,Supported,Supported,Not Supported,Not Supported,Supported,Not Supported,Not Supported,Supported,,Not Supported,,,,,,,,,,,,,,,,,,,,,,,,,,,,,,,,,,,,,,,,,,,,,,,,,,,,,,,,,,,,,,,,,,,,,,,,,,,,,,,,,,,,,,,,,,,,,,,,,,,,,,,,,,,,
Standard_EC32as_v6,AMD EPYC™ 9004 (Genoa) [x86-64],32,256,,,,,,,,,,,,,,,,8,16000,Supported,Supported,Not Supported,Not Supported,Supported,Not Supported,Not Supported,Supported,,Not Supported,,,,,,,,,,,,,,,,,,,,,,,,,,,,,,,,,,,,,,,,,,,,,,,,,,,,,,,,,,,,,,,,,,,,,,,,,,,,,,,,,,,,,,,,,,,,,,,,,,,,,,,,,,,,
Standard_EC48as_v6,AMD EPYC™ 9004 (Genoa) [x86-64],48,384,,,,,,,,,,,,,,,,8,24000,Supported,Supported,Not Supported,Not Supported,Supported,Not Supported,Not Supported,Supported,,Not Supported,,,,,,,,,,,,,,,,,,,,,,,,,,,,,,,,,,,,,,,,,,,,,,,,,,,,,,,,,,,,,,,,,,,,,,,,,,,,,,,,,,,,,,,,,,,,,,,,,,,,,,,,,,,,
Standard_EC64as_v6,AMD EPYC™ 9004 (Genoa) [x86-64],64,512,,,,,,,,,,,,,,,,8,30000,Supported,Supported,Not Supported,Not Supported,Supported,Not Supported,Not Supported,Supported,,Not Supported,,,,,,,,,,,,,,,,,,,,,,,,,,,,,,,,,,,,,,,,,,,,,,,,,,,,,,,,,,,,,,,,,,,,,,,,,,,,,,,,,,,,,,,,,,,,,,,,,,,,,,,,,,,,
Standard_EC96as_v6,AMD EPYC™ 9004 (Genoa) [x86-64],96,672,,,,,,,,,,,,,,,,8,34000,Supported,Supported,Not Supported,Not Supported,Supported,Not Supported,Not Supported,Supported,,Not Supported,,,,,,,,,,,,,,,,,,,,,,,,,,,,,,,,,,,,,,,,,,,,,,,,,,,,,,,,,,,,,,,,,,,,,,,,,,,,,,,,,,,,,,,,,,,,,,,,,,,,,,,,,,,,
Standard_E2ds_v4,Intel Xeon Platinum 8370C (Ice Lake) [x86-64] Intel Xeon Platinum 8272CL (Cascade Lake) [x86-64] Intel Xeon Platinum 8573C (Emerald Rapids) [x86-64],2,16,1,75,9000,125,,,4,3200,48,4000,200,,,,,2,5000,Supported,Supported,Supported,Supported,Supported,Supported,Supported,Supported,,Supported,,,,,,,,,,,,,,,,Supported,,,,,,,,,,,,,,,,,,,,,,,,,,,,,,,,,,,,,,,,,,,,,,,,,,,,,,,,,,,,,,,,,,,,,,,,,,,,,,,,,,,,,,,,,,,,
Standard_E4ds_v4,Intel Xeon Platinum 8370C (Ice Lake) [x86-64] Intel Xeon Platinum 8272CL (Cascade Lake) [x86-64] Intel Xeon Platinum 8573C (Emerald Rapids) [x86-64],4,32,1,150,19000,250,,,8,6400,96,8000,200,,,,,2,10000,Supported,Supported,Supported,Supported,Supported,Supported,Supported,Supported,,Supported,,,,,,,,,,,,,,,,Supported,,,,,,,,,,,,,,,,,,,,,,,,,,,,,,,,,,,,,,,,,,,,,,,,,,,,,,,,,,,,,,,,,,,,,,,,,,,,,,,,,,,,,,,,,,,,
Standard_E8ds_v4,Intel Xeon Platinum 8370C (Ice Lake) [x86-64] Intel Xeon Platinum 8272CL (Cascade Lake) [x86-64] Intel Xeon Platinum 8573C (Emerald Rapids) [x86-64],8,64,1,300,38000,500,,,16,12800,192,16000,400,,,,,4,12500,Supported,Supported,Supported,Supported,Supported,Supported,Supported,Supported,,Supported,,,,,,,,,,,,,,,,Supported,,,,,,,,,,,,,,,,,,,,,,,,,,,,,,,,,,,,,,,,,,,,,,,,,,,,,,,,,,,,,,,,,,,,,,,,,,,,,,,,,,,,,,,,,,,,
Standard_E16ds_v4,Intel Xeon Platinum 8370C (Ice Lake) [x86-64] Intel Xeon Platinum 8272CL (Cascade Lake) [x86-64] Intel Xeon Platinum 8573C (Emerald Rapids) [x86-64],16,128,1,600,75000,1000,,,32,25600,384,32000,800,,,,,8,12500,Supported,Supported,Supported,Supported,Supported,Supported,Supported,Supported,,Supported,,,,,,,,,,,,,,,,Supported,,,,,,,,,,,,,,,,,,,,,,,,,,,,,,,,,,,,,,,,,,,,,,,,,,,,,,,,,,,,,,,,,,,,,,,,,,,,,,,,,,,,,,,,,,,,
Standard_E20ds_v4,Intel Xeon Platinum 8370C (Ice Lake) [x86-64] Intel Xeon Platinum 8272CL (Cascade Lake) [x86-64] Intel Xeon Platinum 8573C (Emerald Rapids) [x86-64],20,160,1,750,94000,1250,,,32,32000,480,40000,1000,,,,,8,16000,Supported,Supported,Supported,Supported,Supported,Supported,Supported,Supported,,Supported,,,,,,,,,,,,,,,,Supported,,,,,,,,,,,,,,,,,,,,,,,,,,,,,,,,,,,,,,,,,,,,,,,,,,,,,,,,,,,,,,,,,,,,,,,,,,,,,,,,,,,,,,,,,,,,
Standard_E32ds_v4,Intel Xeon Platinum 8370C (Ice Lake) [x86-64] Intel Xeon Platinum 8272CL (Cascade Lake) [x86-64] Intel Xeon Platinum 8573C (Emerald Rapids) [x86-64],32,256,1,1200,150000,2000,,,32,51200,768,64000,1600,,,,,8,16000,Supported,Supported,Supported,Supported,Supported,Supported,Supported,Supported,,Supported,,,,,,,,,,,,,,,,Supported,,,,,,,,,,,,,,,,,,,,,,,,,,,,,,,,,,,,,,,,,,,,,,,,,,,,,,,,,,,,,,,,,,,,,,,,,,,,,,,,,,,,,,,,,,,,
Standard_E48ds_v4,Intel Xeon Platinum 8370C (Ice Lake) [x86-64] Intel Xeon Platinum 8272CL (Cascade Lake) [x86-64] Intel Xeon Platinum 8573C (Emerald Rapids) [x86-64],48,384,1,1800,225000,3000,,,32,76800,1152,80000,2000,,,,,8,24000,Supported,Supported,Supported,Supported,Supported,Supported,Supported,Supported,,Supported,,,,,,,,,,,,,,,,Supported,,,,,,,,,,,,,,,,,,,,,,,,,,,,,,,,,,,,,,,,,,,,,,,,,,,,,,,,,,,,,,,,,,,,,,,,,,,,,,,,,,,,,,,,,,,,
Standard_E64ds_v4,Intel Xeon Platinum 8370C (Ice Lake) [x86-64] Intel Xeon Platinum 8272CL (Cascade Lake) [x86-64] Intel Xeon Platinum 8573C (Emerald Rapids) [x86-64],64,504,1,2400,300000,4000,,,32,80000,1200,80000,2000,,,,,8,30000,Supported,Supported,Supported,Supported,Supported,Supported,Supported,Supported,,Supported,,,,,,,,,,,,,,,,Supported,,,,,,,,,,,,,,,,,,,,,,,,,,,,,,,,,,,,,,,,,,,,,,,,,,,,,,,,,,,,,,,,,,,,,,,,,,,,,,,,,,,,,,,,,,,,
Standard_E80ids_v4,Intel Xeon Platinum 8370C (Ice Lake) [x86-64] Intel Xeon Platinum 8272CL (Cascade Lake) [x86-64] Intel Xeon Platinum 8573C (Emerald Rapids) [x86-64],80,504,1,2400,375000,4000,,,64,80000,1500,80000,2000,,,,,8,30000,Supported,Supported,Supported,Supported,Supported,Supported,Supported,Supported,,Supported,,,,,,,,,,,,,,,,Supported,,,,,,,,,,,,,,,,,,,,,,,,,,,,,,,,,,,,,,,,,,,,,,,,,,,,,,,,,,,,,,,,,,,,,,,,,,,,,,,,,,,,,,,,,,,,
Standard_E2ds_v5,Intel Xeon Platinum 8370C (Ice Lake) [x86-64] Intel Xeon Platinum 8573C (Emerald Rapids) [x86-64],2,16,1,75,9000,125,,,4,3750,85,10000,1200,,,,,2,12500,Supported,Supported,Supported,Supported,Supported,Supported,Supported,Supported,,Supported,,,,,,,,,,,,,,,,Supported,,,,,,,,,,,,,,,,,,,,,,,,,,,,,,,,,,,,,,,,,,,,,,,,,,,,,,,,,,,,,,,,,,,,,,,,,,,,,,,,,,,,,,,,,,,,
Standard_E4ds_v5,Intel Xeon Platinum 8370C (Ice Lake) [x86-64] Intel Xeon Platinum 8573C (Emerald Rapids) [x86-64],4,32,1,150,19000,250,,,8,6400,145,20000,1200,,,,,2,12500,Supported,Supported,Supported,Supported,Supported,Supported,Supported,Supported,,Supported,,,,,,,,,,,,,,,,Supported,,,,,,,,,,,,,,,,,,,,,,,,,,,,,,,,,,,,,,,,,,,,,,,,,,,,,,,,,,,,,,,,,,,,,,,,,,,,,,,,,,,,,,,,,,,,
Standard_E8ds_v5,Intel Xeon Platinum 8370C (Ice Lake) [x86-64] Intel Xeon Platinum 8573C (Emerald Rapids) [x86-64],8,64,1,300,38000,500,,,16,12800,290,20000,1200,,,,,4,12500,Supported,Supported,Supported,Supported,Supported,Supported,Supported,Supported,,Supported,,,,,,,,,,,,,,,,Supported,,,,,,,,,,,,,,,,,,,,,,,,,,,,,,,,,,,,,,,,,,,,,,,,,,,,,,,,,,,,,,,,,,,,,,,,,,,,,,,,,,,,,,,,,,,,
Standard_E16ds_v5,Intel Xeon Platinum 8370C (Ice Lake) [x86-64] Intel Xeon Platinum 8573C (Emerald Rapids) [x86-64],16,128,1,600,75000,1000,,,32,25600,600,40000,1200,,,,,8,12500,Supported,Supported,Supported,Supported,Supported,Supported,Supported,Supported,,Supported,,,,,,,,,,,,,,,,Supported,,,,,,,,,,,,,,,,,,,,,,,,,,,,,,,,,,,,,,,,,,,,,,,,,,,,,,,,,,,,,,,,,,,,,,,,,,,,,,,,,,,,,,,,,,,,
Standard_E20ds_v5,Intel Xeon Platinum 8370C (Ice Lake) [x86-64] Intel Xeon Platinum 8573C (Emerald Rapids) [x86-64],20,160,1,750,94000,1250,,,32,32000,750,64000,1600,,,,,8,12500,Supported,Supported,Supported,Supported,Supported,Supported,Supported,Supported,,Supported,,,,,,,,,,,,,,,,Supported,,,,,,,,,,,,,,,,,,,,,,,,,,,,,,,,,,,,,,,,,,,,,,,,,,,,,,,,,,,,,,,,,,,,,,,,,,,,,,,,,,,,,,,,,,,,
Standard_E32ds_v5,Intel Xeon Platinum 8370C (Ice Lake) [x86-64] Intel Xeon Platinum 8573C (Emerald Rapids) [x86-64],32,256,1,1200,150000,2000,,,32,51200,865,80000,2000,,,,,8,16000,Supported,Supported,Supported,Supported,Supported,Supported,Supported,Supported,,Supported,,,,,,,,,,,,,,,,Supported,,,,,,,,,,,,,,,,,,,,,,,,,,,,,,,,,,,,,,,,,,,,,,,,,,,,,,,,,,,,,,,,,,,,,,,,,,,,,,,,,,,,,,,,,,,,
Standard_E48ds_v5,Intel Xeon Platinum 8370C (Ice Lake) [x86-64] Intel Xeon Platinum 8573C (Emerald Rapids) [x86-64],48,384,1,1800,225000,3000,,,32,76800,1315,80000,3000,,,,,8,24000,Supported,Supported,Supported,Supported,Supported,Supported,Supported,Supported,,Supported,,,,,,,,,,,,,,,,Supported,,,,,,,,,,,,,,,,,,,,,,,,,,,,,,,,,,,,,,,,,,,,,,,,,,,,,,,,,,,,,,,,,,,,,,,,,,,,,,,,,,,,,,,,,,,,
Standard_E64ds_v5,Intel Xeon Platinum 8370C (Ice Lake) [x86-64] Intel Xeon Platinum 8573C (Emerald Rapids) [x86-64],64,512,1,2400,375000,4000,,,32,80000,1735,80000,3000,,,,,8,30000,Supported,Supported,Supported,Supported,Supported,Supported,Supported,Supported,,Supported,,,,,,,,,,,,,,,,Supported,,,,,,,,,,,,,,,,,,,,,,,,,,,,,,,,,,,,,,,,,,,,,,,,,,,,,,,,,,,,,,,,,,,,,,,,,,,,,,,,,,,,,,,,,,,,
Standard_E96ds_v5,Intel Xeon Platinum 8370C (Ice Lake) [x86-64] Intel Xeon Platinum 8573C (Emerald Rapids) [x86-64],96,672,1,3600,450000,4000,,,32,80000,2600,80000,4000,,,,,8,35000,Supported,Supported,Supported,Supported,Supported,Supported,Supported,Supported,,Supported,,,,,,,,,,,,,,,,Supported,,,,,,,,,,,,,,,,,,,,,,,,,,,,,,,,,,,,,,,,,,,,,,,,,,,,,,,,,,,,,,,,,,,,,,,,,,,,,,,,,,,,,,,,,,,,
Standard_E104ids_v5,Intel Xeon Platinum 8370C (Ice Lake) [x86-64] Intel Xeon Platinum 8573C (Emerald Rapids) [x86-64],104,672,1,3800,450000,4000,,,64,120000,4000,120000,4000,,,,,8,100000,Supported,Supported,Supported,Supported,Supported,Supported,Supported,Supported,,Supported,,,,,,,,,,,,,,,,Supported,,,,,,,,,,,,,,,,,,,,,,,,,,,,,,,,,,,,,,,,,,,,,,,,,,,,,,,,,,,,,,,,,,,,,,,,,,,,,,,,,,,,,,,,,,,,
Standard_E2ds_v6,Intel Xeon Platinum 8573C (Emerald Rapids) [x86-64],2,16,1,110,37500,180,15000,90,8,3750,106,40000,1250,4167,124,44444,1463,2,12500,Supported,Supported,Supported,Supported,Supported,Not Supported,Supported,Supported,Supported,Supported,,,,,,,,,,,,,,,,,,,,,,Not Supported,Not Supported,,,,,,,,,,,,,,,,,,,,,,,,,,,,,,,,,,,,,,,,,,,,,,,,,,,,,,,,,,,,,,,,,,,,,,,,,,,,,,,,,,,,,
Standard_E4ds_v6,Intel Xeon Platinum 8573C (Emerald Rapids) [x86-64],4,32,1,220,75000,360,30000,180,12,6400,212,40000,1250,8333,248,52083,1463,2,12500,Supported,Supported,Supported,Supported,Supported,Not Supported,Supported,Supported,Supported,Supported,,,,,,,,,,,,,,,,,,,,,,Not Supported,Not Supported,,,,,,,,,,,,,,,,,,,,,,,,,,,,,,,,,,,,,,,,,,,,,,,,,,,,,,,,,,,,,,,,,,,,,,,,,,,,,,,,,,,,,
Standard_E8ds_v6,Intel Xeon Platinum 8573C (Emerald Rapids) [x86-64],8,64,1,440,150000,720,60000,360,24,12800,424,40000,1250,16667,496,52083,1463,4,12500,Supported,Supported,Supported,Supported,Supported,Not Supported,Supported,Supported,Supported,Supported,,,,,,,,,,,,,,,,,,,,,,Not Supported,Not Supported,,,,,,,,,,,,,,,,,,,,,,,,,,,,,,,,,,,,,,,,,,,,,,,,,,,,,,,,,,,,,,,,,,,,,,,,,,,,,,,,,,,,,
Standard_E16ds_v6,Intel Xeon Platinum 8573C (Emerald Rapids) [x86-64],16,128,2,440,300000,1440,120000,720,48,25600,848,40000,1250,33333,992,52083,1463,8,12500,Supported,Supported,Supported,Supported,Supported,Not Supported,Supported,Supported,Supported,Supported,,,,,,,,,,,,,,,,,,,,,,Not Supported,Not Supported,,,,,,,,,,,,,,,,,,,,,,,,,,,,,,,,,,,,,,,,,,,,,,,,,,,,,,,,,,,,,,,,,,,,,,,,,,,,,,,,,,,,,
Standard_E20ds_v6,Intel Xeon Platinum 8573C (Emerald Rapids) [x86-64],20,160,2,550,375000,1800,150000,900,48,32000,1060,64000,1600,41667,1240,83333,1872,8,12500,Supported,Supported,Supported,Supported,Supported,Not Supported,Supported,Supported,Supported,Supported,,,,,,,,,,,,,,,,,,,,,,Not Supported,Not Supported,,,,,,,,,,,,,,,,,,,,,,,,,,,,,,,,,,,,,,,,,,,,,,,,,,,,,,,,,,,,,,,,,,,,,,,,,,,,,,,,,,,,,
Standard_E32ds_v6,Intel Xeon Platinum 8573C (Emerald Rapids) [x86-64],32,256,4,440,600000,2880,240000,1440,64,51200,1696,80000,1696,66667,1984,104167,1984,8,16000,Supported,Supported,Supported,Supported,Supported,Not Supported,Supported,Supported,Supported,Supported,,,,,,,,,,,,,,,,,,,,,,Not Supported,Not Supported,,,,,,,,,,,,,,,,,,,,,,,,,,,,,,,,,,,,,,,,,,,,,,,,,,,,,,,,,,,,,,,,,,,,,,,,,,,,,,,,,,,,,
Standard_E48ds_v6,Intel Xeon Platinum 8573C (Emerald Rapids) [x86-64],48,384,6,440,900000,4320,360000,2160,64,76800,2544,80000,2544,100000,2976,104167,2976,8,24000,Supported,Supported,Supported,Supported,Supported,Not Supported,Supported,Supported,Supported,Supported,,,,,,,,,,,,,,,,,,,,,,Not Supported,Not Supported,,,,,,,,,,,,,,,,,,,,,,,,,,,,,,,,,,,,,,,,,,,,,,,,,,,,,,,,,,,,,,,,,,,,,,,,,,,,,,,,,,,,,
Standard_E64ds_v6,Intel Xeon Platinum 8573C (Emerald Rapids) [x86-64],64,512,4,880,1200000,5760,480000,2880,64,102400,3392,102400,3392,133333,3969,133333,3969,8,30000,Supported,Supported,Supported,Supported,Supported,Not Supported,Supported,Supported,Supported,Supported,,,,,,,,,,,,,,,,,,,,,,Not Supported,Not Supported,,,,,,,,,,,,,,,,,,,,,,,,,,,,,,,,,,,,,,,,,,,,,,,,,,,,,,,,,,,,,,,,,,,,,,,,,,,,,,,,,,,,,
Standard_E96ds_v6,Intel Xeon Platinum 8573C (Emerald Rapids) [x86-64],96,768,6,880,1800000,8640,720000,4320,64,153600,5088,153600,5088,200000,5953,200000,5953,8,41000,Supported,Supported,Supported,Supported,Supported,Not Supported,Supported,Supported,Supported,Supported,,,,,,,,,,,,,,,,,,,,,,Not Supported,Not Supported,,,,,,,,,,,,,,,,,,,,,,,,,,,,,,,,,,,,,,,,,,,,,,,,,,,,,,,,,,,,,,,,,,,,,,,,,,,,,,,,,,,,,
Standard_E128ds_v6,Intel Xeon Platinum 8573C (Emerald Rapids) [x86-64],128,1024,4,1760,2400000,11520,960000,5760,64,204800,6782,204800,6782,266667,7935,266667,7935,8,54000,Supported,Supported,Supported,Supported,Supported,Not Supported,Supported,Supported,Supported,Supported,,,,,,,,,,,,,,,,,,,,,,Not Supported,Not Supported,,,,,,,,,,,,,,,,,,,,,,,,,,,,,,,,,,,,,,,,,,,,,,,,,,,,,,,,,,,,,,,,,,,,,,,,,,,,,,,,,,,,,
Standard_E192ids_v6,Intel Xeon Platinum 8573C (Emerald Rapids) [x86-64],192,1832,6,1760,3600000,17280,1440000,8640,64,360000,17280,1440000,8640,400000,12000,400000,12000,8,200000,Supported,Supported,Supported,Supported,Supported,Not Supported,Supported,Supported,Supported,Supported,,,,,,,,,,,,,,,,,,,,,,Not Supported,Not Supported,,,,,,,,,,,,,,,,,,,,,,,,,,,,,,,,,,,,,,,,,,,,,,,,,,,,,,,,,,,,,,,,,,,,,,,,,,,,,,,,,,,,,
Standard_E2ds_v7,Intel@ Xeon® 6 6973P-C (Granite Rapids) [x86-64],2,,1,110,,,,,10,"4,000",,"45,000",,"5,000",,"56,250",,3,,Supported,Supported,Supported,Supported,Supported,Not Supported,Supported,,,Supported,,,,,,,"16,000",,,,,,,115,"1,410",,,,,135,"1,640",,,,,,,,,,,,,,,,16,"50,000",,,140,,,,,,,,,,280,"25,000",,,,,,,,,,,,,,,,,,,,,,,,,,,,,,,,,,,,,,,,,,,,,,,,,,,,,,,,
Standard_E4ds_v7,Intel@ Xeon® 6 6973P-C (Granite Rapids) [x86-64],4,,1,220,,,,,12,"8,000",,"45,000",,"10,000",,"56,250",,4,,Supported,Supported,Supported,Supported,Supported,Not Supported,Supported,,,Supported,,,,,,,"25,000",,,,,,,230,"1,410",,,,,270,"1,640",,,,,,,,,,,,,,,,32,"100,000",,,280,,,,,,,,,,560,"50,000",,,,,,,,,,,,,,,,,,,,,,,,,,,,,,,,,,,,,,,,,,,,,,,,,,,,,,,,
Standard_E8ds_v7,Intel@ Xeon® 6 6973P-C (Granite Rapids) [x86-64],8,,1,440,,,,,26,"16,000",,"45,000",,"20,000",,"56,250",,4,,Supported,Supported,Supported,Supported,Supported,Not Supported,Supported,,,Supported,,,,,,,"25,000",,,,,,,460,"1,410",,,,,540,"1,640",,,,,,,,,,,,,,,,64,"200,000",,,560,,,,,,,,,,"1,120","100,000",,,,,,,,,,,,,,,,,,,,,,,,,,,,,,,,,,,,,,,,,,,,,,,,,,,,,,,,
Standard_E16ds_v7,Intel@ Xeon® 6 6973P-C (Granite Rapids) [x86-64],16,,2,440,,,,,48,"32,000",,"75,000",,"40,000",,"93,750",,8,,Supported,Supported,Supported,Supported,Supported,Not Supported,Supported,,,Supported,,,,,,,"25,000",,,,,,,940,"1,410",,,,,"1,080","1,640",,,,,,,,,,,,,,,,128,"400,000",,,"1,120",,,,,,,,,,"2,240","200,000",,,,,,,,,,,,,,,,,,,,,,,,,,,,,,,,,,,,,,,,,,,,,,,,,,,,,,,,
Standard_E20ds_v7,Intel@ Xeon® 6 6973P-C (Granite Rapids) [x86-64],20,,2,550,,,,,48,"40,000",,"75,000",,"50,000",,"93,750",,8,,Supported,Supported,Supported,Supported,Supported,Not Supported,Supported,,,Supported,,,,,,,"25,000",,,,,,,"1,150","1,410",,,,,"1,350","1,640",,,,,,,,,,,,,,,,160,"500,000",,,"1,400",,,,,,,,,,"2,800","250,000",,,,,,,,,,,,,,,,,,,,,,,,,,,,,,,,,,,,,,,,,,,,,,,,,,,,,,,,
Standard_E32ds_v7,Intel@ Xeon® 6 6973P-C (Granite Rapids) [x86-64],32,,4,440,,,,,64,"64,000",,"100,000",,"80,000",,"125,000",,8,,Supported,Supported,Supported,Supported,Supported,Not Supported,Supported,,,Supported,,,,,,,"25,000",,,,,,,"1,885","1,915",,,,,"2,160","2,225",,,,,,,,,,,,,,,,256,"800,000",,,"2,240",,,,,,,,,,"4,480","400,000",,,,,,,,,,,,,,,,,,,,,,,,,,,,,,,,,,,,,,,,,,,,,,,,,,,,,,,,
Standard_E48ds_v7,Intel@ Xeon® 6 6973P-C (Granite Rapids) [x86-64],48,,6,440,,,,,64,"96,000",,"160,000",,"120,000",,"200,000",,8,,Supported,Supported,Supported,Supported,Supported,Not Supported,Supported,,,Supported,,,,,,,"35,000",,,,,,,"2,830","2,875",,,,,"3,285","3,335",,,,,,,,,,,,,,,,384,"1,200,000",,,"3,360",,,,,,,,,,"6,720","600,000",,,,,,,,,,,,,,,,,,,,,,,,,,,,,,,,,,,,,,,,,,,,,,,,,,,,,,,,
Standard_E64ds_v7,Intel@ Xeon® 6 6973P-C (Granite Rapids) [x86-64],64,,4,880,,,,,64,"128,000",,"160,000",,"160,000",,"200,000",,15,,Supported,Supported,Supported,Supported,Supported,Not Supported,Supported,,,Supported,,,,,,,"45,000",,,,,,,"3,775","3,830",,,,,"4,320","4,450",,,,,,,,,,,,,,,,512,"1,600,000",,,"4,480",,,,,,,,,,"8,960","800,000",,,,,,,,,,,,,,,,,,,,,,,,,,,,,,,,,,,,,,,,,,,,,,,,,,,,,,,,
Standard_E96ds_v7,Intel@ Xeon® 6 6973P-C (Granite Rapids) [x86-64],96,,6,880,,,,,64,"192,000",,"200,000",,"240,000",,"205,000",,15,,Supported,Supported,Supported,Supported,Supported,Not Supported,Supported,,,Supported,,,,,,,"70,000",,,,,,,"5,665","5,745",,,,,"6,570","6,675",,,,,,,,,,,,,,,,768,"2,400,000",,,"6,720",,,,,,,,,,"13,440","1,200,000",,,,,,,,,,,,,,,,,,,,,,,,,,,,,,,,,,,,,,,,,,,,,,,,,,,,,,,,
Standard_E128ds_v7,Intel@ Xeon® 6 6973P-C (Granite Rapids) [x86-64],128,,4,"1,760",,,,,64,"204,800",,"225,280",,"320,000",,"352,000",,15,,Supported,Supported,Supported,Supported,Supported,Not Supported,Supported,,,Supported,,,,,,,"85,000",,,,,,,"7,550","7,660",,,,,"8,640","8,895",,,,,,,,,,,,,,,,"1,024","3,200,000",,,"8,960",,,,,,,,,,"17,920","1,600,000",,,,,,,,,,,,,,,,,,,,,,,,,,,,,,,,,,,,,,,,,,,,,,,,,,,,,,,,
Standard_E192ds_v7,Intel@ Xeon® 6 6973P-C (Granite Rapids) [x86-64],192,,6,"1,760",,,,,64,"307,200",,"350,000",,"480,000",,"546,875",,15,,Supported,Supported,Supported,Supported,Supported,Not Supported,Supported,,,Supported,,,,,,,"100,000",,,,,,,"11,325","12,000",,,,,"13,140","13,930",,,,,,,,,,,,,,,,"1,536","4,800,000",,,"13,440",,,,,,,,,,"26,880","2,400,000",,,,,,,,,,,,,,,,,,,,,,,,,,,,,,,,,,,,,,,,,,,,,,,,,,,,,,,,
*Standard_E248ds_v7,Intel@ Xeon® 6 6973P-C (Granite Rapids) [x86-64],248,,5,"2,816",,,,,64,"396,800",,"500,000",,"620,000",,"781,250",,15,,Supported,Supported,Supported,Supported,Supported,Not Supported,Supported,,,Supported,,,,,,,"150,000",,,,,,,"13,145","15,000",,,,,"16,740","19,385",,,,,,,,,,,,,,,,"1,888","6,400,000",,,"17,000",,,,,,,,,,"35,840","3,200,000",,,,,,,,,,,,,,,,,,,,,,,,,,,,,,,,,,,,,,,,,,,,,,,,,,,,,,,,
*Standard_E372ids_v7,Intel@ Xeon® 6 6973P-C (Granite Rapids) [x86-64],372,,6,"3,520",,,,,64,"500,000",,"500,000",,"800,000",,"800,000",,15,,Supported,Supported,Supported,Supported,Supported,Not Supported,Supported,,,Supported,,,,,,,"400,000",,,,,,,"16,000","16,000",,,,,"20,000","20,000",,,,,,,,,,,,,,,,"2,832","9,600,000",,,"20,400",,,,,,,,,,"53,760","4,800,000",,,,,,,,,,,,,,,,,,,,,,,,,,,,,,,,,,,,,,,,,,,,,,,,,,,,,,,,
Standard_E2d_v4,Intel Xeon Platinum 8370C (Ice Lake) [x86-64] Intel Xeon Platinum 8272CL (Cascade Lake) [x86-64] Intel Xeon Platinum 8573C (Emerald Rapids) [x86-64],2,16,1,75,9000,125,,,4,3200,48,4000,200,,,,,2,5000,Not Supported,Not Supported,Supported,Supported,Supported,Supported,Supported,Not Supported,,Supported,,,,,,,,,,,,,,,,Supported,,,,,,,,,,,,,,,,,,,,,,,,,,,,,,,,,,,,,,,,,,,,,,,,,,,,,,,,,,,,,,,,,,,,,,,,,,,,,,,,,,,,,,,,,,,,
Standard_E4d_v4,Intel Xeon Platinum 8370C (Ice Lake) [x86-64] Intel Xeon Platinum 8272CL (Cascade Lake) [x86-64] Intel Xeon Platinum 8573C (Emerald Rapids) [x86-64],4,32,1,150,19000,250,,,8,6400,96,8000,200,,,,,2,10000,Not Supported,Not Supported,Supported,Supported,Supported,Supported,Supported,Not Supported,,Supported,,,,,,,,,,,,,,,,Supported,,,,,,,,,,,,,,,,,,,,,,,,,,,,,,,,,,,,,,,,,,,,,,,,,,,,,,,,,,,,,,,,,,,,,,,,,,,,,,,,,,,,,,,,,,,,
Standard_E8d_v4,Intel Xeon Platinum 8370C (Ice Lake) [x86-64] Intel Xeon Platinum 8272CL (Cascade Lake) [x86-64] Intel Xeon Platinum 8573C (Emerald Rapids) [x86-64],8,64,1,300,38000,500,,,16,12800,192,16000,400,,,,,4,12500,Not Supported,Not Supported,Supported,Supported,Supported,Supported,Supported,Not Supported,,Supported,,,,,,,,,,,,,,,,Supported,,,,,,,,,,,,,,,,,,,,,,,,,,,,,,,,,,,,,,,,,,,,,,,,,,,,,,,,,,,,,,,,,,,,,,,,,,,,,,,,,,,,,,,,,,,,
Standard_E16d_v4,Intel Xeon Platinum 8370C (Ice Lake) [x86-64] Intel Xeon Platinum 8272CL (Cascade Lake) [x86-64] Intel Xeon Platinum 8573C (Emerald Rapids) [x86-64],16,128,1,600,75000,1000,,,32,25600,384,32000,800,,,,,8,12500,Not Supported,Not Supported,Supported,Supported,Supported,Supported,Supported,Not Supported,,Supported,,,,,,,,,,,,,,,,Supported,,,,,,,,,,,,,,,,,,,,,,,,,,,,,,,,,,,,,,,,,,,,,,,,,,,,,,,,,,,,,,,,,,,,,,,,,,,,,,,,,,,,,,,,,,,,
Standard_E20d_v4,Intel Xeon Platinum 8370C (Ice Lake) [x86-64] Intel Xeon Platinum 8272CL (Cascade Lake) [x86-64] Intel Xeon Platinum 8573C (Emerald Rapids) [x86-64],20,160,1,750,94000,1250,,,32,32000,480,40000,1000,,,,,8,16000,Not Supported,Not Supported,Supported,Supported,Supported,Supported,Supported,Not Supported,,Supported,,,,,,,,,,,,,,,,Supported,,,,,,,,,,,,,,,,,,,,,,,,,,,,,,,,,,,,,,,,,,,,,,,,,,,,,,,,,,,,,,,,,,,,,,,,,,,,,,,,,,,,,,,,,,,,
Standard_E32d_v4,Intel Xeon Platinum 8370C (Ice Lake) [x86-64] Intel Xeon Platinum 8272CL (Cascade Lake) [x86-64] Intel Xeon Platinum 8573C (Emerald Rapids) [x86-64],32,256,1,1200,150000,2000,,,32,51200,768,64000,1600,,,,,8,16000,Not Supported,Not Supported,Supported,Supported,Supported,Supported,Supported,Not Supported,,Supported,,,,,,,,,,,,,,,,Supported,,,,,,,,,,,,,,,,,,,,,,,,,,,,,,,,,,,,,,,,,,,,,,,,,,,,,,,,,,,,,,,,,,,,,,,,,,,,,,,,,,,,,,,,,,,,
Standard_E48d_v4,Intel Xeon Platinum 8370C (Ice Lake) [x86-64] Intel Xeon Platinum 8272CL (Cascade Lake) [x86-64] Intel Xeon Platinum 8573C (Emerald Rapids) [x86-64],48,384,1,1800,225000,3000,,,32,76800,1152,80000,2000,,,,,8,24000,Not Supported,Not Supported,Supported,Supported,Supported,Supported,Supported,Not Supported,,Supported,,,,,,,,,,,,,,,,Supported,,,,,,,,,,,,,,,,,,,,,,,,,,,,,,,,,,,,,,,,,,,,,,,,,,,,,,,,,,,,,,,,,,,,,,,,,,,,,,,,,,,,,,,,,,,,
Standard_E64d_v4,Intel Xeon Platinum 8370C (Ice Lake) [x86-64] Intel Xeon Platinum 8272CL (Cascade Lake) [x86-64] Intel Xeon Platinum 8573C (Emerald Rapids) [x86-64],64,504,1,2400,300000,4000,,,32,80000,1200,80000,2000,,,,,8,30000,Not Supported,Not Supported,Supported,Supported,Supported,Supported,Supported,Not Supported,,Supported,,,,,,,,,,,,,,,,Supported,,,,,,,,,,,,,,,,,,,,,,,,,,,,,,,,,,,,,,,,,,,,,,,,,,,,,,,,,,,,,,,,,,,,,,,,,,,,,,,,,,,,,,,,,,,,
Standard_E2d_v5,Intel Xeon Platinum 8370C (Ice Lake) [x86-64] Intel Xeon Platinum 8573C (Emerald Rapids) [x86-64],2,16,1,75,9000,125,,,4,3750,85,10000,1200,,,,,2,12500,Not Supported,Not Supported,Supported,Supported,Supported,Supported,Supported,Supported,,Supported,,,,,,,,,,,,,,,,Supported,,,,,,,,,,,,,,,,,,,,,,,,,,,,,,,,,,,,,,,,,,,,,,,,,,,,,,,,,,,,,,,,,,,,,,,,,,,,,,,,,,,,,,,,,,,,
Standard_E4d_v5,Intel Xeon Platinum 8370C (Ice Lake) [x86-64] Intel Xeon Platinum 8573C (Emerald Rapids) [x86-64],4,32,1,150,19000,250,,,8,6400,145,20000,1200,,,,,2,12500,Not Supported,Not Supported,Supported,Supported,Supported,Supported,Supported,Supported,,Supported,,,,,,,,,,,,,,,,Supported,,,,,,,,,,,,,,,,,,,,,,,,,,,,,,,,,,,,,,,,,,,,,,,,,,,,,,,,,,,,,,,,,,,,,,,,,,,,,,,,,,,,,,,,,,,,
Standard_E8d_v5,Intel Xeon Platinum 8370C (Ice Lake) [x86-64] Intel Xeon Platinum 8573C (Emerald Rapids) [x86-64],8,64,1,300,38000,500,,,16,12800,290,20000,1200,,,,,4,12500,Not Supported,Not Supported,Supported,Supported,Supported,Supported,Supported,Supported,,Supported,,,,,,,,,,,,,,,,Supported,,,,,,,,,,,,,,,,,,,,,,,,,,,,,,,,,,,,,,,,,,,,,,,,,,,,,,,,,,,,,,,,,,,,,,,,,,,,,,,,,,,,,,,,,,,,
Standard_E16d_v5,Intel Xeon Platinum 8370C (Ice Lake) [x86-64] Intel Xeon Platinum 8573C (Emerald Rapids) [x86-64],16,128,1,600,75000,1000,,,32,25600,600,40000,1200,,,,,8,12500,Not Supported,Not Supported,Supported,Supported,Supported,Supported,Supported,Supported,,Supported,,,,,,,,,,,,,,,,Supported,,,,,,,,,,,,,,,,,,,,,,,,,,,,,,,,,,,,,,,,,,,,,,,,,,,,,,,,,,,,,,,,,,,,,,,,,,,,,,,,,,,,,,,,,,,,
Standard_E20d_v5,Intel Xeon Platinum 8370C (Ice Lake) [x86-64] Intel Xeon Platinum 8573C (Emerald Rapids) [x86-64],20,160,1,750,94000,1250,,,32,32000,750,64000,1600,,,,,8,12500,Not Supported,Not Supported,Supported,Supported,Supported,Supported,Supported,Supported,,Supported,,,,,,,,,,,,,,,,Supported,,,,,,,,,,,,,,,,,,,,,,,,,,,,,,,,,,,,,,,,,,,,,,,,,,,,,,,,,,,,,,,,,,,,,,,,,,,,,,,,,,,,,,,,,,,,
Standard_E32d_v5,Intel Xeon Platinum 8370C (Ice Lake) [x86-64] Intel Xeon Platinum 8573C (Emerald Rapids) [x86-64],32,256,1,1200,150000,2000,,,32,51200,865,80000,2000,,,,,8,16000,Not Supported,Not Supported,Supported,Supported,Supported,Supported,Supported,Supported,,Supported,,,,,,,,,,,,,,,,Supported,,,,,,,,,,,,,,,,,,,,,,,,,,,,,,,,,,,,,,,,,,,,,,,,,,,,,,,,,,,,,,,,,,,,,,,,,,,,,,,,,,,,,,,,,,,,
Standard_E48d_v5,Intel Xeon Platinum 8370C (Ice Lake) [x86-64] Intel Xeon Platinum 8573C (Emerald Rapids) [x86-64],48,384,1,1800,225000,3000,,,32,76800,1315,80000,3000,,,,,8,24000,Not Supported,Not Supported,Supported,Supported,Supported,Supported,Supported,Supported,,Supported,,,,,,,,,,,,,,,,Supported,,,,,,,,,,,,,,,,,,,,,,,,,,,,,,,,,,,,,,,,,,,,,,,,,,,,,,,,,,,,,,,,,,,,,,,,,,,,,,,,,,,,,,,,,,,,
Standard_E64d_v5,Intel Xeon Platinum 8370C (Ice Lake) [x86-64] Intel Xeon Platinum 8573C (Emerald Rapids) [x86-64],64,512,1,2400,300000,4000,,,32,80000,1735,80000,3000,,,,,8,30000,Not Supported,Not Supported,Supported,Supported,Supported,Supported,Supported,Supported,,Supported,,,,,,,,,,,,,,,,Supported,,,,,,,,,,,,,,,,,,,,,,,,,,,,,,,,,,,,,,,,,,,,,,,,,,,,,,,,,,,,,,,,,,,,,,,,,,,,,,,,,,,,,,,,,,,,
Standard_E96d_v5,Intel Xeon Platinum 8370C (Ice Lake) [x86-64] Intel Xeon Platinum 8573C (Emerald Rapids) [x86-64],96,672,1,3600,450000,4000,,,32,80000,2600,80000,4000,,,,,8,35000,Not Supported,Not Supported,Supported,Supported,Supported,Supported,Supported,Supported,,Supported,,,,,,,,,,,,,,,,Supported,,,,,,,,,,,,,,,,,,,,,,,,,,,,,,,,,,,,,,,,,,,,,,,,,,,,,,,,,,,,,,,,,,,,,,,,,,,,,,,,,,,,,,,,,,,,
Standard_E104id_v52,Intel Xeon Platinum 8370C (Ice Lake) [x86-64] Intel Xeon Platinum 8573C (Emerald Rapids) [x86-64],104,672,1,3800,450000,4000,,,64,120000,4000,120000,4000,,,,,8,100000,Not Supported,Not Supported,Supported,Supported,Supported,Supported,Supported,Supported,,Supported,,,,,,,,,,,,,,,,Supported,,,,,,,,,,,,,,,,,,,,,,,,,,,,,,,,,,,,,,,,,,,,,,,,,,,,,,,,,,,,,,,,,,,,,,,,,,,,,,,,,,,,,,,,,,,,
Standard_E2nds_v6,Intel Xeon Platinum 8573C (Emerald Rapids) [x86-64],2,16,1,110,,,,,,,,,,,,,,4,25000,Supported,Supported,Not Supported,Supported,Supported,Not Supported,Supported,Supported,Supported,Supported,,,,,,,,,,,,,,,,,,,,,,,,,,,,,,,,,,,,,,,,,,,,,,,,,,,,,,,,,,,,,,,,,,,,,,,,,,,,,,,,,,,,,,,,37500,180,15000,90,,,,,,,,,,,,,,,,,
Standard_E4nds_v6,Intel Xeon Platinum 8573C (Emerald Rapids) [x86-64],4,32,1,220,,,,,,,,,,,,,,4,30000,Supported,Supported,Not Supported,Supported,Supported,Not Supported,Supported,Supported,Supported,Supported,,,,,,,,,,,,,,,,,,,,,,,,,,,,,,,,,,,,,,,,,,,,,,,,,,,,,,,,,,,,,,,,,,,,,,,,,,,,,,,,,,,,,,,,75000,360,30000,180,,,,,,,,,,,,,,,,,
Standard_E8nds_v6,Intel Xeon Platinum 8573C (Emerald Rapids) [x86-64],8,64,1,440,,,,,,,,,,,,,,8,40000,Supported,Supported,Not Supported,Supported,Supported,Not Supported,Supported,Supported,Supported,Supported,,,,,,,,,,,,,,,,,,,,,,,,,,,,,,,,,,,,,,,,,,,,,,,,,,,,,,,,,,,,,,,,,,,,,,,,,,,,,,,,,,,,,,,,150000,720,60000,360,,,,,,,,,,,,,,,,,
Standard_E16nds_v6,Intel Xeon Platinum 8573C (Emerald Rapids) [x86-64],16,128,2,440,,,,,,,,,,,,,,8,50000,Supported,Supported,Not Supported,Supported,Supported,Not Supported,Supported,Supported,Supported,Supported,,,,,,,,,,,,,,,,,,,,,,,,,,,,,,,,,,,,,,,,,,,,,,,,,,,,,,,,,,,,,,,,,,,,,,,,,,,,,,,,,,,,,,,,300000,1440,120000,720,,,,,,,,,,,,,,,,,
Standard_E32nds_v6,Intel Xeon Platinum 8573C (Emerald Rapids) [x86-64],32,256,4,440,,,,,,,,,,,,,,8,50000,Supported,Supported,Not Supported,Supported,Supported,Not Supported,Supported,Supported,Supported,Supported,,,,,,,,,,,,,,,,,,,,,,,,,,,,,,,,,,,,,,,,,,,,,,,,,,,,,,,,,,,,,,,,,,,,,,,,,,,,,,,,,,,,,,,,600000,2880,240000,1440,,,,,,,,,,,,,,,,,
Standard_E48nds_v6,Intel Xeon Platinum 8573C (Emerald Rapids) [x86-64],48,384,6,440,,,,,,,,,,,,,,8,75000,Supported,Supported,Not Supported,Supported,Supported,Not Supported,Supported,Supported,Supported,Supported,,,,,,,,,,,,,,,,,,,,,,,,,,,,,,,,,,,,,,,,,,,,,,,,,,,,,,,,,,,,,,,,,,,,,,,,,,,,,,,,,,,,,,,,900000,4320,360000,2160,,,,,,,,,,,,,,,,,
Standard_E64nds_v6,Intel Xeon Platinum 8573C (Emerald Rapids) [x86-64],64,512,4,880,,,,,,,,,,,,,,8,100000,Supported,Supported,Not Supported,Supported,Supported,Not Supported,Supported,Supported,Supported,Supported,,,,,,,,,,,,,,,,,,,,,,,,,,,,,,,,,,,,,,,,,,,,,,,,,,,,,,,,,,,,,,,,,,,,,,,,,,,,,,,,,,,,,,,,1200000,5760,480000,2880,,,,,,,,,,,,,,,,,
Standard_E96nds_v6,Intel Xeon Platinum 8573C (Emerald Rapids) [x86-64],96,768,6,880,,,,,,,,,,,,,,15,150000,Supported,Supported,Not Supported,Supported,Supported,Not Supported,Supported,Supported,Supported,Supported,,,,,,,,,,,,,,,,,,,,,,,,,,,,,,,,,,,,,,,,,,,,,,,,,,,,,,,,,,,,,,,,,,,,,,,,,,,,,,,,,,,,,,,,1800000,8640,720000,4320,,,,,,,,,,,,,,,,,
Standard_E128nds_v6,Intel Xeon Platinum 8573C (Emerald Rapids) [x86-64],128,1024,4,1760,,,,,,,,,,,,,,15,200000,Supported,Supported,Not Supported,Supported,Supported,Not Supported,Supported,Supported,Supported,Supported,,,,,,,,,,,,,,,,,,,,,,,,,,,,,,,,,,,,,,,,,,,,,,,,,,,,,,,,,,,,,,,,,,,,,,,,,,,,,,,,,,,,,,,,2400000,11520,960000,5760,,,,,,,,,,,,,,,,,
Standard_E2ns_v6,Intel Xeon Platinum 8573C (Emerald Rapids) [x86-64],2,16,,,,,,,,,,,,,,,,4,25000,Supported,Supported,Not Supported,Supported,Supported,Not Supported,Supported,Not Supported,,Supported,,,,,,,,,,,,,,,,,,,,,,,,,,,,,,,,,,,,,,,,,,,,,,,,,,,,,,,,,,,,,,,,,,,,,,,,,,,,,,,,,,,,,,,,,,,,,,,,,,,,,,,,,,,,
Standard_E4ns_v6,Intel Xeon Platinum 8573C (Emerald Rapids) [x86-64],4,32,,,,,,,,,,,,,,,,4,30000,Supported,Supported,Not Supported,Supported,Supported,Not Supported,Supported,Not Supported,,Supported,,,,,,,,,,,,,,,,,,,,,,,,,,,,,,,,,,,,,,,,,,,,,,,,,,,,,,,,,,,,,,,,,,,,,,,,,,,,,,,,,,,,,,,,,,,,,,,,,,,,,,,,,,,,
Standard_E8ns_v6,Intel Xeon Platinum 8573C (Emerald Rapids) [x86-64],8,64,,,,,,,,,,,,,,,,8,40000,Supported,Supported,Not Supported,Supported,Supported,Not Supported,Supported,Not Supported,,Supported,,,,,,,,,,,,,,,,,,,,,,,,,,,,,,,,,,,,,,,,,,,,,,,,,,,,,,,,,,,,,,,,,,,,,,,,,,,,,,,,,,,,,,,,,,,,,,,,,,,,,,,,,,,,
Standard_E16ns_v6,Intel Xeon Platinum 8573C (Emerald Rapids) [x86-64],16,128,,,,,,,,,,,,,,,,8,50000,Supported,Supported,Not Supported,Supported,Supported,Not Supported,Supported,Not Supported,,Supported,,,,,,,,,,,,,,,,,,,,,,,,,,,,,,,,,,,,,,,,,,,,,,,,,,,,,,,,,,,,,,,,,,,,,,,,,,,,,,,,,,,,,,,,,,,,,,,,,,,,,,,,,,,,
Standard_E32ns_v6,Intel Xeon Platinum 8573C (Emerald Rapids) [x86-64],32,256,,,,,,,,,,,,,,,,8,50000,Supported,Supported,Not Supported,Supported,Supported,Not Supported,Supported,Not Supported,,Supported,,,,,,,,,,,,,,,,,,,,,,,,,,,,,,,,,,,,,,,,,,,,,,,,,,,,,,,,,,,,,,,,,,,,,,,,,,,,,,,,,,,,,,,,,,,,,,,,,,,,,,,,,,,,
Standard_E48ns_v6,Intel Xeon Platinum 8573C (Emerald Rapids) [x86-64],48,384,,,,,,,,,,,,,,,,8,75000,Supported,Supported,Not Supported,Supported,Supported,Not Supported,Supported,Not Supported,,Supported,,,,,,,,,,,,,,,,,,,,,,,,,,,,,,,,,,,,,,,,,,,,,,,,,,,,,,,,,,,,,,,,,,,,,,,,,,,,,,,,,,,,,,,,,,,,,,,,,,,,,,,,,,,,
Standard_E64ns_v6,Intel Xeon Platinum 8573C (Emerald Rapids) [x86-64],64,512,,,,,,,,,,,,,,,,8,100000,Supported,Supported,Not Supported,Supported,Supported,Not Supported,Supported,Not Supported,,Supported,,,,,,,,,,,,,,,,,,,,,,,,,,,,,,,,,,,,,,,,,,,,,,,,,,,,,,,,,,,,,,,,,,,,,,,,,,,,,,,,,,,,,,,,,,,,,,,,,,,,,,,,,,,,
Standard_E96ns_v6,Intel Xeon Platinum 8573C (Emerald Rapids) [x86-64],96,768,,,,,,,,,,,,,,,,15,150000,Supported,Supported,Not Supported,Supported,Supported,Not Supported,Supported,Not Supported,,Supported,,,,,,,,,,,,,,,,,,,,,,,,,,,,,,,,,,,,,,,,,,,,,,,,,,,,,,,,,,,,,,,,,,,,,,,,,,,,,,,,,,,,,,,,,,,,,,,,,,,,,,,,,,,,
Standard_E128ns_v6,Intel Xeon Platinum 8573C (Emerald Rapids) [x86-64],128,1024,,,,,,,,,,,,,,,,15,200000,Supported,Supported,Not Supported,Supported,Supported,Not Supported,Supported,Not Supported,,Supported,,,,,,,,,,,,,,,,,,,,,,,,,,,,,,,,,,,,,,,,,,,,,,,,,,,,,,,,,,,,,,,,,,,,,,,,,,,,,,,,,,,,,,,,,,,,,,,,,,,,,,,,,,,,
Standard_E2pds_v5,Ampere Altra   [ARM-64],2,16,1,75,9375,125,,,4,3750,85,10000,1200,,,,,2,12500,Supported,Supported,Supported,Supported,Supported,Not Supported,Supported,Supported,,Not Supported,,,,,,,,,,,,,,,,Supported,,,,,,,,,,,,,,,,,,,,,,,,,,,,,,,,,,,,,,,,,,,,,,,,,,,,,,,,,,,,,,,,,,,,,,,,,,,,,,,,,,,,,,,,,,,,
Standard_E4pds_v5,Ampere Altra   [ARM-64],4,32,1,150,19000,250,,,8,6400,145,20000,1200,,,,,2,12500,Supported,Supported,Supported,Supported,Supported,Not Supported,Supported,Supported,,Not Supported,,,,,,,,,,,,,,,,Supported,,,,,,,,,,,,,,,,,,,,,,,,,,,,,,,,,,,,,,,,,,,,,,,,,,,,,,,,,,,,,,,,,,,,,,,,,,,,,,,,,,,,,,,,,,,,
Standard_E8pds_v5,Ampere Altra   [ARM-64],8,64,1,300,38000,500,,,16,12800,290,20000,1200,,,,,4,12500,Supported,Supported,Supported,Supported,Supported,Not Supported,Supported,Supported,,Not Supported,,,,,,,,,,,,,,,,Supported,,,,,,,,,,,,,,,,,,,,,,,,,,,,,,,,,,,,,,,,,,,,,,,,,,,,,,,,,,,,,,,,,,,,,,,,,,,,,,,,,,,,,,,,,,,,
Standard_E16pds_v5,Ampere Altra   [ARM-64],16,128,1,600,75000,1000,,,32,25600,600,40000,1200,,,,,4,12500,Supported,Supported,Supported,Supported,Supported,Not Supported,Supported,Supported,,Not Supported,,,,,,,,,,,,,,,,Supported,,,,,,,,,,,,,,,,,,,,,,,,,,,,,,,,,,,,,,,,,,,,,,,,,,,,,,,,,,,,,,,,,,,,,,,,,,,,,,,,,,,,,,,,,,,,
Standard_E20pds_v5,Ampere Altra   [ARM-64],20,160,1,750,95000,1250,,,32,32000,750,64000,1600,,,,,8,12500,Supported,Supported,Supported,Supported,Supported,Not Supported,Supported,Supported,,Not Supported,,,,,,,,,,,,,,,,Supported,,,,,,,,,,,,,,,,,,,,,,,,,,,,,,,,,,,,,,,,,,,,,,,,,,,,,,,,,,,,,,,,,,,,,,,,,,,,,,,,,,,,,,,,,,,,
Standard_E32pds_v5,Ampere Altra   [ARM-64],32,208,1,1200,150000,2000,,,32,51200,865,80000,2000,,,,,8,16000,Supported,Supported,Supported,Supported,Supported,Not Supported,Supported,Supported,,Not Supported,,,,,,,,,,,,,,,,Supported,,,,,,,,,,,,,,,,,,,,,,,,,,,,,,,,,,,,,,,,,,,,,,,,,,,,,,,,,,,,,,,,,,,,,,,,,,,,,,,,,,,,,,,,,,,,
Standard_E2pds_v6,Azure Cobalt 100 [ARM-64],2,,1,,,,,,,3750,106,10000,1250,4163,124,11100,1463,2,12500,Supported,Supported,Supported,Supported,,,Supported,,Supported,Not Supported,,,,,,,,Generation 2,Supported,,,,,,,,110,37500,,,,Not Supported,Not Supported,,,,,,,,,,15000,,,,16,,,,,,,,,8,,,,,,,,,,,,,,,,,,,,,,,,,,,,,,,,,,,,,,,,90,180,,,,,,,,,,,,,,,,,,,,,
Standard_E4pds_v6,Azure Cobalt 100 [ARM-64],4,,1,,,,,,,6400,212,20000,1250,8333,248,26040,1463,2,12500,Supported,Supported,Supported,Supported,,,Supported,,Supported,Not Supported,,,,,,,,Generation 2,Supported,,,,,,,,220,75000,,,,Not Supported,Not Supported,,,,,,,,,,30000,,,,32,,,,,,,,,12,,,,,,,,,,,,,,,,,,,,,,,,,,,,,,,,,,,,,,,,180,360,,,,,,,,,,,,,,,,,,,,,
Standard_E8pds_v6,Azure Cobalt 100 [ARM-64],8,,1,,,,,,,12800,424,20000,1250,16666,496,26040,1463,4,15000,Supported,Supported,Supported,Supported,,,Supported,,Supported,Not Supported,,,,,,,,Generation 2,Supported,,,,,,,,440,150000,,,,Not Supported,Not Supported,,,,,,,,,,60000,,,,64,,,,,,,,,24,,,,,,,,,,,,,,,,,,,,,,,,,,,,,,,,,,,,,,,,360,720,,,,,,,,,,,,,,,,,,,,,
Standard_E16pds_v6,Azure Cobalt 100 [ARM-64],16,,2,,,,,,,25600,848,40000,1250,33331,992,52080,1463,8,15000,Supported,Supported,Supported,Supported,,,Supported,,Supported,Not Supported,,,,,,,,Generation 2,Supported,,,,,,,,440,300000,,,,Not Supported,Not Supported,,,,,,,,,,120000,,,,128,,,,,,,,,48,,,,,,,,,,,,,,,,,,,,,,,,,,,,,,,,,,,,,,,,720,1440,,,,,,,,,,,,,,,,,,,,,
Standard_E32pds_v6,Azure Cobalt 100 [ARM-64],32,,4,,,,,,,51200,1696,80000,2000,66662,1984,104160,2340,8,20000,Supported,Supported,Supported,Supported,,,Supported,,Supported,Not Supported,,,,,,,,Generation 2,Supported,,,,,,,,440,600000,,,,Not Supported,Not Supported,,,,,,,,,,240000,,,,256,,,,,,,,,64,,,,,,,,,,,,,,,,,,,,,,,,,,,,,,,,,,,,,,,,1440,2880,,,,,,,,,,,,,,,,,,,,,
Standard_E48pds_v6,Azure Cobalt 100 [ARM-64],48,,6,,,,,,,76800,2544,80000,3000,99994,2976,104160,3510,8,30000,Supported,Supported,Supported,Supported,,,Supported,,Supported,Not Supported,,,,,,,,Generation 2,Supported,,,,,,,,440,900000,,,,Not Supported,Not Supported,,,,,,,,,,360000,,,,384,,,,,,,,,64,,,,,,,,,,,,,,,,,,,,,,,,,,,,,,,,,,,,,,,,2160,4320,,,,,,,,,,,,,,,,,,,,,
Standard_E64pds_v6,Azure Cobalt 100 [ARM-64],64,,4,,,,,,,102400,3392,102400,3392,133325,3969,133325,3969,8,40000,Supported,Supported,Supported,Supported,,,Supported,,Supported,Not Supported,,,,,,,,Generation 2,Supported,,,,,,,,880,1200000,,,,Not Supported,Not Supported,,,,,,,,,,480000,,,,512,,,,,,,,,64,,,,,,,,,,,,,,,,,,,,,,,,,,,,,,,,,,,,,,,,2880,5760,,,,,,,,,,,,,,,,,,,,,
Standard_E96pds_v6,Azure Cobalt 100 [ARM-64],96,,6,,,,,,,153600,5000,153600,5000,199987,5850,199987,5850,8,60000,Supported,Supported,Supported,Supported,,,Supported,,Supported,Not Supported,,,,,,,,Generation 2,Supported,,,,,,,,880,1800000,,,,Not Supported,Not Supported,,,,,,,,,,720000,,,,672,,,,,,,,,64,,,,,,,,,,,,,,,,,,,,,,,,,,,,,,,,,,,,,,,,4320,8640,,,,,,,,,,,,,,,,,,,,,
Standard_E2ps_v5,Ampere Altra   [ARM-64],2,16,,,,,,,4,3750,85,10000,1200,,,,,2,12500,Supported,Supported,Supported,Supported,Supported,Not Supported,Supported,Not Supported,,Not Supported,,,,,,,,,,,,,,,,,,,,,,,,,,,,,,,,,,,,,,,,,,,,,,,,,,,,,,,,,,,,,,,,,,,,,,,,,,,,,,,,,,,,,,,,,,,,,,,,,,,,,,,,,,,,
Standard_E4ps_v5,Ampere Altra   [ARM-64],4,32,,,,,,,8,6400,145,10000,1200,,,,,2,12500,Supported,Supported,Supported,Supported,Supported,Not Supported,Supported,Not Supported,,Not Supported,,,,,,,,,,,,,,,,,,,,,,,,,,,,,,,,,,,,,,,,,,,,,,,,,,,,,,,,,,,,,,,,,,,,,,,,,,,,,,,,,,,,,,,,,,,,,,,,,,,,,,,,,,,,
Standard_E8ps_v5,Ampere Altra   [ARM-64],8,64,,,,,,,16,12800,290,20000,1200,,,,,4,12500,Supported,Supported,Supported,Supported,Supported,Not Supported,Supported,Not Supported,,Not Supported,,,,,,,,,,,,,,,,,,,,,,,,,,,,,,,,,,,,,,,,,,,,,,,,,,,,,,,,,,,,,,,,,,,,,,,,,,,,,,,,,,,,,,,,,,,,,,,,,,,,,,,,,,,,
Standard_E16ps_v5,Ampere Altra   [ARM-64],16,128,,,,,,,32,25600,600,40000,1200,,,,,4,12500,Supported,Supported,Supported,Supported,Supported,Not Supported,Supported,Not Supported,,Not Supported,,,,,,,,,,,,,,,,,,,,,,,,,,,,,,,,,,,,,,,,,,,,,,,,,,,,,,,,,,,,,,,,,,,,,,,,,,,,,,,,,,,,,,,,,,,,,,,,,,,,,,,,,,,,
Standard_E20ps_v5,Ampere Altra   [ARM-64],20,160,,,,,,,32,32000,750,64000,1600,,,,,8,12500,Supported,Supported,Supported,Supported,Supported,Not Supported,Supported,Not Supported,,Not Supported,,,,,,,,,,,,,,,,,,,,,,,,,,,,,,,,,,,,,,,,,,,,,,,,,,,,,,,,,,,,,,,,,,,,,,,,,,,,,,,,,,,,,,,,,,,,,,,,,,,,,,,,,,,,
Standard_E32ps_v5,Ampere Altra   [ARM-64],32,208,,,,,,,32,51200,865,80000,2000,,,,,8,16000,Supported,Supported,Supported,Supported,Supported,Not Supported,Supported,Not Supported,,Not Supported,,,,,,,,,,,,,,,,,,,,,,,,,,,,,,,,,,,,,,,,,,,,,,,,,,,,,,,,,,,,,,,,,,,,,,,,,,,,,,,,,,,,,,,,,,,,,,,,,,,,,,,,,,,,
Standard_E2ps_v6,Azure Cobalt 100 [ARM-64],2,,,,,,,,,3750,106,10000,1250,4163,124,11100,1463,2,12500,Supported,Supported,Supported,Supported,,,Supported,,,Not supported,,,,,,,,Generation 2,Not supported,,,,,,,,,,,,,,,,,,,,,,,,,,,,16,,,,,,,,,8,,,,,,,,,,,,,,,,,,,,,,,,,,,,,,,,,,,,,,,,,,,,,,,,,,,,,,,,,,,,,,
Standard_E4ps_v6,Azure Cobalt 100 [ARM-64],4,,,,,,,,,6400,212,20000,1250,8333,248,26040,1463,2,12500,Supported,Supported,Supported,Supported,,,Supported,,,Not supported,,,,,,,,Generation 2,Not supported,,,,,,,,,,,,,,,,,,,,,,,,,,,,32,,,,,,,,,12,,,,,,,,,,,,,,,,,,,,,,,,,,,,,,,,,,,,,,,,,,,,,,,,,,,,,,,,,,,,,,
Standard_E8ps_v6,Azure Cobalt 100 [ARM-64],8,,,,,,,,,12800,424,20000,1250,16666,496,26040,1463,4,15000,Supported,Supported,Supported,Supported,,,Supported,,,Not supported,,,,,,,,Generation 2,Not supported,,,,,,,,,,,,,,,,,,,,,,,,,,,,64,,,,,,,,,24,,,,,,,,,,,,,,,,,,,,,,,,,,,,,,,,,,,,,,,,,,,,,,,,,,,,,,,,,,,,,,
Standard_E16ps_v6,Azure Cobalt 100 [ARM-64],16,,,,,,,,,25600,848,40000,1250,33331,992,52080,1463,8,15000,Supported,Supported,Supported,Supported,,,Supported,,,Not supported,,,,,,,,Generation 2,Not supported,,,,,,,,,,,,,,,,,,,,,,,,,,,,128,,,,,,,,,48,,,,,,,,,,,,,,,,,,,,,,,,,,,,,,,,,,,,,,,,,,,,,,,,,,,,,,,,,,,,,,
Standard_E32ps_v6,Azure Cobalt 100 [ARM-64],32,,,,,,,,,51200,1696,80000,2000,66662,1984,104160,2340,8,20000,Supported,Supported,Supported,Supported,,,Supported,,,Not supported,,,,,,,,Generation 2,Not supported,,,,,,,,,,,,,,,,,,,,,,,,,,,,256,,,,,,,,,64,,,,,,,,,,,,,,,,,,,,,,,,,,,,,,,,,,,,,,,,,,,,,,,,,,,,,,,,,,,,,,
Standard_E48ps_v6,Azure Cobalt 100 [ARM-64],48,,,,,,,,,76800,2544,80000,3000,99994,2976,104160,3510,8,30000,Supported,Supported,Supported,Supported,,,Supported,,,Not supported,,,,,,,,Generation 2,Not supported,,,,,,,,,,,,,,,,,,,,,,,,,,,,384,,,,,,,,,64,,,,,,,,,,,,,,,,,,,,,,,,,,,,,,,,,,,,,,,,,,,,,,,,,,,,,,,,,,,,,,
Standard_E64ps_v6,Azure Cobalt 100 [ARM-64],64,,,,,,,,,102400,3392,102400,3392,133325,3969,133325,3969,8,40000,Supported,Supported,Supported,Supported,,,Supported,,,Not supported,,,,,,,,Generation 2,Not supported,,,,,,,,,,,,,,,,,,,,,,,,,,,,512,,,,,,,,,64,,,,,,,,,,,,,,,,,,,,,,,,,,,,,,,,,,,,,,,,,,,,,,,,,,,,,,,,,,,,,,
Standard_E96ps_v6,Azure Cobalt 100 [ARM-64],96,,,,,,,,,153600,5000,153600,5000,199987,5850,199987,5850,8,60000,Supported,Supported,Supported,Supported,,,Supported,,,Not supported,,,,,,,,Generation 2,Not supported,,,,,,,,,,,,,,,,,,,,,,,,,,,,672,,,,,,,,,64,,,,,,,,,,,,,,,,,,,,,,,,,,,,,,,,,,,,,,,,,,,,,,,,,,,,,,,,,,,,,,
Standard_E2s_v4,Intel Xeon 8473C (Sapphire Rapids) [x86-64] Intel Xeon Platinum 8370C (Ice Lake) [x86-64] Intel Xeon Platinum 8272CL (Cascade Lake) [x86-64] Intel Xeon Platinum 8573C (Emerald Rapids) [x86-64],2,16,,,,,,,4,3200,48,4000,200,,,,,2,5000,Supported,Supported,Supported,Supported,Supported,Supported,Supported,Not Supported,,Supported,,,,,,,,,,,,,,,,,,,,,,,,,,,,,,,,,,,,,,,,,,,,,,,,,,,,,,,,,,,,,,,,,,,,,,,,,,,,,,,,,,,,,,,,,,,,,,,,,,,,,,,,,,,,
Standard_E4s_v4,Intel Xeon 8473C (Sapphire Rapids) [x86-64] Intel Xeon Platinum 8370C (Ice Lake) [x86-64] Intel Xeon Platinum 8272CL (Cascade Lake) [x86-64] Intel Xeon Platinum 8573C (Emerald Rapids) [x86-64],4,32,,,,,,,8,6400,96,8000,200,,,,,2,10000,Supported,Supported,Supported,Supported,Supported,Supported,Supported,Not Supported,,Supported,,,,,,,,,,,,,,,,,,,,,,,,,,,,,,,,,,,,,,,,,,,,,,,,,,,,,,,,,,,,,,,,,,,,,,,,,,,,,,,,,,,,,,,,,,,,,,,,,,,,,,,,,,,,
Standard_E8s_v4,Intel Xeon 8473C (Sapphire Rapids) [x86-64] Intel Xeon Platinum 8370C (Ice Lake) [x86-64] Intel Xeon Platinum 8272CL (Cascade Lake) [x86-64] Intel Xeon Platinum 8573C (Emerald Rapids) [x86-64],8,64,,,,,,,16,12800,192,16000,400,,,,,4,12500,Supported,Supported,Supported,Supported,Supported,Supported,Supported,Not Supported,,Supported,,,,,,,,,,,,,,,,,,,,,,,,,,,,,,,,,,,,,,,,,,,,,,,,,,,,,,,,,,,,,,,,,,,,,,,,,,,,,,,,,,,,,,,,,,,,,,,,,,,,,,,,,,,,
Standard_E16s_v4,Intel Xeon 8473C (Sapphire Rapids) [x86-64] Intel Xeon Platinum 8370C (Ice Lake) [x86-64] Intel Xeon Platinum 8272CL (Cascade Lake) [x86-64] Intel Xeon Platinum 8573C (Emerald Rapids) [x86-64],16,128,,,,,,,32,25600,384,32000,800,,,,,8,12500,Supported,Supported,Supported,Supported,Supported,Supported,Supported,Not Supported,,Supported,,,,,,,,,,,,,,,,,,,,,,,,,,,,,,,,,,,,,,,,,,,,,,,,,,,,,,,,,,,,,,,,,,,,,,,,,,,,,,,,,,,,,,,,,,,,,,,,,,,,,,,,,,,,
Standard_E20s_v4,Intel Xeon 8473C (Sapphire Rapids) [x86-64] Intel Xeon Platinum 8370C (Ice Lake) [x86-64] Intel Xeon Platinum 8272CL (Cascade Lake) [x86-64] Intel Xeon Platinum 8573C (Emerald Rapids) [x86-64],20,160,,,,,,,32,32000,480,40000,1000,,,,,8,10000,Supported,Supported,Supported,Supported,Supported,Supported,Supported,Not Supported,,Supported,,,,,,,,,,,,,,,,,,,,,,,,,,,,,,,,,,,,,,,,,,,,,,,,,,,,,,,,,,,,,,,,,,,,,,,,,,,,,,,,,,,,,,,,,,,,,,,,,,,,,,,,,,,,
Standard_E32s_v4,Intel Xeon 8473C (Sapphire Rapids) [x86-64] Intel Xeon Platinum 8370C (Ice Lake) [x86-64] Intel Xeon Platinum 8272CL (Cascade Lake) [x86-64] Intel Xeon Platinum 8573C (Emerald Rapids) [x86-64],32,256,,,,,,,32,51200,768,64000,1600,,,,,8,16000,Supported,Supported,Supported,Supported,Supported,Supported,Supported,Not Supported,,Supported,,,,,,,,,,,,,,,,,,,,,,,,,,,,,,,,,,,,,,,,,,,,,,,,,,,,,,,,,,,,,,,,,,,,,,,,,,,,,,,,,,,,,,,,,,,,,,,,,,,,,,,,,,,,
Standard_E48s_v4,Intel Xeon 8473C (Sapphire Rapids) [x86-64] Intel Xeon Platinum 8370C (Ice Lake) [x86-64] Intel Xeon Platinum 8272CL (Cascade Lake) [x86-64] Intel Xeon Platinum 8573C (Emerald Rapids) [x86-64],48,384,,,,,,,32,76800,1152,80000,2000,,,,,8,24000,Supported,Supported,Supported,Supported,Supported,Supported,Supported,Not Supported,,Supported,,,,,,,,,,,,,,,,,,,,,,,,,,,,,,,,,,,,,,,,,,,,,,,,,,,,,,,,,,,,,,,,,,,,,,,,,,,,,,,,,,,,,,,,,,,,,,,,,,,,,,,,,,,,
Standard_E64s_v4,Intel Xeon 8473C (Sapphire Rapids) [x86-64] Intel Xeon Platinum 8370C (Ice Lake) [x86-64] Intel Xeon Platinum 8272CL (Cascade Lake) [x86-64] Intel Xeon Platinum 8573C (Emerald Rapids) [x86-64],64,504,,,,,,,32,80000,1200,80000,2000,,,,,8,30000,Supported,Supported,Supported,Supported,Supported,Supported,Supported,Not Supported,,Supported,,,,,,,,,,,,,,,,,,,,,,,,,,,,,,,,,,,,,,,,,,,,,,,,,,,,,,,,,,,,,,,,,,,,,,,,,,,,,,,,,,,,,,,,,,,,,,,,,,,,,,,,,,,,
Standard_E80is_v4,Intel Xeon 8473C (Sapphire Rapids) [x86-64] Intel Xeon Platinum 8370C (Ice Lake) [x86-64] Intel Xeon Platinum 8272CL (Cascade Lake) [x86-64] Intel Xeon Platinum 8573C (Emerald Rapids) [x86-64],80,504,,,,,,,64,80000,1500,80000,2000,,,,,8,30000,Supported,Supported,Supported,Supported,Supported,Supported,Supported,Not Supported,,Supported,,,,,,,,,,,,,,,,,,,,,,,,,,,,,,,,,,,,,,,,,,,,,,,,,,,,,,,,,,,,,,,,,,,,,,,,,,,,,,,,,,,,,,,,,,,,,,,,,,,,,,,,,,,,
Standard_E2s_v5,Intel Xeon Platinum 8473C (Sapphire Rapids) [x86-64] Intel Xeon Platinum 8370C (Ice Lake) [x86-64] Intel Xeon Platinum 8573C (Emerald Rapids) [x86-64],2,16,,,,,,,4,3750,85,10000,1200,,,,,2,12500,Supported,Supported,Supported,Supported,Supported,Supported,Supported,Not Supported,,Supported,,,,,,,,,,,,,,,,,,,,,,,,,,,,,,,,,,,,,,,,,,,,,,,,,,,,,,,,,,,,,,,,,,,,,,,,,,,,,,,,,,,,,,,,,,,,,,,,,,,,,,,,,,,,
Standard_E4s_v5,Intel Xeon Platinum 8473C (Sapphire Rapids) [x86-64] Intel Xeon Platinum 8370C (Ice Lake) [x86-64] Intel Xeon Platinum 8573C (Emerald Rapids) [x86-64],4,32,,,,,,,8,6400,145,20000,1200,,,,,2,12500,Supported,Supported,Supported,Supported,Supported,Supported,Supported,Not Supported,,Supported,,,,,,,,,,,,,,,,,,,,,,,,,,,,,,,,,,,,,,,,,,,,,,,,,,,,,,,,,,,,,,,,,,,,,,,,,,,,,,,,,,,,,,,,,,,,,,,,,,,,,,,,,,,,
Standard_E8s_v5,Intel Xeon Platinum 8473C (Sapphire Rapids) [x86-64] Intel Xeon Platinum 8370C (Ice Lake) [x86-64] Intel Xeon Platinum 8573C (Emerald Rapids) [x86-64],8,64,,,,,,,16,12800,290,20000,1200,,,,,4,12500,Supported,Supported,Supported,Supported,Supported,Supported,Supported,Not Supported,,Supported,,,,,,,,,,,,,,,,,,,,,,,,,,,,,,,,,,,,,,,,,,,,,,,,,,,,,,,,,,,,,,,,,,,,,,,,,,,,,,,,,,,,,,,,,,,,,,,,,,,,,,,,,,,,
Standard_E16s_v5,Intel Xeon Platinum 8473C (Sapphire Rapids) [x86-64] Intel Xeon Platinum 8370C (Ice Lake) [x86-64] Intel Xeon Platinum 8573C (Emerald Rapids) [x86-64],16,128,,,,,,,32,25600,600,40000,1200,,,,,8,12500,Supported,Supported,Supported,Supported,Supported,Supported,Supported,Not Supported,,Supported,,,,,,,,,,,,,,,,,,,,,,,,,,,,,,,,,,,,,,,,,,,,,,,,,,,,,,,,,,,,,,,,,,,,,,,,,,,,,,,,,,,,,,,,,,,,,,,,,,,,,,,,,,,,
Standard_E20s_v5,Intel Xeon Platinum 8473C (Sapphire Rapids) [x86-64] Intel Xeon Platinum 8370C (Ice Lake) [x86-64] Intel Xeon Platinum 8573C (Emerald Rapids) [x86-64],20,160,,,,,,,32,32000,750,64000,1600,,,,,8,12500,Supported,Supported,Supported,Supported,Supported,Supported,Supported,Not Supported,,Supported,,,,,,,,,,,,,,,,,,,,,,,,,,,,,,,,,,,,,,,,,,,,,,,,,,,,,,,,,,,,,,,,,,,,,,,,,,,,,,,,,,,,,,,,,,,,,,,,,,,,,,,,,,,,
Standard_E32s_v5,Intel Xeon Platinum 8473C (Sapphire Rapids) [x86-64] Intel Xeon Platinum 8370C (Ice Lake) [x86-64] Intel Xeon Platinum 8573C (Emerald Rapids) [x86-64],32,256,,,,,,,32,51200,865,80000,2000,,,,,8,16000,Supported,Supported,Supported,Supported,Supported,Supported,Supported,Not Supported,,Supported,,,,,,,,,,,,,,,,,,,,,,,,,,,,,,,,,,,,,,,,,,,,,,,,,,,,,,,,,,,,,,,,,,,,,,,,,,,,,,,,,,,,,,,,,,,,,,,,,,,,,,,,,,,,
Standard_E48s_v5,Intel Xeon Platinum 8473C (Sapphire Rapids) [x86-64] Intel Xeon Platinum 8370C (Ice Lake) [x86-64] Intel Xeon Platinum 8573C (Emerald Rapids) [x86-64],48,384,,,,,,,32,76800,1315,80000,3000,,,,,8,24000,Supported,Supported,Supported,Supported,Supported,Supported,Supported,Not Supported,,Supported,,,,,,,,,,,,,,,,,,,,,,,,,,,,,,,,,,,,,,,,,,,,,,,,,,,,,,,,,,,,,,,,,,,,,,,,,,,,,,,,,,,,,,,,,,,,,,,,,,,,,,,,,,,,
Standard_E64s_v5,Intel Xeon Platinum 8473C (Sapphire Rapids) [x86-64] Intel Xeon Platinum 8370C (Ice Lake) [x86-64] Intel Xeon Platinum 8573C (Emerald Rapids) [x86-64],64,512,,,,,,,32,80000,1735,80000,3000,,,,,8,30000,Supported,Supported,Supported,Supported,Supported,Supported,Supported,Not Supported,,Supported,,,,,,,,,,,,,,,,,,,,,,,,,,,,,,,,,,,,,,,,,,,,,,,,,,,,,,,,,,,,,,,,,,,,,,,,,,,,,,,,,,,,,,,,,,,,,,,,,,,,,,,,,,,,
Standard_E96s_v5,Intel Xeon Platinum 8473C (Sapphire Rapids) [x86-64] Intel Xeon Platinum 8370C (Ice Lake) [x86-64] Intel Xeon Platinum 8573C (Emerald Rapids) [x86-64],96,672,,,,,,,32,80000,2600,80000,4000,,,,,8,35000,Supported,Supported,Supported,Supported,Supported,Supported,Supported,Not Supported,,Supported,,,,,,,,,,,,,,,,,,,,,,,,,,,,,,,,,,,,,,,,,,,,,,,,,,,,,,,,,,,,,,,,,,,,,,,,,,,,,,,,,,,,,,,,,,,,,,,,,,,,,,,,,,,,
Standard_E104is_v5,Intel Xeon Platinum 8473C (Sapphire Rapids) [x86-64] Intel Xeon Platinum 8370C (Ice Lake) [x86-64] Intel Xeon Platinum 8573C (Emerald Rapids) [x86-64],104,672,,,,,,,64,120000,4000,120000,4000,,,,,8,100000,Supported,Supported,Supported,Supported,Supported,Supported,Supported,Not Supported,,Supported,,,,,,,,,,,,,,,,,,,,,,,,,,,,,,,,,,,,,,,,,,,,,,,,,,,,,,,,,,,,,,,,,,,,,,,,,,,,,,,,,,,,,,,,,,,,,,,,,,,,,,,,,,,,
Standard_E2s_v6,Intel Xeon Platinum 8573C (Emerald Rapids) [x86-64],2,16,,,,,,,8,3750,106,40000,1250,4167,124,44444,1463,2,12500,Supported,Supported,Supported,Supported,Supported,Not Supported,Supported,Not Supported,,Supported,,,,,,,,,,,,,,,,,,,,,,,,,,,,,,,,,,,,,,,,,,,,,,,,,,,,,,,,,,,,,,,,,,,,,,,,,,,,,,,,,,,,,,,,,,,,,,,,,,,,,,,,,,,,
Standard_E4s_v6,Intel Xeon Platinum 8573C (Emerald Rapids) [x86-64],4,32,,,,,,,12,6400,212,40000,1250,8333,248,52083,1463,2,12500,Supported,Supported,Supported,Supported,Supported,Not Supported,Supported,Not Supported,,Supported,,,,,,,,,,,,,,,,,,,,,,,,,,,,,,,,,,,,,,,,,,,,,,,,,,,,,,,,,,,,,,,,,,,,,,,,,,,,,,,,,,,,,,,,,,,,,,,,,,,,,,,,,,,,
Standard_E8s_v6,Intel Xeon Platinum 8573C (Emerald Rapids) [x86-64],8,64,,,,,,,24,12800,424,40000,1250,16667,496,52083,1463,4,12500,Supported,Supported,Supported,Supported,Supported,Not Supported,Supported,Not Supported,,Supported,,,,,,,,,,,,,,,,,,,,,,,,,,,,,,,,,,,,,,,,,,,,,,,,,,,,,,,,,,,,,,,,,,,,,,,,,,,,,,,,,,,,,,,,,,,,,,,,,,,,,,,,,,,,
Standard_E16s_v6,Intel Xeon Platinum 8573C (Emerald Rapids) [x86-64],16,128,,,,,,,48,25600,848,40000,1250,33333,992,52083,1463,8,12500,Supported,Supported,Supported,Supported,Supported,Not Supported,Supported,Not Supported,,Supported,,,,,,,,,,,,,,,,,,,,,,,,,,,,,,,,,,,,,,,,,,,,,,,,,,,,,,,,,,,,,,,,,,,,,,,,,,,,,,,,,,,,,,,,,,,,,,,,,,,,,,,,,,,,
Standard_E20s_v6,Intel Xeon Platinum 8573C (Emerald Rapids) [x86-64],20,160,,,,,,,48,32000,1060,64000,1600,41667,1240,83333,1872,8,12500,Supported,Supported,Supported,Supported,Supported,Not Supported,Supported,Not Supported,,Supported,,,,,,,,,,,,,,,,,,,,,,,,,,,,,,,,,,,,,,,,,,,,,,,,,,,,,,,,,,,,,,,,,,,,,,,,,,,,,,,,,,,,,,,,,,,,,,,,,,,,,,,,,,,,
Standard_E32s_v6,Intel Xeon Platinum 8573C (Emerald Rapids) [x86-64],32,256,,,,,,,64,51200,1696,80000,1696,66667,1984,104167,1984,8,16000,Supported,Supported,Supported,Supported,Supported,Not Supported,Supported,Not Supported,,Supported,,,,,,,,,,,,,,,,,,,,,,,,,,,,,,,,,,,,,,,,,,,,,,,,,,,,,,,,,,,,,,,,,,,,,,,,,,,,,,,,,,,,,,,,,,,,,,,,,,,,,,,,,,,,
Standard_E48s_v6,Intel Xeon Platinum 8573C (Emerald Rapids) [x86-64],48,384,,,,,,,64,76800,2544,80000,2544,100000,2976,104167,2976,8,24000,Supported,Supported,Supported,Supported,Supported,Not Supported,Supported,Not Supported,,Supported,,,,,,,,,,,,,,,,,,,,,,,,,,,,,,,,,,,,,,,,,,,,,,,,,,,,,,,,,,,,,,,,,,,,,,,,,,,,,,,,,,,,,,,,,,,,,,,,,,,,,,,,,,,,
Standard_E64s_v6,Intel Xeon Platinum 8573C (Emerald Rapids) [x86-64],64,512,,,,,,,64,102400,3392,102400,3392,133333,3969,133333,3969,8,30000,Supported,Supported,Supported,Supported,Supported,Not Supported,Supported,Not Supported,,Supported,,,,,,,,,,,,,,,,,,,,,,,,,,,,,,,,,,,,,,,,,,,,,,,,,,,,,,,,,,,,,,,,,,,,,,,,,,,,,,,,,,,,,,,,,,,,,,,,,,,,,,,,,,,,
Standard_E96s_v6,Intel Xeon Platinum 8573C (Emerald Rapids) [x86-64],96,768,,,,,,,64,153600,5088,153600,5088,200000,5953,200000,5953,8,41000,Supported,Supported,Supported,Supported,Supported,Not Supported,Supported,Not Supported,,Supported,,,,,,,,,,,,,,,,,,,,,,,,,,,,,,,,,,,,,,,,,,,,,,,,,,,,,,,,,,,,,,,,,,,,,,,,,,,,,,,,,,,,,,,,,,,,,,,,,,,,,,,,,,,,
Standard_E128s_v6,Intel Xeon Platinum 8573C (Emerald Rapids) [x86-64],128,1024,,,,,,,64,204800,6782,204800,6782,266667,7935,266667,7935,8,54000,Supported,Supported,Supported,Supported,Supported,Not Supported,Supported,Not Supported,,Supported,,,,,,,,,,,,,,,,,,,,,,,,,,,,,,,,,,,,,,,,,,,,,,,,,,,,,,,,,,,,,,,,,,,,,,,,,,,,,,,,,,,,,,,,,,,,,,,,,,,,,,,,,,,,
Standard_E192is_v6,Intel Xeon Platinum 8573C (Emerald Rapids) [x86-64],192,1832,,,,,,,64,260000,12000,260000,12000,400000,12000,400000,12000,8,200000,Supported,Supported,Supported,Supported,Supported,Not Supported,Supported,Not Supported,,Supported,,,,,,,,,,,,,,,,,,,,,,,,,,,,,,,,,,,,,,,,,,,,,,,,,,,,,,,,,,,,,,,,,,,,,,,,,,,,,,,,,,,,,,,,,,,,,,,,,,,,,,,,,,,,
Standard_E2s_v7,Intel@ Xeon® 6 processor 6973P-C(Granite Rapids) [x86-64],2,16,,,,,,,10,"4,000",,"45,000",,"5,000",,"56,250",,3,,Supported,Supported,Supported,Supported,Supported,Not Supported,Supported,,,Supported,,,,,,,"16,000",,,,,,,115,"1,410",,,,,135,"1,640",,,,,,,,,,,,,,,,,,,,,,,,,,,,,,,,,,,,,,,,,,,,,,,,,,,,,,,,,,,,,,,,,,,,,,,,,,,,,,,,,,,,,,,
Standard_E4s_v7,Intel@ Xeon® 6 processor 6973P-C(Granite Rapids) [x86-64],4,32,,,,,,,12,"8,000",,"45,000",,"10,000",,"56,250",,4,,Supported,Supported,Supported,Supported,Supported,Not Supported,Supported,,,Supported,,,,,,,"25,000",,,,,,,230,"1,410",,,,,270,"1,640",,,,,,,,,,,,,,,,,,,,,,,,,,,,,,,,,,,,,,,,,,,,,,,,,,,,,,,,,,,,,,,,,,,,,,,,,,,,,,,,,,,,,,,
Standard_E8s_v7,Intel@ Xeon® 6 processor 6973P-C(Granite Rapids) [x86-64],8,64,,,,,,,26,"16,000",,"45,000",,"20,000",,"56,250",,4,,Supported,Supported,Supported,Supported,Supported,Not Supported,Supported,,,Supported,,,,,,,"25,000",,,,,,,460,"1,410",,,,,540,"1,640",,,,,,,,,,,,,,,,,,,,,,,,,,,,,,,,,,,,,,,,,,,,,,,,,,,,,,,,,,,,,,,,,,,,,,,,,,,,,,,,,,,,,,,
Standard_E16s_v7,Intel@ Xeon® 6 processor 6973P-C(Granite Rapids) [x86-64],16,128,,,,,,,48,"32,000",,"75,000",,"40,000",,"93,750",,8,,Supported,Supported,Supported,Supported,Supported,Not Supported,Supported,,,Supported,,,,,,,"25,000",,,,,,,940,"1,410",,,,,"1,080","1,640",,,,,,,,,,,,,,,,,,,,,,,,,,,,,,,,,,,,,,,,,,,,,,,,,,,,,,,,,,,,,,,,,,,,,,,,,,,,,,,,,,,,,,,
Standard_E20s_v7,Intel@ Xeon® 6 processor 6973P-C(Granite Rapids) [x86-64],20,160,,,,,,,48,"40,000",,"75,000",,"50,000",,"93,750",,8,,Supported,Supported,Supported,Supported,Supported,Not Supported,Supported,,,Supported,,,,,,,"25,000",,,,,,,"1,150","1,410",,,,,"1,350","1,640",,,,,,,,,,,,,,,,,,,,,,,,,,,,,,,,,,,,,,,,,,,,,,,,,,,,,,,,,,,,,,,,,,,,,,,,,,,,,,,,,,,,,,,
Standard_E32s_v7,Intel@ Xeon® 6 processor 6973P-C(Granite Rapids) [x86-64],32,256,,,,,,,64,"64,000",,"100,000",,"80,000",,"125,000",,8,,Supported,Supported,Supported,Supported,Supported,Not Supported,Supported,,,Supported,,,,,,,"25,000",,,,,,,"1,885","1,915",,,,,"2,160","2,225",,,,,,,,,,,,,,,,,,,,,,,,,,,,,,,,,,,,,,,,,,,,,,,,,,,,,,,,,,,,,,,,,,,,,,,,,,,,,,,,,,,,,,,
Standard_E48s_v7,Intel@ Xeon® 6 processor 6973P-C(Granite Rapids) [x86-64],48,384,,,,,,,64,"96,000",,"160,000",,"120,000",,"200,000",,8,,Supported,Supported,Supported,Supported,Supported,Not Supported,Supported,,,Supported,,,,,,,"35,000",,,,,,,"2,830","2,875",,,,,"3,285","3,335",,,,,,,,,,,,,,,,,,,,,,,,,,,,,,,,,,,,,,,,,,,,,,,,,,,,,,,,,,,,,,,,,,,,,,,,,,,,,,,,,,,,,,,
Standard_E64s_v7,Intel@ Xeon® 6 processor 6973P-C(Granite Rapids) [x86-64],64,512,,,,,,,64,"128,000",,"160,000",,"160,000",,"200,000",,15,,Supported,Supported,Supported,Supported,Supported,Not Supported,Supported,,,Supported,,,,,,,"45,000",,,,,,,"3,775","3,830",,,,,"4,320","4,450",,,,,,,,,,,,,,,,,,,,,,,,,,,,,,,,,,,,,,,,,,,,,,,,,,,,,,,,,,,,,,,,,,,,,,,,,,,,,,,,,,,,,,,
Standard_E96s_v7,Intel@ Xeon® 6 processor 6973P-C(Granite Rapids) [x86-64],96,768,,,,,,,64,"192,000",,"200,000",,"240,000",,"205,000",,15,,Supported,Supported,Supported,Supported,Supported,Not Supported,Supported,,,Supported,,,,,,,"70,000",,,,,,,"5,665","5,745",,,,,"6,570","6,675",,,,,,,,,,,,,,,,,,,,,,,,,,,,,,,,,,,,,,,,,,,,,,,,,,,,,,,,,,,,,,,,,,,,,,,,,,,,,,,,,,,,,,,
Standard_E128s_v7,Intel@ Xeon® 6 processor 6973P-C(Granite Rapids) [x86-64],128,"1,024",,,,,,,64,"204,800",,"225,280",,"320,000",,"352,000",,15,,Supported,Supported,Supported,Supported,Supported,Not Supported,Supported,,,Supported,,,,,,,"85,000",,,,,,,"7,550","7,660",,,,,"8,640","8,895",,,,,,,,,,,,,,,,,,,,,,,,,,,,,,,,,,,,,,,,,,,,,,,,,,,,,,,,,,,,,,,,,,,,,,,,,,,,,,,,,,,,,,,
Standard_E192s_v7,Intel@ Xeon® 6 processor 6973P-C(Granite Rapids) [x86-64],192,"1,536",,,,,,,64,"307,200",,"350,000",,"480,000",,"546,875",,15,,Supported,Supported,Supported,Supported,Supported,Not Supported,Supported,,,Supported,,,,,,,"100,000",,,,,,,"11,325","12,000",,,,,"13,140","13,930",,,,,,,,,,,,,,,,,,,,,,,,,,,,,,,,,,,,,,,,,,,,,,,,,,,,,,,,,,,,,,,,,,,,,,,,,,,,,,,,,,,,,,,
*Standard_E248s_v7,Intel@ Xeon® 6 processor 6973P-C(Granite Rapids) [x86-64],248,"1,888",,,,,,,64,"396,800",,"500,000",,"620,000",,"781,250",,15,,Supported,Supported,Supported,Supported,Supported,Not Supported,Supported,,,Supported,,,,,,,"150,000",,,,,,,"13,145","15,000",,,,,"16,740","19,385",,,,,,,,,,,,,,,,,,,,,,,,,,,,,,,,,,,,,,,,,,,,,,,,,,,,,,,,,,,,,,,,,,,,,,,,,,,,,,,,,,,,,,,
*Standard_E372is_v7,Intel@ Xeon® 6 processor 6973P-C(Granite Rapids) [x86-64],372,"2,832",,,,,,,64,"500,000",,"500,000",,"800,000",,"800,000",,15,,Supported,Supported,Supported,Supported,Supported,Not Supported,Supported,,,Supported,,,,,,,"400,000",,,,,,,"16,000","16,000",,,,,"20,000","20,000",,,,,,,,,,,,,,,,,,,,,,,,,,,,,,,,,,,,,,,,,,,,,,,,,,,,,,,,,,,,,,,,,,,,,,,,,,,,,,,,,,,,,,,
Standard_E2_v4,Intel Xeon 8473C (Sapphire Rapids) [x86-64] Intel Xeon Platinum 8370C (Ice Lake) [x86-64] Intel Xeon Platinum 8272CL (Cascade Lake) [x86-64] Intel Xeon Platinum 8573C (Emerald Rapids) [x86-64],2,16,,,,,,,4,3200,48,4000,200,,,,,2,5000,Not Supported,Not Supported,Supported,Supported,Supported,Supported,Supported,Not Supported,,Supported,,,,,,,,,,,,,,,,,,,,,,,,,,,,,,,,,,,,,,,,,,,,,,,,,,,,,,,,,,,,,,,,,,,,,,,,,,,,,,,,,,,,,,,,,,,,,,,,,,,,,,,,,,,,
Standard_E4_v4,Intel Xeon 8473C (Sapphire Rapids) [x86-64] Intel Xeon Platinum 8370C (Ice Lake) [x86-64] Intel Xeon Platinum 8272CL (Cascade Lake) [x86-64] Intel Xeon Platinum 8573C (Emerald Rapids) [x86-64],4,32,,,,,,,8,6400,96,8000,200,,,,,2,10000,Not Supported,Not Supported,Supported,Supported,Supported,Supported,Supported,Not Supported,,Supported,,,,,,,,,,,,,,,,,,,,,,,,,,,,,,,,,,,,,,,,,,,,,,,,,,,,,,,,,,,,,,,,,,,,,,,,,,,,,,,,,,,,,,,,,,,,,,,,,,,,,,,,,,,,
Standard_E8_v4,Intel Xeon 8473C (Sapphire Rapids) [x86-64] Intel Xeon Platinum 8370C (Ice Lake) [x86-64] Intel Xeon Platinum 8272CL (Cascade Lake) [x86-64] Intel Xeon Platinum 8573C (Emerald Rapids) [x86-64],8,64,,,,,,,16,12800,192,16000,400,,,,,4,12500,Not Supported,Not Supported,Supported,Supported,Supported,Supported,Supported,Not Supported,,Supported,,,,,,,,,,,,,,,,,,,,,,,,,,,,,,,,,,,,,,,,,,,,,,,,,,,,,,,,,,,,,,,,,,,,,,,,,,,,,,,,,,,,,,,,,,,,,,,,,,,,,,,,,,,,
Standard_E16_v4,Intel Xeon 8473C (Sapphire Rapids) [x86-64] Intel Xeon Platinum 8370C (Ice Lake) [x86-64] Intel Xeon Platinum 8272CL (Cascade Lake) [x86-64] Intel Xeon Platinum 8573C (Emerald Rapids) [x86-64],16,128,,,,,,,32,25600,384,32000,800,,,,,8,12500,Not Supported,Not Supported,Supported,Supported,Supported,Supported,Supported,Not Supported,,Supported,,,,,,,,,,,,,,,,,,,,,,,,,,,,,,,,,,,,,,,,,,,,,,,,,,,,,,,,,,,,,,,,,,,,,,,,,,,,,,,,,,,,,,,,,,,,,,,,,,,,,,,,,,,,
Standard_E20_v4,Intel Xeon 8473C (Sapphire Rapids) [x86-64] Intel Xeon Platinum 8370C (Ice Lake) [x86-64] Intel Xeon Platinum 8272CL (Cascade Lake) [x86-64] Intel Xeon Platinum 8573C (Emerald Rapids) [x86-64],20,160,,,,,,,32,32000,480,40000,1000,,,,,8,10000,Not Supported,Not Supported,Supported,Supported,Supported,Supported,Supported,Not Supported,,Supported,,,,,,,,,,,,,,,,,,,,,,,,,,,,,,,,,,,,,,,,,,,,,,,,,,,,,,,,,,,,,,,,,,,,,,,,,,,,,,,,,,,,,,,,,,,,,,,,,,,,,,,,,,,,
Standard_E32_v4,Intel Xeon 8473C (Sapphire Rapids) [x86-64] Intel Xeon Platinum 8370C (Ice Lake) [x86-64] Intel Xeon Platinum 8272CL (Cascade Lake) [x86-64] Intel Xeon Platinum 8573C (Emerald Rapids) [x86-64],32,256,,,,,,,32,51200,768,64000,1600,,,,,8,16000,Not Supported,Not Supported,Supported,Supported,Supported,Supported,Supported,Not Supported,,Supported,,,,,,,,,,,,,,,,,,,,,,,,,,,,,,,,,,,,,,,,,,,,,,,,,,,,,,,,,,,,,,,,,,,,,,,,,,,,,,,,,,,,,,,,,,,,,,,,,,,,,,,,,,,,
Standard_E48_v4,Intel Xeon 8473C (Sapphire Rapids) [x86-64] Intel Xeon Platinum 8370C (Ice Lake) [x86-64] Intel Xeon Platinum 8272CL (Cascade Lake) [x86-64] Intel Xeon Platinum 8573C (Emerald Rapids) [x86-64],48,384,,,,,,,32,76800,1152,80000,2000,,,,,8,24000,Not Supported,Not Supported,Supported,Supported,Supported,Supported,Supported,Not Supported,,Supported,,,,,,,,,,,,,,,,,,,,,,,,,,,,,,,,,,,,,,,,,,,,,,,,,,,,,,,,,,,,,,,,,,,,,,,,,,,,,,,,,,,,,,,,,,,,,,,,,,,,,,,,,,,,
Standard_E64_v4,Intel Xeon 8473C (Sapphire Rapids) [x86-64] Intel Xeon Platinum 8370C (Ice Lake) [x86-64] Intel Xeon Platinum 8272CL (Cascade Lake) [x86-64] Intel Xeon Platinum 8573C (Emerald Rapids) [x86-64],64,504,,,,,,,32,80000,1200,80000,2000,,,,,8,30000,Not Supported,Not Supported,Supported,Supported,Supported,Supported,Supported,Not Supported,,Supported,,,,,,,,,,,,,,,,,,,,,,,,,,,,,,,,,,,,,,,,,,,,,,,,,,,,,,,,,,,,,,,,,,,,,,,,,,,,,,,,,,,,,,,,,,,,,,,,,,,,,,,,,,,,
Standard_E2_v5,Intel Xeon Platinum 8473C (Sapphire Rapids) [x86-64] Intel Xeon Platinum 8370C (Ice Lake) [x86-64] Intel Xeon Platinum 8573C (Emerald Rapids) [x86-64],2,16,,,,,,,4,3750,85,10000,1200,,,,,2,12500,Not Supported,Not Supported,Supported,Supported,Supported,Supported,Supported,Not Supported,,Supported,,,,,,,,,,,,,,,,,,,,,,,,,,,,,,,,,,,,,,,,,,,,,,,,,,,,,,,,,,,,,,,,,,,,,,,,,,,,,,,,,,,,,,,,,,,,,,,,,,,,,,,,,,,,
Standard_E4_v5,Intel Xeon Platinum 8473C (Sapphire Rapids) [x86-64] Intel Xeon Platinum 8370C (Ice Lake) [x86-64] Intel Xeon Platinum 8573C (Emerald Rapids) [x86-64],4,32,,,,,,,8,6400,145,20000,1200,,,,,2,12500,Not Supported,Not Supported,Supported,Supported,Supported,Supported,Supported,Not Supported,,Supported,,,,,,,,,,,,,,,,,,,,,,,,,,,,,,,,,,,,,,,,,,,,,,,,,,,,,,,,,,,,,,,,,,,,,,,,,,,,,,,,,,,,,,,,,,,,,,,,,,,,,,,,,,,,
Standard_E8_v5,Intel Xeon Platinum 8473C (Sapphire Rapids) [x86-64] Intel Xeon Platinum 8370C (Ice Lake) [x86-64] Intel Xeon Platinum 8573C (Emerald Rapids) [x86-64],8,64,,,,,,,16,12800,290,20000,1200,,,,,4,12500,Not Supported,Not Supported,Supported,Supported,Supported,Supported,Supported,Not Supported,,Supported,,,,,,,,,,,,,,,,,,,,,,,,,,,,,,,,,,,,,,,,,,,,,,,,,,,,,,,,,,,,,,,,,,,,,,,,,,,,,,,,,,,,,,,,,,,,,,,,,,,,,,,,,,,,
Standard_E16_v5,Intel Xeon Platinum 8473C (Sapphire Rapids) [x86-64] Intel Xeon Platinum 8370C (Ice Lake) [x86-64] Intel Xeon Platinum 8573C (Emerald Rapids) [x86-64],16,128,,,,,,,32,25600,600,40000,1200,,,,,8,12500,Not Supported,Not Supported,Supported,Supported,Supported,Supported,Supported,Not Supported,,Supported,,,,,,,,,,,,,,,,,,,,,,,,,,,,,,,,,,,,,,,,,,,,,,,,,,,,,,,,,,,,,,,,,,,,,,,,,,,,,,,,,,,,,,,,,,,,,,,,,,,,,,,,,,,,
Standard_E20_v5,Intel Xeon Platinum 8473C (Sapphire Rapids) [x86-64] Intel Xeon Platinum 8370C (Ice Lake) [x86-64] Intel Xeon Platinum 8573C (Emerald Rapids) [x86-64],20,160,,,,,,,32,32000,750,64000,1600,,,,,8,12500,Not Supported,Not Supported,Supported,Supported,Supported,Supported,Supported,Not Supported,,Supported,,,,,,,,,,,,,,,,,,,,,,,,,,,,,,,,,,,,,,,,,,,,,,,,,,,,,,,,,,,,,,,,,,,,,,,,,,,,,,,,,,,,,,,,,,,,,,,,,,,,,,,,,,,,
Standard_E32_v5,Intel Xeon Platinum 8473C (Sapphire Rapids) [x86-64] Intel Xeon Platinum 8370C (Ice Lake) [x86-64] Intel Xeon Platinum 8573C (Emerald Rapids) [x86-64],32,256,,,,,,,32,51200,865,80000,2000,,,,,8,16000,Not Supported,Not Supported,Supported,Supported,Supported,Supported,Supported,Not Supported,,Supported,,,,,,,,,,,,,,,,,,,,,,,,,,,,,,,,,,,,,,,,,,,,,,,,,,,,,,,,,,,,,,,,,,,,,,,,,,,,,,,,,,,,,,,,,,,,,,,,,,,,,,,,,,,,
Standard_E48_v5,Intel Xeon Platinum 8473C (Sapphire Rapids) [x86-64] Intel Xeon Platinum 8370C (Ice Lake) [x86-64] Intel Xeon Platinum 8573C (Emerald Rapids) [x86-64],48,384,,,,,,,32,76800,1315,80000,3000,,,,,8,24000,Not Supported,Not Supported,Supported,Supported,Supported,Supported,Supported,Not Supported,,Supported,,,,,,,,,,,,,,,,,,,,,,,,,,,,,,,,,,,,,,,,,,,,,,,,,,,,,,,,,,,,,,,,,,,,,,,,,,,,,,,,,,,,,,,,,,,,,,,,,,,,,,,,,,,,
Standard_E64_v5,Intel Xeon Platinum 8473C (Sapphire Rapids) [x86-64] Intel Xeon Platinum 8370C (Ice Lake) [x86-64] Intel Xeon Platinum 8573C (Emerald Rapids) [x86-64],64,512,,,,,,,32,80000,1735,80000,3000,,,,,8,30000,Not Supported,Not Supported,Supported,Supported,Supported,Supported,Supported,Not Supported,,Supported,,,,,,,,,,,,,,,,,,,,,,,,,,,,,,,,,,,,,,,,,,,,,,,,,,,,,,,,,,,,,,,,,,,,,,,,,,,,,,,,,,,,,,,,,,,,,,,,,,,,,,,,,,,,
Standard_E96_v5,Intel Xeon Platinum 8473C (Sapphire Rapids) [x86-64] Intel Xeon Platinum 8370C (Ice Lake) [x86-64] Intel Xeon Platinum 8573C (Emerald Rapids) [x86-64],96,672,,,,,,,32,80000,2600,80000,4000,,,,,8,30000,Not Supported,Not Supported,Supported,Supported,Supported,Supported,Supported,Not Supported,,Supported,,,,,,,,,,,,,,,,,,,,,,,,,,,,,,,,,,,,,,,,,,,,,,,,,,,,,,,,,,,,,,,,,,,,,,,,,,,,,,,,,,,,,,,,,,,,,,,,,,,,,,,,,,,,
Standard_E104i_v5,Intel Xeon Platinum 8473C (Sapphire Rapids) [x86-64] Intel Xeon Platinum 8370C (Ice Lake) [x86-64] Intel Xeon Platinum 8573C (Emerald Rapids) [x86-64],104,672,,,,,,,64,120000,4000,120000,4000,,,,,8,100000,Not Supported,Not Supported,Supported,Supported,Supported,Supported,Supported,Not Supported,,Supported,,,,,,,,,,,,,,,,,,,,,,,,,,,,,,,,,,,,,,,,,,,,,,,,,,,,,,,,,,,,,,,,,,,,,,,,,,,,,,,,,,,,,,,,,,,,,,,,,,,,,,,,,,,,
Standard_M8ms,Intel Xeon E7-8890 v3 (Haswell) [x86-64] Intel Xeon Platinum 8280M (Cascade Lake) [x86-64],8,,1,256,,,,,8,,,,,,,,,4,"2,000",Supported,Supported,Not Supported,Not Supported,Supported,Supported,Supported,Supported,,Supported,,,,,,,,,,,,,,,,,,,,,,,,,,,,,,,,,,,,,218.75,,,,,,,,,,,,,,,,,,,,Not Supported,,,,,,,,,,,,,,,,,,,,,,,,,,,,,,,,,,,"10,000",100,793,"10,000",250,"5,000",125,"10,000",250,Supported,,,,,,,
Standard_M16ms,Intel Xeon E7-8890 v3 (Haswell) [x86-64] Intel Xeon Platinum 8280M (Cascade Lake) [x86-64],16,,1,512,,,,,16,,,,,,,,,8,"4,000",Supported,Supported,Not Supported,Not Supported,Supported,Supported,Supported,Supported,,Supported,,,,,,,,,,,,,,,,,,,,,,,,,,,,,,,,,,,,,437.5,,,,,,,,,,,,,,,,,,,,Not Supported,,,,,,,,,,,,,,,,,,,,,,,,,,,,,,,,,,,"20,000",200,"1,587","20,000",500,"10,000",250,"20,000",500,Supported,,,,,,,
Standard_M32ts,Intel Xeon E7-8890 v3 (Haswell) [x86-64] Intel Xeon Platinum 8280M (Cascade Lake) [x86-64],32,,1,"1,024",,,,,32,,,,,,,,,8,"8,000",Supported,Supported,Not Supported,Not Supported,Supported,Supported,Supported,Supported,,Supported,,,,,,,,,,,,,,,,,,,,,,,,,,,,,,,,,,,,,192,,,,,,,,,,,,,,,,,,,,Not Supported,,,,,,,,,,,,,,,,,,,,,,,,,,,,,,,,,,,"40,000",400,"3,174","40,000","1,000","20,000",500,"40,000","1,000",Supported,,,,,,,
Standard_M32ls,Intel Xeon E7-8890 v3 (Haswell) [x86-64] Intel Xeon Platinum 8280M (Cascade Lake) [x86-64],32,,1,"1,024",,,,,32,,,,,,,,,8,"8,000",Supported,Supported,Not Supported,Not Supported,Supported,Supported,Supported,Supported,,Supported,,,,,,,,,,,,,,,,,,,,,,,,,,,,,,,,,,,,,256,,,,,,,,,,,,,,,,,,,,Not Supported,,,,,,,,,,,,,,,,,,,,,,,,,,,,,,,,,,,"40,000",400,"3,174","40,000","1,000","20,000",500,"40,000","1,000",Supported,,,,,,,
Standard_M32ms,Intel Xeon E7-8890 v3 (Haswell) [x86-64] Intel Xeon Platinum 8280M (Cascade Lake) [x86-64],32,,1,"1,024",,,,,32,,,,,,,,,8,"8,000",Supported,Supported,Not Supported,Not Supported,Supported,Supported,Supported,Supported,,Supported,,,,,,,,,,,,,,,,,,,,,,,,,,,,,,,,,,,,,875,,,,,,,,,,,,,,,,,,,,Not Supported,,,,,,,,,,,,,,,,,,,,,,,,,,,,,,,,,,,"40,000",400,"3,174","40,000","1,000","20,000",500,"40,000","1,000",Supported,,,,,,,
Standard_M64s,Intel Xeon E7-8890 v3 (Haswell) [x86-64] Intel Xeon Platinum 8280M (Cascade Lake) [x86-64],64,,1,"2,048",,,,,64,,,,,,,,,8,"16,000",Supported,Supported,Not Supported,Not Supported,Supported,Supported,Supported,Supported,,Supported,,,,,,,,,,,,,,,,,,,,,,,,,,,,,,,,,,,,,"1,024",,,,,,,,,,,,,,,,,,,,Not Supported,,,,,,,,,,,,,,,,,,,,,,,,,,,,,,,,,,,"80,000",800,"6,348","80,000","2,000","40,000","1,000","80,000","2,000",Supported,,,,,,,
Standard_M64ls,Intel Xeon E7-8890 v3 (Haswell) [x86-64] Intel Xeon Platinum 8280M (Cascade Lake) [x86-64],64,,1,"2,048",,,,,64,,,,,,,,,8,"16,000",Supported,Supported,Not Supported,Not Supported,Supported,Supported,Supported,Supported,,Supported,,,,,,,,,,,,,,,,,,,,,,,,,,,,,,,,,,,,,512,,,,,,,,,,,,,,,,,,,,Not Supported,,,,,,,,,,,,,,,,,,,,,,,,,,,,,,,,,,,"80,000",800,"6,348","80,000","2,000","40,000","1,000","80,000","2,000",Supported,,,,,,,
Standard_M64ms,Intel Xeon E7-8890 v3 (Haswell) [x86-64] Intel Xeon Platinum 8280M (Cascade Lake) [x86-64],64,,1,"2,048",,,,,64,,,,,,,,,8,"16,000",Supported,Supported,Not Supported,Not Supported,Supported,Supported,Supported,Supported,,Supported,,,,,,,,,,,,,,,,,,,,,,,,,,,,,,,,,,,,,"1,792",,,,,,,,,,,,,,,,,,,,Not Supported,,,,,,,,,,,,,,,,,,,,,,,,,,,,,,,,,,,"80,000",800,"6,348","80,000","2,000","40,000","1,000","80,000","2,000",Supported,,,,,,,
Standard_M128s,Intel Xeon E7-8890 v3 (Haswell) [x86-64] Intel Xeon Platinum 8280M (Cascade Lake) [x86-64],128,,1,"4,096",,,,,64,,,,,,,,,8,"30,000",Supported,Supported,Not Supported,Not Supported,Supported,Supported,Supported,Supported,,Supported,,,,,,,,,,,,,,,,,,,,,,,,,,,,,,,,,,,,,"2,048",,,,,,,,,,,,,,,,,,,,Not Supported,,,,,,,,,,,,,,,,,,,,,,,,,,,,,,,,,,,"160,000","1,600","12,696","250,000","4,000","80,000","2,000","80,000","4,000",Supported,,,,,,,
Standard_M128ms,Intel Xeon E7-8890 v3 (Haswell) [x86-64] Intel Xeon Platinum 8280M (Cascade Lake) [x86-64],128,,1,"4,096",,,,,64,,,,,,,,,8,"30,000",Supported,Supported,Not Supported,Not Supported,Supported,Supported,Supported,Supported,,Supported,,,,,,,,,,,,,,,,,,,,,,,,,,,,,,,,,,,,,"3,892",,,,,,,,,,,,,,,,,,,,Not Supported,,,,,,,,,,,,,,,,,,,,,,,,,,,,,,,,,,,"160,000","1,600","12,696","250,000","4,000","80,000","2,000","80,000","4,000",Supported,,,,,,,
Standard_M64,Intel Xeon E7-8890 v3 (Haswell) [x86-64] Intel Xeon Platinum 8280M (Cascade Lake) [x86-64],64,,1,"7,168",,,,,64,,,,,,,,,8,"16,000",Supported,Supported,Not Supported,Not Supported,Supported,Supported,Supported,Supported,,Supported,,,,,,,,,,,,,,,,,,,,,,,,,,,,,,,,,,,,,"1,024",,,,,,,,,,,,,,,,,,,,Not Supported,,,,,,,,,,,,,,,,,,,,,,,,,,,,,,,,,,,"80,000",800,"1,228","80,000","2,000","40,000","1,000","80,000","2,000",Supported,,,,,,,
Standard_M64m,Intel Xeon E7-8890 v3 (Haswell) [x86-64] Intel Xeon Platinum 8280M (Cascade Lake) [x86-64],64,,1,"7,168",,,,,64,,,,,,,,,8,"16,000",Supported,Supported,Not Supported,Not Supported,Supported,Supported,Supported,Supported,,Supported,,,,,,,,,,,,,,,,,,,,,,,,,,,,,,,,,,,,,"1,792",,,,,,,,,,,,,,,,,,,,Not Supported,,,,,,,,,,,,,,,,,,,,,,,,,,,,,,,,,,,"80,000",800,"1,228","80,000","2,000","40,000","1,000","80,000","2,000",Supported,,,,,,,
Standard_M128,Intel Xeon E7-8890 v3 (Haswell) [x86-64] Intel Xeon Platinum 8280M (Cascade Lake) [x86-64],128,,1,"14,336",,,,,64,,,,,,,,,8,"32,000",Supported,Supported,Not Supported,Not Supported,Supported,Supported,Supported,Supported,,Supported,,,,,,,,,,,,,,,,,,,,,,,,,,,,,,,,,,,,,"2,048",,,,,,,,,,,,,,,,,,,,Not Supported,,,,,,,,,,,,,,,,,,,,,,,,,,,,,,,,,,,"250,000","1,600",2456,"250,000","4,000","80,000","2,000","80,000","4,000",Supported,,,,,,,
Standard_M128m,Intel Xeon E7-8890 v3 (Haswell) [x86-64] Intel Xeon Platinum 8280M (Cascade Lake) [x86-64],128,,1,"14,336",,,,,64,,,,,,,,,8,"32,000",Supported,Supported,Not Supported,Not Supported,Supported,Supported,Supported,Supported,,Supported,,,,,,,,,,,,,,,,,,,,,,,,,,,,,,,,,,,,,"3,892",,,,,,,,,,,,,,,,,,,,Not Supported,,,,,,,,,,,,,,,,,,,,,,,,,,,,,,,,,,,"250,000","1,600",2456,"250,000","4,000","80,000","2,000","80,000","4,000",Supported,,,,,,,
Standard_M16bds_v3,Intel Xeon 4th gen Scalable (Sapphire Rapids) [x86-64],16,,1,400,,,,,64,,,,,,,,,8,"8,000",Supported,Supported,Supported,Not Supported,Supported,Not Supported,Supported,Supported,Supported,Not Supported,,,,,,,,,,,,,,,,,,,,,,,,,,,,,,,,,,,,,128,,,,,,,,,,,,,,,,,,,,Not Supported,,,,,,,,,,,,,,,,,,,,,,,,,,,,,,,,,,,"10,000",100,,,,"44,000","1,000",,,Supported,"64,000","1,000",,,,,
Standard_M32bds_v3,Intel Xeon 4th gen Scalable (Sapphire Rapids) [x86-64],32,,1,400,,,,,64,,,,,,,,,8,"16,000",Supported,Supported,Supported,Not Supported,Supported,Not Supported,Supported,Supported,Supported,Not Supported,,,,,,,,,,,,,,,,,,,,,,,,,,,,,,,,,,,,,256,,,,,,,,,,,,,,,,,,,,Not Supported,,,,,,,,,,,,,,,,,,,,,,,,,,,,,,,,,,,"20,000",200,,,,"88,000","2,000",,,Supported,"88,000","2,000",,,,,
Standard_M48bds_v3,Intel Xeon 4th gen Scalable (Sapphire Rapids) [x86-64],48,,1,400,,,,,64,,,,,,,,,8,"16,000",Supported,Supported,Supported,Not Supported,Supported,Not Supported,Supported,Supported,Supported,Not Supported,,,,,,,,,,,,,,,,,,,,,,,,,,,,,,,,,,,,,384,,,,,,,,,,,,,,,,,,,,Not Supported,,,,,,,,,,,,,,,,,,,,,,,,,,,,,,,,,,,"40,000",400,,,,"88,000","2,000",,,Supported,"120,000","2,000",,,,,
Standard_M64bds_v3,Intel Xeon 4th gen Scalable (Sapphire Rapids) [x86-64],64,,1,400,,,,,64,,,,,,,,,8,"16,000",Supported,Supported,Supported,Not Supported,Supported,Not Supported,Supported,Supported,Supported,Not Supported,,,,,,,,,,,,,,,,,,,,,,,,,,,,,,,,,,,,,512,,,,,,,,,,,,,,,,,,,,Not Supported,,,,,,,,,,,,,,,,,,,,,,,,,,,,,,,,,,,"40,000",400,,,,"88,000","2,000",,,Supported,"160,000","2,000",,,,,
Standard_M96bds_v3,Intel Xeon 4th gen Scalable (Sapphire Rapids) [x86-64],96,,1,400,,,,,64,,,,,,,,,8,"25,000",Supported,Supported,Supported,Not Supported,Supported,Not Supported,Supported,Supported,Supported,Not Supported,,,,,,,,,,,,,,,,,,,,,,,,,,,,,,,,,,,,,768,,,,,,,,,,,,,,,,,,,,Not Supported,,,,,,,,,,,,,,,,,,,,,,,,,,,,,,,,,,,"40,000",400,,,,"260,000","4,000",,,Supported,"260,000","4,000",,,,,
Standard_M128bds_v3,Intel Xeon 4th gen Scalable (Sapphire Rapids) [x86-64],128,,1,400,,,,,64,,,,,,,,,8,"40,000",Supported,Supported,Supported,Not Supported,Supported,Not Supported,Supported,Supported,Supported,Not Supported,,,,,,,,,,,,,,,,,,,,,,,,,,,,,,,,,,,,,"1,024",,,,,,,,,,,,,,,,,,,,Not Supported,,,,,,,,,,,,,,,,,,,,,,,,,,,,,,,,,,,"160,000",1600,,,,"260,000","4,000",,,Supported,"400,000","4,000",,,,,
Standard_M176bds_v3,Intel Xeon 4th gen Scalable (Sapphire Rapids) [x86-64],176,,1,400,,,,,64,,,,,,,,,8,"50,000",Supported,Supported,Supported,Not Supported,Supported,Not Supported,Supported,Supported,Supported,Not Supported,,,,,,,,,,,,,,,,,,,,,,,,,,,,,,,,,,,,,"1,536",,,,,,,,,,,,,,,,,,,,Not Supported,,,,,,,,,,,,,,,,,,,,,,,,,,,,,,,,,,,"160,000",1600,,,,"260,000","6,000",,,Supported,"650,000","6,000",,,,,
Standard_M64bds_1_v3,Intel Xeon 4th gen Scalable (Sapphire Rapids) [x86-64],64,,1,3000,,,,,64,,,,,,,,,8,"20,000",Supported,Supported,Supported,Not Supported,Supported,Not Supported,Supported,Supported,Supported,Not Supported,,,,,,,,,,,,,,,,,,,,,,,,,,,,,,,,,,,,,1397,,,,,,,,,,,,,,,,,,,,Not Supported,,,,,,,,,,,,,,,,,,,,,,,,,,,,,,,,,,,"40,000",400,,,,"130,000","6,000",,,Supported,"160, 000","6,000",,,,,
Standard_M96bds_2_v3,Intel Xeon 4th gen Scalable (Sapphire Rapids) [x86-64],96,,1,4500,,,,,64,,,,,,,,,8,"20,000",Supported,Supported,Supported,Not Supported,Supported,Not Supported,Supported,Supported,Supported,Not Supported,,,,,,,,,,,,,,,,,,,,,,,,,,,,,,,,,,,,,1946,,,,,,,,,,,,,,,,,,,,Not Supported,,,,,,,,,,,,,,,,,,,,,,,,,,,,,,,,,,,"40,000",400,,,,"130,000","8,000",,,Supported,"260,000","8,000",,,,,
Standard_M128bds_3_v3,Intel Xeon 4th gen Scalable (Sapphire Rapids) [x86-64],128,,1,6000,,,,,64,,,,,,,,,8,"40,000",Supported,Supported,Supported,Not Supported,Supported,Not Supported,Supported,Supported,Supported,Not Supported,,,,,,,,,,,,,,,,,,,,,,,,,,,,,,,,,,,,,2794,,,,,,,,,,,,,,,,,,,,Not Supported,,,,,,,,,,,,,,,,,,,,,,,,,,,,,,,,,,,"160,000",1600,,,,"260,000","8,000",,,Supported,"400,000","10,000",,,,,
Standard_M176bds_4_v3,Intel Xeon 4th gen Scalable (Sapphire Rapids) [x86-64],176,,1,8000,,,,,64,,,,,,,,,8,"40,000",Supported,Supported,Supported,Not Supported,Supported,Not Supported,Supported,Supported,Supported,Not Supported,,,,,,,,,,,,,,,,,,,,,,,,,,,,,,,,,,,,,3892,,,,,,,,,,,,,,,,,,,,Not Supported,,,,,,,,,,,,,,,,,,,,,,,,,,,,,,,,,,,"160,000",1600,,,,"260,000","8,000",,,Supported,"650,000","10,000",,,,,
Standard_M16bs_v3,Intel Xeon 4th gen Scalable (Sapphire Rapids) [x86-64],16,,,,,,,,64,,,,,,,,,8,"8,000",Supported,Supported,Restricted Support,Not Supported,Supported,Not Supported,Supported,Not Supported,,Not Supported,,,,,,,,,,,,,,,,,,,,,,,,,,,,,,,,,,,,,128,,,,,,,,,,,,,,,,,,,,Not Supported,,,,,,,,,,,,,,,,,,,,,,,,,,,,,,,,,,,,,,,,"44,000","1,000",,,Supported,"64,000","1,000",,,,,
Standard_M32bs_v3,Intel Xeon 4th gen Scalable (Sapphire Rapids) [x86-64],32,,,,,,,,64,,,,,,,,,8,"16,000",Supported,Supported,Restricted Support,Not Supported,Supported,Not Supported,Supported,Not Supported,,Not Supported,,,,,,,,,,,,,,,,,,,,,,,,,,,,,,,,,,,,,256,,,,,,,,,,,,,,,,,,,,Not Supported,,,,,,,,,,,,,,,,,,,,,,,,,,,,,,,,,,,,,,,,"88,000","2,000",,,Supported,"88,000","2,000",,,,,
Standard_M48bs_v3,Intel Xeon 4th gen Scalable (Sapphire Rapids) [x86-64],48,,,,,,,,64,,,,,,,,,8,"16,000",Supported,Supported,Restricted Support,Not Supported,Supported,Not Supported,Supported,Not Supported,,Not Supported,,,,,,,,,,,,,,,,,,,,,,,,,,,,,,,,,,,,,384,,,,,,,,,,,,,,,,,,,,Not Supported,,,,,,,,,,,,,,,,,,,,,,,,,,,,,,,,,,,,,,,,"88,000","2,000",,,Supported,"120,000","2,000",,,,,
Standard_M64bs_v3,Intel Xeon 4th gen Scalable (Sapphire Rapids) [x86-64],64,,,,,,,,64,,,,,,,,,8,"16,000",Supported,Supported,Restricted Support,Not Supported,Supported,Not Supported,Supported,Not Supported,,Not Supported,,,,,,,,,,,,,,,,,,,,,,,,,,,,,,,,,,,,,512,,,,,,,,,,,,,,,,,,,,Not Supported,,,,,,,,,,,,,,,,,,,,,,,,,,,,,,,,,,,,,,,,"88,000","2, 000",,,Supported,"160,000","2, 000",,,,,
Standard_M96bs_v3,Intel Xeon 4th gen Scalable (Sapphire Rapids) [x86-64],96,,,,,,,,64,,,,,,,,,8,"25,000",Supported,Supported,Restricted Support,Not Supported,Supported,Not Supported,Supported,Not Supported,,Not Supported,,,,,,,,,,,,,,,,,,,,,,,,,,,,,,,,,,,,,768,,,,,,,,,,,,,,,,,,,,Not Supported,,,,,,,,,,,,,,,,,,,,,,,,,,,,,,,,,,,,,,,,"260,000","4,000",,,Supported,"260,000","4,000",,,,,
Standard_M128bs_v3,Intel Xeon 4th gen Scalable (Sapphire Rapids) [x86-64],128,,,,,,,,64,,,,,,,,,8,"40,000",Supported,Supported,Restricted Support,Not Supported,Supported,Not Supported,Supported,Not Supported,,Not Supported,,,,,,,,,,,,,,,,,,,,,,,,,,,,,,,,,,,,,1024,,,,,,,,,,,,,,,,,,,,Not Supported,,,,,,,,,,,,,,,,,,,,,,,,,,,,,,,,,,,,,,,,"260,000","4,000",,,Supported,"400,000","4,000",,,,,
Standard_M176bs_v3,Intel Xeon 4th gen Scalable (Sapphire Rapids) [x86-64],176,,,,,,,,64,,,,,,,,,8,"50,000",Supported,Supported,Restricted Support,Not Supported,Supported,Not Supported,Supported,Not Supported,,Not Supported,,,,,,,,,,,,,,,,,,,,,,,,,,,,,,,,,,,,,1536,,,,,,,,,,,,,,,,,,,,Not Supported,,,,,,,,,,,,,,,,,,,,,,,,,,,,,,,,,,,,,,,,"260,000","6,000",,,Supported,"650,000","6,000",,,,,
Standard_M416bs_v3,Intel Xeon 4th gen Scalable (Sapphire Rapids) [x86-64],416,,,,,,,,64,,,,,,,,,8,"50,000",Supported,Supported,Restricted Support,Not Supported,Supported,Not Supported,Supported,Not Supported,,Not Supported,,,,,,,,,,,,,,,,,,,,,,,,,,,,,,,,,,,,,3800,,,,,,,,,,,,,,,,,,,,Not Supported,,,,,,,,,,,,,,,,,,,,,,,,,,,,,,,,,,,,,,,,"240,000","8,000",,,Supported,"550,000","10,000",,,,,
Standard_M32dms_v2,Intel Xeon Platinum 8280 (Cascade Lake) [x86-64],32,,1,1024,,,,,32,,,,,,,,,8,"8,000",Supported,Supported,Restricted Support,Not Supported,Supported,Not Supported,Supported,Supported,,Not Supported,,,,,,,,,,,,,,,,,,,,,,,,,,,,,,,,,,,,,875,,,,,,,,,,,,,,,,,,,,Not Supported,,,,,,,,,,,,,,,,,,,,,,,,,,,,,,,,,,,,,,40000,1000,20000,500,40000,1000,,,,40000,400,,,
Standard_M64ds_v2,Intel Xeon Platinum 8280 (Cascade Lake) [x86-64],64,,1,2048,,,,,64,,,,,,,,,8,"16,000",Supported,Supported,Restricted Support,Not Supported,Supported,Not Supported,Supported,Supported,,Not Supported,,,,,,,,,,,,,,,,,,,,,,,,,,,,,,,,,,,,,1024,,,,,,,,,,,,,,,,,,,,Not Supported,,,,,,,,,,,,,,,,,,,,,,,,,,,,,,,,,,,,,,80000,2000,40000,1000,80000,2000,,,,80000,800,,,
Standard_M64dms_v2,Intel Xeon Platinum 8280 (Cascade Lake) [x86-64],64,,1,2048,,,,,64,,,,,,,,,8,"16,000",Supported,Supported,Restricted Support,Not Supported,Supported,Not Supported,Supported,Supported,,Not Supported,,,,,,,,,,,,,,,,,,,,,,,,,,,,,,,,,,,,,1792,,,,,,,,,,,,,,,,,,,,Not Supported,,,,,,,,,,,,,,,,,,,,,,,,,,,,,,,,,,,,,,80000,2000,40000,1000,80000,2000,,,,80000,800,,,
Standard_M128ds_v2,Intel Xeon Platinum 8280 (Cascade Lake) [x86-64],128,,1,4096,,,,,64,,,,,,,,,8,"30,000",Supported,Supported,Restricted Support,Not Supported,Supported,Not Supported,Supported,Supported,,Not Supported,,,,,,,,,,,,,,,,,,,,,,,,,,,,,,,,,,,,,2048,,,,,,,,,,,,,,,,,,,,Not Supported,,,,,,,,,,,,,,,,,,,,,,,,,,,,,,,,,,,,,,250000,4000,80000,2000,80000,4000,,,,160000,1600,,,
Standard_M128dms_v2,Intel Xeon Platinum 8280 (Cascade Lake) [x86-64],128,,1,4096,,,,,64,,,,,,,,,8,"30,000",Supported,Supported,Restricted Support,Not Supported,Supported,Not Supported,Supported,Supported,,Not Supported,,,,,,,,,,,,,,,,,,,,,,,,,,,,,,,,,,,,,3892,,,,,,,,,,,,,,,,,,,,Not Supported,,,,,,,,,,,,,,,,,,,,,,,,,,,,,,,,,,,,,,250000,4000,80000,2000,80000,4000,,,,160000,1600,,,
Standard_M192ids_v2,Intel Xeon Platinum 8280 (Cascade Lake) [x86-64],192,,1,4096,,,,,64,,,,,,,,,8,"30,000",Supported,Supported,Restricted Support,Not Supported,Supported,Not Supported,Supported,Supported,,Not Supported,,,,,,,,,,,,,,,,,,,,,,,,,,,,,,,,,,,,,2048,,,,,,,,,,,,,,,,,,,,Not Supported,,,,,,,,,,,,,,,,,,,,,,,,,,,,,,,,,,,,,,250000,4000,80000,2000,80000,4000,,,,160000,1600,,,
Standard_M192idms_v2,Intel Xeon Platinum 8280 (Cascade Lake) [x86-64],192,,1,4096,,,,,64,,,,,,,,,8,"30,000",Supported,Supported,Restricted Support,Not Supported,Supported,Not Supported,Supported,Supported,,Not Supported,,,,,,,,,,,,,,,,,,,,,,,,,,,,,,,,,,,,,4096,,,,,,,,,,,,,,,,,,,,Not Supported,,,,,,,,,,,,,,,,,,,,,,,,,,,,,,,,,,,,,,250000,4000,80000,2000,80000,4000,,,,160000,1600,,,
Standard_M416ds_6_v3,Intel Xeon 4th Gen Scalable (Sapphire Rapids) [x86-64],,,,,,,,,,,,,,,,,,8,"40,000",Supported,Supported,Not Supported,Not Supported,Supported,Not Supported,Supported,Supported,,Not Supported,,,,,,,,,,,,,,,,,,,,,,,,,,,,,,,,,,,,,,,,,,,,,,,,,,,,,,,,,Not Supported,,,,,,,,,,,,,,,,,,,,,,,,,,,,,,,,,,,,,,,,,,,,Supported,,,,,,,
Standard_M416ds_8_v3,Intel Xeon 4th Gen Scalable (Sapphire Rapids) [x86-64],,,,,,,,,,,,,,,,,,8,"40,000",Supported,Supported,Not Supported,Not Supported,Supported,Not Supported,Supported,Supported,,Not Supported,,,,,,,,,,,,,,,,,,,,,,,,,,,,,,,,,,,,,,,,,,,,,,,,,,,,,,,,,Not Supported,,,,,,,,,,,,,,,,,,,,,,,,,,,,,,,,,,,,,,,,,,,,Supported,,,,,,,
Standard_M624ds_12_v3,Intel Xeon 4th Gen Scalable (Sapphire Rapids) [x86-64],,,,,,,,,,,,,,,,,,8,"40,000",Supported,Supported,Not Supported,Not Supported,Supported,Not Supported,Supported,Supported,,Not Supported,,,,,,,,,,,,,,,,,,,,,,,,,,,,,,,,,,,,,,,,,,,,,,,,,,,,,,,,,Not Supported,,,,,,,,,,,,,,,,,,,,,,,,,,,,,,,,,,,,,,,,,,,,Supported,,,,,,,
Standard_M832ds_12_v3,Intel Xeon 4th Gen Scalable (Sapphire Rapids) [x86-64],,,,,,,,,,,,,,,,,,8,"100,000",Supported,Supported,Not Supported,Not Supported,Supported,Not Supported,Supported,Supported,,Not Supported,,,,,,,,,,,,,,,,,,,,,,,,,,,,,,,,,,,,,,,,,,,,,,,,,,,,,,,,,Not Supported,,,,,,,,,,,,,,,,,,,,,,,,,,,,,,,,,,,,,,,,,,,,Supported,,,,,,,
Standard_M832ids_16_v3,Intel Xeon 4th Gen Scalable (Sapphire Rapids) [x86-64],,,,,,,,,,,,,,,,,,8,"100,000",Supported,Supported,Not Supported,Not Supported,Supported,Not Supported,Supported,Supported,,Not Supported,,,,,,,,,,,,,,,,,,,,,,,,,,,,,,,,,,,,,,,,,,,,,,,,,,,,,,,,,Not Supported,,,,,,,,,,,,,,,,,,,,,,,,,,,,,,,,,,,,,,,,,,,,Supported,,,,,,,
Standard_M12ds_v3,Intel Xeon 4th Gen Scalable (Sapphire Rapids) [x86-64],12,,1,400,,,,,64,,,,,,,,,4,"4,000",Supported,Supported,Supported,Not Supported,Supported,Not Supported,Supported,Supported,Supported,Not Supported,,,,,,,,,,,,,,,,,,,,,,,,,,,,,,,,,,,,,240,,,,,,,,,,,,,,,,,,,,Not Supported,,,,,,,,,,,,,,,,,,,,,,,,,,,,,,,,,,,,,,,,"16,250",390,,,,"16,250",390,"10,000",100,,,
Standard_M24ds_v3,Intel Xeon 4th Gen Scalable (Sapphire Rapids) [x86-64],24,,1,400,,,,,64,,,,,,,,,8,"8,000",Supported,Supported,Supported,Not Supported,Supported,Not Supported,Supported,Supported,Supported,Not Supported,,,,,,,,,,,,,,,,,,,,,,,,,,,,,,,,,,,,,480,,,,,,,,,,,,,,,,,,,,Not Supported,,,,,,,,,,,,,,,,,,,,,,,,,,,,,,,,,,,,,,,,"32,500",780,,,,"32,500",780,"20,000",200,,,
Standard_M48ds_1_v3,Intel Xeon 4th Gen Scalable (Sapphire Rapids) [x86-64],48,,1,400,,,,,64,,,,,,,,,8,"16,000",Supported,Supported,Supported,Not Supported,Supported,Not Supported,Supported,Supported,Supported,Not Supported,,,,,,,,,,,,,,,,,,,,,,,,,,,,,,,,,,,,,974,,,,,,,,,,,,,,,,,,,,Not Supported,,,,,,,,,,,,,,,,,,,,,,,,,,,,,,,,,,,,,,,,"65,000","1,560",,,,"65,000","1,560","40,000",400,,,
Standard_M96ds_1_v3,Intel Xeon 4th Gen Scalable (Sapphire Rapids) [x86-64],96,,1,400,,,,,64,,,,,,,,,8,"16,000",Supported,Supported,Supported,Not Supported,Supported,Not Supported,Supported,Supported,Supported,Not Supported,,,,,,,,,,,,,,,,,,,,,,,,,,,,,,,,,,,,,974,,,,,,,,,,,,,,,,,,,,Not Supported,,,,,,,,,,,,,,,,,,,,,,,,,,,,,,,,,,,,,,,,"65,000","1,560",,,,"65,000","1,560","40,000",400,,,
Standard_M96ds_2_v3,Intel Xeon 4th Gen Scalable (Sapphire Rapids) [x86-64],96,,1,400,,,,,64,,,,,,,,,8,"30,000",Supported,Supported,Supported,Not Supported,Supported,Not Supported,Supported,Supported,Supported,Not Supported,,,,,,,,,,,,,,,,,,,,,,,,,,,,,,,,,,,,,"1,946",,,,,,,,,,,,,,,,,,,,Not Supported,,,,,,,,,,,,,,,,,,,,,,,,,,,,,,,,,,,,,,,,"130,000","3,120",,,,"130,000","3,120","160,000","1,600",,,
Standard_M176ds_3_v3,Intel Xeon 4th Gen Scalable (Sapphire Rapids) [x86-64],176,,1,400,,,,,64,,,,,,,,,8,"40,000",Supported,Supported,Supported,Not Supported,Supported,Not Supported,Supported,Supported,Supported,Not Supported,,,,,,,,,,,,,,,,,,,,,,,,,,,,,,,,,,,,,"2,794",,,,,,,,,,,,,,,,,,,,Not Supported,,,,,,,,,,,,,,,,,,,,,,,,,,,,,,,,,,,,,,,,"130,000","4,000",,,,"130,000","4,000","160,000","1,600",,,
Standard_M176ds_4_v3,Intel Xeon 4th Gen Scalable (Sapphire Rapids) [x86-64],176,,1,400,,,,,64,,,,,,,,,8,"40,000",Supported,Supported,Supported,Not Supported,Supported,Not Supported,Supported,Supported,Supported,Not Supported,,,,,,,,,,,,,,,,,,,,,,,,,,,,,,,,,,,,,"3,892",,,,,,,,,,,,,,,,,,,,Not Supported,,,,,,,,,,,,,,,,,,,,,,,,,,,,,,,,,,,,,,,,"130,000","4,000",,,,"130,000","4,000","160,000","1,600",,,
Standard_M896ixds_32_v3,Intel Xeon Platinum 8490H (Sapphire Rapids) [x86-64],896,,1,"4,096",,,,,64,,,,,,,,,8,"185,000",Supported,Supported,Not Supported,Not Supported,Supported,Not Supported,Supported,Supported,Supported,Not Supported,,,,,,,,,,,,,,,,,,,,,,,,,,,,,,,,,,,,,"30,400",,,,,,,,,,,,,,,,,,,,Not Supported,,,,,,,,,,,,,,,,,,,,,,,,,,,,,,,,,,,,,,,,"110,000","8,000",,,Supported,"200,000","8,000",,,,,
Standard_M896ixds_24_v3,Intel Xeon Platinum 8490H (Sapphire Rapids) [x86-64],896,,1,"4,096",,,,,64,,,,,,,,,8,"185,000",Supported,Supported,Not Supported,Not Supported,Supported,Not Supported,Supported,Supported,Supported,Not Supported,,,,,,,,,,,,,,,,,,,,,,,,,,,,,,,,,,,,,23088,,,,,,,,,,,,,,,,,,,,Not Supported,,,,,,,,,,,,,,,,,,,,,,,,,,,,,,,,,,,,,,,,"110,000","8,000",,,Supported,"200,000","8,000",,,,,
Standard_M1792ixds_32_v3,Intel Xeon Platinum 8490H (Sapphire Rapids) [x86-64],"1,792",,1,"4,096",,,,,64,,,,,,,,,8,"185,000",Supported,Supported,Not Supported,Not Supported,Supported,Not Supported,Supported,Supported,Supported,Not Supported,,,,,,,,,,,,,,,,,,,,,,,,,,,,,,,,,,,,,"30,400",,,,,,,,,,,,,,,,,,,,Not Supported,,,,,,,,,,,,,,,,,,,,,,,,,,,,,,,,,,,,,,,,"110,000","8,000",,,Supported,"200,000","8,000",,,,,
Standard_M32ms_v2,Intel Xeon Platinum 8280 (Cascade Lake) [x86-64],32,,,,,,,,32,,,,,,,,,8,"8,000",Supported,Supported,Restricted Support,Not Supported,Supported,Not Supported,Supported,Not Supported,,Not Supported,,,,,,,,,,,,,,,,,,,,,,,,,,,,,,,,,,,,,875,,,,,,,,,,,,,,,,,,,,Not Supported,,,,,,,,,,,,,,,,,,,,,,,,,,,,,,,,,,,,,,,,"20,000",500,"40,000","1,000",,,,,,,,
Standard_M64s_v2,Intel Xeon Platinum 8280 (Cascade Lake) [x86-64],64,,,,,,,,64,,,,,,,,,8,"16,000",Supported,Supported,Restricted Support,Not Supported,Supported,Not Supported,Supported,Not Supported,,Not Supported,,,,,,,,,,,,,,,,,,,,,,,,,,,,,,,,,,,,,"1,024",,,,,,,,,,,,,,,,,,,,Not Supported,,,,,,,,,,,,,,,,,,,,,,,,,,,,,,,,,,,,,,,,"40,000","1,000","80,000","2,000",,,,,,,,
Standard_M64ms_v2,Intel Xeon Platinum 8280 (Cascade Lake) [x86-64],64,,,,,,,,64,,,,,,,,,8,"16,000",Supported,Supported,Restricted Support,Not Supported,Supported,Not Supported,Supported,Not Supported,,Not Supported,,,,,,,,,,,,,,,,,,,,,,,,,,,,,,,,,,,,,"1,792",,,,,,,,,,,,,,,,,,,,Not Supported,,,,,,,,,,,,,,,,,,,,,,,,,,,,,,,,,,,,,,,,"40,000","1,000","80,000","2,000",,,,,,,,
Standard_M128s_v2,Intel Xeon Platinum 8280 (Cascade Lake) [x86-64],128,,,,,,,,64,,,,,,,,,8,"30,000",Supported,Supported,Restricted Support,Not Supported,Supported,Not Supported,Supported,Not Supported,,Not Supported,,,,,,,,,,,,,,,,,,,,,,,,,,,,,,,,,,,,,"2,048",,,,,,,,,,,,,,,,,,,,Not Supported,,,,,,,,,,,,,,,,,,,,,,,,,,,,,,,,,,,,,,,,"80,000","2,000","80,000","4,000",,,,,,,,
Standard_M128ms_v2,Intel Xeon Platinum 8280 (Cascade Lake) [x86-64],128,,,,,,,,64,,,,,,,,,8,"30,000",Supported,Supported,Restricted Support,Not Supported,Supported,Not Supported,Supported,Not Supported,,Not Supported,,,,,,,,,,,,,,,,,,,,,,,,,,,,,,,,,,,,,"3,892",,,,,,,,,,,,,,,,,,,,Not Supported,,,,,,,,,,,,,,,,,,,,,,,,,,,,,,,,,,,,,,,,"80,000","2,000","80,000","4,000",,,,,,,,
Standard_M192is_v2,Intel Xeon Platinum 8280 (Cascade Lake) [x86-64],192,,,,,,,,64,,,,,,,,,8,"30,000",Supported,Supported,Restricted Support,Not Supported,Supported,Not Supported,Supported,Not Supported,,Not Supported,,,,,,,,,,,,,,,,,,,,,,,,,,,,,,,,,,,,,"2,048",,,,,,,,,,,,,,,,,,,,Not Supported,,,,,,,,,,,,,,,,,,,,,,,,,,,,,,,,,,,,,,,,"80,000","2,000","80,000","4,000",,,,,,,,
Standard_M192ims_v2,Intel Xeon Platinum 8280 (Cascade Lake) [x86-64],192,,,,,,,,64,,,,,,,,,8,"30,000",Supported,Supported,Restricted Support,Not Supported,Supported,Not Supported,Supported,Not Supported,,Not Supported,,,,,,,,,,,,,,,,,,,,,,,,,,,,,,,,,,,,,"4,096",,,,,,,,,,,,,,,,,,,,Not Supported,,,,,,,,,,,,,,,,,,,,,,,,,,,,,,,,,,,,,,,,"80,000","2,000","80,000","4,000",,,,,,,,
Standard_M416s_6_v3,Intel Xeon 4th Gen Scalable (Sapphire Rapids) [x86-64],,,,,,,,,,,,,,,,,,8,"40,000",Supported,Supported,Not Supported,Not Supported,Supported,Not Supported,Supported,Not Supported,,Not Supported,,,,,,,,,,,,,,,,,,,,,,,,,,,,,,,,,,,,,,,,,,,,,,,,,,,,,,,,,Not Supported,,,,,,,,,,,,,,,,,,,,,,,,,,,,,,,,,,,,,,,,,,,,Supported,,,,,,,
Standard_M416s_8_v3,Intel Xeon 4th Gen Scalable (Sapphire Rapids) [x86-64],,,,,,,,,,,,,,,,,,8,"40,000",Supported,Supported,Not Supported,Not Supported,Supported,Not Supported,Supported,Not Supported,,Not Supported,,,,,,,,,,,,,,,,,,,,,,,,,,,,,,,,,,,,,,,,,,,,,,,,,,,,,,,,,Not Supported,,,,,,,,,,,,,,,,,,,,,,,,,,,,,,,,,,,,,,,,,,,,Supported,,,,,,,
Standard_M624s_12_v3,Intel Xeon 4th Gen Scalable (Sapphire Rapids) [x86-64],,,,,,,,,,,,,,,,,,8,"40,000",Supported,Supported,Not Supported,Not Supported,Supported,Not Supported,Supported,Not Supported,,Not Supported,,,,,,,,,,,,,,,,,,,,,,,,,,,,,,,,,,,,,,,,,,,,,,,,,,,,,,,,,Not Supported,,,,,,,,,,,,,,,,,,,,,,,,,,,,,,,,,,,,,,,,,,,,Supported,,,,,,,
Standard_M832s_12_v3,Intel Xeon 4th Gen Scalable (Sapphire Rapids) [x86-64],,,,,,,,,,,,,,,,,,8,"100,000",Supported,Supported,Not Supported,Not Supported,Supported,Not Supported,Supported,Not Supported,,Not Supported,,,,,,,,,,,,,,,,,,,,,,,,,,,,,,,,,,,,,,,,,,,,,,,,,,,,,,,,,Not Supported,,,,,,,,,,,,,,,,,,,,,,,,,,,,,,,,,,,,,,,,,,,,Supported,,,,,,,
Standard_M832is_16_v3,Intel Xeon 4th Gen Scalable (Sapphire Rapids) [x86-64],,,,,,,,,,,,,,,,,,8,"100,000",Supported,Supported,Not Supported,Not Supported,Supported,Not Supported,Supported,Not Supported,,Not Supported,,,,,,,,,,,,,,,,,,,,,,,,,,,,,,,,,,,,,,,,,,,,,,,,,,,,,,,,,Not Supported,,,,,,,,,,,,,,,,,,,,,,,,,,,,,,,,,,,,,,,,,,,,Supported,,,,,,,
Standard_M12s_v3,Intel Xeon 4th Gen Scalable (Sapphire Rapids) [x86-64],12,,,,,,,,64,,,,,,,,,4,"4,000",Supported,Supported,Supported,Not Supported,Supported,Not Supported,Supported,Not Supported,,Not Supported,,,,,,,,,,,,,,,,,,,,,,,,,,,,,,,,,,,,,240,,,,,,,,,,,,,,,,,,,,Not Supported,,,,,,,,,,,,,,,,,,,,,,,,,,,,,,,,,,,,,,,,"16,250",390,,,,"16,250",390,,,,,
Standard_M24s_v3,Intel Xeon 4th Gen Scalable (Sapphire Rapids) [x86-64],24,,,,,,,,64,,,,,,,,,8,"8,000",Supported,Supported,Supported,Not Supported,Supported,Not Supported,Supported,Not Supported,,Not Supported,,,,,,,,,,,,,,,,,,,,,,,,,,,,,,,,,,,,,480,,,,,,,,,,,,,,,,,,,,Not Supported,,,,,,,,,,,,,,,,,,,,,,,,,,,,,,,,,,,,,,,,"32,500",780,,,,"32,500",780,,,,,
Standard_M48s_1_v3,Intel Xeon 4th Gen Scalable (Sapphire Rapids) [x86-64],48,,,,,,,,64,,,,,,,,,8,"16,000",Supported,Supported,Supported,Not Supported,Supported,Not Supported,Supported,Not Supported,,Not Supported,,,,,,,,,,,,,,,,,,,,,,,,,,,,,,,,,,,,,974,,,,,,,,,,,,,,,,,,,,Not Supported,,,,,,,,,,,,,,,,,,,,,,,,,,,,,,,,,,,,,,,,"65,000","1,560",,,,"65,000","1,560",,,,,
Standard_M96s_1_v3,Intel Xeon 4th Gen Scalable (Sapphire Rapids) [x86-64],96,,,,,,,,64,,,,,,,,,8,"16,000",Supported,Supported,Supported,Not Supported,Supported,Not Supported,Supported,Not Supported,,Not Supported,,,,,,,,,,,,,,,,,,,,,,,,,,,,,,,,,,,,,974,,,,,,,,,,,,,,,,,,,,Not Supported,,,,,,,,,,,,,,,,,,,,,,,,,,,,,,,,,,,,,,,,"65,000","1,560",,,,"65,000","1,560",,,,,
Standard_M96s_2_v3,Intel Xeon 4th Gen Scalable (Sapphire Rapids) [x86-64],96,,,,,,,,64,,,,,,,,,8,"30,000",Supported,Supported,Supported,Not Supported,Supported,Not Supported,Supported,Not Supported,,Not Supported,,,,,,,,,,,,,,,,,,,,,,,,,,,,,,,,,,,,,"1,946",,,,,,,,,,,,,,,,,,,,Not Supported,,,,,,,,,,,,,,,,,,,,,,,,,,,,,,,,,,,,,,,,"130,000","3,120",,,,"130,000","3,120",,,,,
Standard_M176s_3_v3,Intel Xeon 4th Gen Scalable (Sapphire Rapids) [x86-64],176,,,,,,,,64,,,,,,,,,8,"40,000",Supported,Supported,Supported,Not Supported,Supported,Not Supported,Supported,Not Supported,,Not Supported,,,,,,,,,,,,,,,,,,,,,,,,,,,,,,,,,,,,,"2,794",,,,,,,,,,,,,,,,,,,,Not Supported,,,,,,,,,,,,,,,,,,,,,,,,,,,,,,,,,,,,,,,,"130,000","4,000",,,,"130,000","4,000",,,,,
Standard_M176s_4_v3,Intel Xeon 4th Gen Scalable (Sapphire Rapids) [x86-64],176,,,,,,,,64,,,,,,,,,8,"40,000",Supported,Supported,Supported,Not Supported,Supported,Not Supported,Supported,Not Supported,,Not Supported,,,,,,,,,,,,,,,,,,,,,,,,,,,,,,,,,,,,,"3,892",,,,,,,,,,,,,,,,,,,,Not Supported,,,,,,,,,,,,,,,,,,,,,,,,,,,,,,,,,,,,,,,,"130,000","4,000",,,,"130,000","4,000",,,,,
Standard_M208s_v2,Intel Xeon Platinum 8180M (Skylake) [x86-64],208,,1,"4,096",,,,,64,,,,,,,,,8,"16,000",Supported,Supported,Restricted Support,Not Supported,Supported,Not Supported,Supported,Supported,,Not Supported,,,,,,,,,,,,,,,,,,,,,,,,,,,,,,,,,,,,,"2,850",,,,,,,,,,,,,,,,,,,,Not Supported,,,,,,,,,,,,,,,,,,,,,,,,,,,,,,,,,,,"80,000",800,"7,040",,,"40,000","1,000",,,,,,,,,,
Standard_M208ms_v2,Intel Xeon Platinum 8180M (Skylake) [x86-64],208,,1,"4,096",,,,,64,,,,,,,,,8,"16,000",Supported,Supported,Restricted Support,Not Supported,Supported,Not Supported,Supported,Supported,,Not Supported,,,,,,,,,,,,,,,,,,,,,,,,,,,,,,,,,,,,,"5,700",,,,,,,,,,,,,,,,,,,,Not Supported,,,,,,,,,,,,,,,,,,,,,,,,,,,,,,,,,,,"80,000",800,"7,040",,,"40,000","1,000",,,,,,,,,,
Standard_M416s_v2,Intel Xeon Platinum 8180M (Skylake) [x86-64],416,,1,"8,192",,,,,64,,,,,,,,,8,"32,000",Supported,Supported,Restricted Support,Not Supported,Supported,Not Supported,Supported,Supported,,Not Supported,,,,,,,,,,,,,,,,,,,,,,,,,,,,,,,,,,,,,"5,700",,,,,,,,,,,,,,,,,,,,Not Supported,,,,,,,,,,,,,,,,,,,,,,,,,,,,,,,,,,,"250,000","1,600","14,080",,,"80,000","2,000",,,,,,,,,,
Standard_M416s_8_v2,Intel Xeon Platinum 8180M (Skylake) [x86-64],416,,1,"4,096",,,,,64,,,,,,,,,8,"32,000",Supported,Supported,Restricted Support,Not Supported,Supported,Not Supported,Supported,Supported,,Not Supported,,,,,,,,,,,,,,,,,,,,,,,,,,,,,,,,,,,,,"7,600",,,,,,,,,,,,,,,,,,,,Not Supported,,,,,,,,,,,,,,,,,,,,,,,,,,,,,,,,,,,"250,000","1,600","14,080",,,"80,000","2,000",,,,,,,,,,
Standard_M416ms_v2,Intel Xeon Platinum 8180M (Skylake) [x86-64],416,,1,"8,192",,,,,64,,,,,,,,,8,"32,000",Supported,Supported,Restricted Support,Not Supported,Supported,Not Supported,Supported,Supported,,Not Supported,,,,,,,,,,,,,,,,,,,,,,,,,,,,,,,,,,,,,"11,400",,,,,,,,,,,,,,,,,,,,Not Supported,,,,,,,,,,,,,,,,,,,,,,,,,,,,,,,,,,,"250,000","1,600","14,080",,,"80,000","2,000",,,,,,,,,,
Standard_L2aos_v4,AMD EPYC 9004 (Genoa) [x86-64],2,,3,,,,,,4,"4,400",150,"20,000","1,250","4,400",150,"20,000","1,250",2,"7,500",Supported,Supported (except for L32aos_v4),Not Supported,Supported,Supported,Not Supported,Supported,Supported,,Supported,,,,,,,,,,,,,,,,,,,,,,,,,,,,,,,,,,,,,16,"180,000",,,,,,,,,,,,,,"72,000",,,,,,,,,,,,,,,,,,,,,,,,,,,,,,,,,,,,,,,,,,,,,,,,,,,,,,480,"1,100",550
Standard_L4aos_v4,AMD EPYC 9004 (Genoa) [x86-64],4,,3,,,,,,8,"8,800",300,"20,000","1,250","8,800",300,"20,000","1,250",2,"10,000",Supported,Supported (except for L32aos_v4),Not Supported,Supported,Supported,Not Supported,Supported,Supported,,Supported,,,,,,,,,,,,,,,,,,,,,,,,,,,,,,,,,,,,,32,"360,000",,,,,,,,,,,,,,"144,000",,,,,,,,,,,,,,,,,,,,,,,,,,,,,,,,,,,,,,,,,,,,,,,,,,,,,,960,"2,200","1,100"
Standard_L8aos_v4,AMD EPYC 9004 (Genoa) [x86-64],8,,6,,,,,,16,"17,600",600,"20,000","1,250","17,600",600,"20,000","1,250",4,"12,500",Supported,Supported (except for L32aos_v4),Not Supported,Supported,Supported,Not Supported,Supported,Supported,,Supported,,,,,,,,,,,,,,,,,,,,,,,,,,,,,,,,,,,,,64,"720,000",,,,,,,,,,,,,,"288,000",,,,,,,,,,,,,,,,,,,,,,,,,,,,,,,,,,,,,,,,,,,,,,,,,,,,,,960,"4,400","2,200"
Standard_L12aos_v4,AMD EPYC 9004 (Genoa) [x86-64],12,,9,,,,,,32,"26,400",900,"30,000","1,250","26,400",900,"30,000","1,250",6,"18,750",Supported,Supported (except for L32aos_v4),Not Supported,Supported,Supported,Not Supported,Supported,Supported,,Supported,,,,,,,,,,,,,,,,,,,,,,,,,,,,,,,,,,,,,96,"1,080,000",,,,,,,,,,,,,,"432,000",,,,,,,,,,,,,,,,,,,,,,,,,,,,,,,,,,,,,,,,,,,,,,,,,,,,,,960,"6,600","3,300"
Standard_L16aos_v4,AMD EPYC 9004 (Genoa) [x86-64],16,,6,,,,,,32,"35,200","1,200","40,000","1,250","35,200","1,200","40,000","1,250",8,"25,000",Supported,Supported (except for L32aos_v4),Not Supported,Supported,Supported,Not Supported,Supported,Supported,,Supported,,,,,,,,,,,,,,,,,,,,,,,,,,,,,,,,,,,,,128,"1,440,000",,,,,,,,,,,,,,"576,000",,,,,,,,,,,,,,,,,,,,,,,,,,,,,,,,,,,,,,,,,,,,,,,,,,,,,,"1,920","8,800","4,400"
Standard_L24aos_v4,AMD EPYC 9004 (Genoa) [x86-64],24,,9,,,,,,32,"52,800","1,800","60,000","1,800","52,800","1,800","60,000","1,800",8,"37,500",Supported,Supported (except for L32aos_v4),Not Supported,Supported,Supported,Not Supported,Supported,Supported,,Supported,,,,,,,,,,,,,,,,,,,,,,,,,,,,,,,,,,,,,192,"2,160,000",,,,,,,,,,,,,,"864,000",,,,,,,,,,,,,,,,,,,,,,,,,,,,,,,,,,,,,,,,,,,,,,,,,,,,,,"1,920","13,200","6,600"
Standard_L32aos_v4,AMD EPYC 9004 (Genoa) [x86-64],32,,12,,,,,,32,"70,400","2,400","80,000","2,400","70,400","2,400","80,000","2,400",8,"50,000",Supported,Supported (except for L32aos_v4),Not Supported,Supported,Supported,Not Supported,Supported,Supported,,Supported,,,,,,,,,,,,,,,,,,,,,,,,,,,,,,,,,,,,,256,"2,880,000",,,,,,,,,,,,,,"1,152,000",,,,,,,,,,,,,,,,,,,,,,,,,,,,,,,,,,,,,,,,,,,,,,,,,,,,,,"1,920","17,600","8,800"
Standard_L8as_v3,AMD EPYC 7763v (Genoa) [x86-64],8,64,,,,,,,16,12800,200,20000,1280,,,,,4,12500,Supported,Not Supported,Not Supported,Supported,Supported,Supported,Supported,Supported,,Supported,,,,,,,,,,,,,,,,,,,,,,,,,,,,,,,,,,,,,,,,,,,,,,,,,,,,,,,,,,,,,,,,,,,,,,,,,,,,,,,,,,,,,,,,,,,,,,,,,,,,,,,,,,,,
Standard_L16as_v3,AMD EPYC 7763v (Genoa) [x86-64],16,128,,,,,,,32,25600,384,40000,1280,,,,,8,12500,Supported,Not Supported,Not Supported,Supported,Supported,Supported,Supported,Supported,,Supported,,,,,,,,,,,,,,,,,,,,,,,,,,,,,,,,,,,,,,,,,,,,,,,,,,,,,,,,,,,,,,,,,,,,,,,,,,,,,,,,,,,,,,,,,,,,,,,,,,,,,,,,,,,,
Standard_L32as_v3,AMD EPYC 7763v (Genoa) [x86-64],32,256,,,,,,,32,51200,768,80000,1600,,,,,8,16000,Supported,Not Supported,Not Supported,Supported,Supported,Supported,Supported,Supported,,Supported,,,,,,,,,,,,,,,,,,,,,,,,,,,,,,,,,,,,,,,,,,,,,,,,,,,,,,,,,,,,,,,,,,,,,,,,,,,,,,,,,,,,,,,,,,,,,,,,,,,,,,,,,,,,
Standard_L48as_v3,AMD EPYC 7763v (Genoa) [x86-64],48,384,,,,,,,32,76800,1152,80000,2000,,,,,8,24000,Supported,Not Supported,Not Supported,Supported,Supported,Supported,Supported,Supported,,Supported,,,,,,,,,,,,,,,,,,,,,,,,,,,,,,,,,,,,,,,,,,,,,,,,,,,,,,,,,,,,,,,,,,,,,,,,,,,,,,,,,,,,,,,,,,,,,,,,,,,,,,,,,,,,
Standard_L64as_v3,AMD EPYC 7763v (Genoa) [x86-64],64,512,,,,,,,32,80000,1280,80000,2000,,,,,8,32000,Supported,Not Supported,Not Supported,Supported,Supported,Supported,Supported,Supported,,Supported,,,,,,,,,,,,,,,,,,,,,,,,,,,,,,,,,,,,,,,,,,,,,,,,,,,,,,,,,,,,,,,,,,,,,,,,,,,,,,,,,,,,,,,,,,,,,,,,,,,,,,,,,,,,
Standard_L80as_v3,AMD EPYC 7763v (Genoa) [x86-64],80,640,,,,,,,32,80000,1400,80000,2000,,,,,8,32000,Supported,Not Supported,Not Supported,Supported,Supported,Supported,Supported,Supported,,Supported,,,,,,,,,,,,,,,,,,,,,,,,,,,,,,,,,,,,,,,,,,,,,,,,,,,,,,,,,,,,,,,,,,,,,,,,,,,,,,,,,,,,,,,,,,,,,,,,,,,,,,,,,,,,
Standard_L2as_v4,AMD EPYC 9004 (Genoa) [x86-64],2,,1,,,,,,4,4000,90,20000,1250,4000,90,20000,1250,2,12500,Supported,Supported (except for L96as_v4),Not Supported,Supported,Supported,Not Supported,Supported,Supported,,Supported,,,,,,,,,,,,,,,,,,,,,,,,,,,,,,,,,,,,,16,137500,,,,,,,,,,,,,,55000,,,,,,,,,,,,,,,,,,,,,,,,,,,,,,,,,,,,,,,,,,,,,,,,,,,,,,480,750,375
Standard_L4as_v4,AMD EPYC 9004 (Genoa) [x86-64],4,,2,,,,,,8,7600,180,20000,1250,7600,180,20000,1250,2,12500,Supported,Supported (except for L96as_v4),Not Supported,Supported,Supported,Not Supported,Supported,Supported,,Supported,,,,,,,,,,,,,,,,,,,,,,,,,,,,,,,,,,,,,32,275000,,,,,,,,,,,,,,110000,,,,,,,,,,,,,,,,,,,,,,,,,,,,,,,,,,,,,,,,,,,,,,,,,,,,,,480,1500,750
Standard_L8as_v4,AMD EPYC 9004 (Genoa) [x86-64],8,,4,,,,,,16,15200,360,20000,1250,15200,360,20000,1250,4,12500,Supported,Supported (except for L96as_v4),Not Supported,Supported,Supported,Not Supported,Supported,Supported,,Supported,,,,,,,,,,,,,,,,,,,,,,,,,,,,,,,,,,,,,64,550000,,,,,,,,,,,,,,220000,,,,,,,,,,,,,,,,,,,,,,,,,,,,,,,,,,,,,,,,,,,,,,,,,,,,,,480,3000,1500
Standard_L16as_v4,AMD EPYC 9004 (Genoa) [x86-64],16,,4,,,,,,32,30400,720,40000,1250,30400,720,40000,1250,8,12500,Supported,Supported (except for L96as_v4),Not Supported,Supported,Supported,Not Supported,Supported,Supported,,Supported,,,,,,,,,,,,,,,,,,,,,,,,,,,,,,,,,,,,,128,1100000,,,,,,,,,,,,,,440000,,,,,,,,,,,,,,,,,,,,,,,,,,,,,,,,,,,,,,,,,,,,,,,,,,,,,,960,6000,3000
Standard_L32as_v4,AMD EPYC 9004 (Genoa) [x86-64],32,,8,,,,,,32,57600,1440,80000,1700,57600,1440,80000,1700,8,16000,Supported,Supported (except for L96as_v4),Not Supported,Supported,Supported,Not Supported,Supported,Supported,,Supported,,,,,,,,,,,,,,,,,,,,,,,,,,,,,,,,,,,,,256,2200000,,,,,,,,,,,,,,880000,,,,,,,,,,,,,,,,,,,,,,,,,,,,,,,,,,,,,,,,,,,,,,,,,,,,,,960,12000,6000
Standard_L48as_v4,AMD EPYC 9004 (Genoa) [x86-64],48,,6,,,,,,32,86400,2160,90000,2550,86400,2160,90000,2550,8,28000,Supported,Supported (except for L96as_v4),Not Supported,Supported,Supported,Not Supported,Supported,Supported,,Supported,,,,,,,,,,,,,,,,,,,,,,,,,,,,,,,,,,,,,384,3300000,,,,,,,,,,,,,,1320000,,,,,,,,,,,,,,,,,,,,,,,,,,,,,,,,,,,,,,,,,,,,,,,,,,,,,,1920,18000,9000
Standard_L64as_v4,AMD EPYC 9004 (Genoa) [x86-64],64,,8,,,,,,32,115200,2880,120000,3400,115200,2880,120000,3400,8,36000,Supported,Supported (except for L96as_v4),Not Supported,Supported,Supported,Not Supported,Supported,Supported,,Supported,,,,,,,,,,,,,,,,,,,,,,,,,,,,,,,,,,,,,512,4400000,,,,,,,,,,,,,,1760000,,,,,,,,,,,,,,,,,,,,,,,,,,,,,,,,,,,,,,,,,,,,,,,,,,,,,,1920,24000,12000
Standard_L80as_v4,AMD EPYC 9004 (Genoa) [x86-64],80,,10,,,,,,32,144000,3600,147500,4245,144000,3600,147500,4245,8,40000,Supported,Supported (except for L96as_v4),Not Supported,Supported,Supported,Not Supported,Supported,Supported,,Supported,,,,,,,,,,,,,,,,,,,,,,,,,,,,,,,,,,,,,640,5500000,,,,,,,,,,,,,,2200000,,,,,,,,,,,,,,,,,,,,,,,,,,,,,,,,,,,,,,,,,,,,,,,,,,,,,,1920,30000,15000
Standard_L96as_v4,AMD EPYC 9004 (Genoa) [x86-64],96,,12,,,,,,32,172800,4320,175000,5090,172800,4320,175000,5090,8,40000,Supported,Supported (except for L96as_v4),Not Supported,Supported,Supported,Not Supported,Supported,Supported,,Supported,,,,,,,,,,,,,,,,,,,,,,,,,,,,,,,,,,,,,768,6600000,,,,,,,,,,,,,,2640000,,,,,,,,,,,,,,,,,,,,,,,,,,,,,,,,,,,,,,,,,,,,,,,,,,,,,,1920,36000,18000
Standard_L8s_v2,AMD EPYC 7551 (Naples) [x86-64],8,64,,,,,,,16,8000,160,8000,1280,400000,2000,,,2,3200,Supported,Not Supported,Not Supported,Not Supported,Supported,Supported,Supported,Supported,,Not Supported,,,,,,,,,,,,,,,,,,,,,,,,,,,,,,,,,,,,,,,,,,,,,,,,,,,,,,,,,,,,,,,,,,,,,,,,,,,,,,,,,,,,,,,,,,,,,,,,,,,,,,,,,,,,
Standard_L16s_v2,AMD EPYC 7551 (Naples) [x86-64],16,128,,,,,,,32,16000,320,16000,1280,800000,4000,,,4,6400,Supported,Not Supported,Not Supported,Not Supported,Supported,Supported,Supported,Supported,,Not Supported,,,,,,,,,,,,,,,,,,,,,,,,,,,,,,,,,,,,,,,,,,,,,,,,,,,,,,,,,,,,,,,,,,,,,,,,,,,,,,,,,,,,,,,,,,,,,,,,,,,,,,,,,,,,
Standard_L32s_v2,AMD EPYC 7551 (Naples) [x86-64],32,256,,,,,,,32,32000,640,32000,1280,1.5M,8000,,,8,12800,Supported,Not Supported,Not Supported,Not Supported,Supported,Supported,Supported,Supported,,Not Supported,,,,,,,,,,,,,,,,,,,,,,,,,,,,,,,,,,,,,,,,,,,,,,,,,,,,,,,,,,,,,,,,,,,,,,,,,,,,,,,,,,,,,,,,,,,,,,,,,,,,,,,,,,,,
Standard_L48s_v2,AMD EPYC 7551 (Naples) [x86-64],48,384,,,,,,,32,48000,960,48000,2000,2.2M,14000,,,8,16000+,Supported,Not Supported,Not Supported,Not Supported,Supported,Supported,Supported,Supported,,Not Supported,,,,,,,,,,,,,,,,,,,,,,,,,,,,,,,,,,,,,,,,,,,,,,,,,,,,,,,,,,,,,,,,,,,,,,,,,,,,,,,,,,,,,,,,,,,,,,,,,,,,,,,,,,,,
Standard_L64s_v2,AMD EPYC 7551 (Naples) [x86-64],64,512,,,,,,,32,64000,1280,64000,2000,2.9M,16000,,,8,16000+,Supported,Not Supported,Not Supported,Not Supported,Supported,Supported,Supported,Supported,,Not Supported,,,,,,,,,,,,,,,,,,,,,,,,,,,,,,,,,,,,,,,,,,,,,,,,,,,,,,,,,,,,,,,,,,,,,,,,,,,,,,,,,,,,,,,,,,,,,,,,,,,,,,,,,,,,
Standard_L80s_v26,AMD EPYC 7551 (Naples) [x86-64],80,640,,,,,,,32,80000,1400,80000,2000,3.8M,20000,,,8,16000+,Supported,Not Supported,Not Supported,Not Supported,Supported,Supported,Supported,Supported,,Not Supported,,,,,,,,,,,,,,,,,,,,,,,,,,,,,,,,,,,,,,,,,,,,,,,,,,,,,,,,,,,,,,,,,,,,,,,,,,,,,,,,,,,,,,,,,,,,,,,,,,,,,,,,,,,,
Standard_L8s_v3,Intel Xeon Platinum 8370C (Ice Lake) [x86-64],8,64,,,,,,,16,12800,290,20000,1200,12800,290,,,4,12500,Supported,Not Supported,Not Supported,Supported,Supported,Supported,Supported,Supported,,Supported,,,,,,,,,,,,,,,,,,,,,,,,,,,,,,,,,,,,,,,,,,,,,,,,,,,,,,,,,,,,,,,,,,,,,,,,,,,,,,,,,,,,,,,,,,,,,,,,,,,,,,,,,,,,
Standard_L16s_v3,Intel Xeon Platinum 8370C (Ice Lake) [x86-64],16,128,,,,,,,32,25600,600,40000,1600,25600,600,,,8,12500,Supported,Not Supported,Not Supported,Supported,Supported,Supported,Supported,Supported,,Supported,,,,,,,,,,,,,,,,,,,,,,,,,,,,,,,,,,,,,,,,,,,,,,,,,,,,,,,,,,,,,,,,,,,,,,,,,,,,,,,,,,,,,,,,,,,,,,,,,,,,,,,,,,,,
Standard_L32s_v3,Intel Xeon Platinum 8370C (Ice Lake) [x86-64],32,256,,,,,,,32,51200,865,80000,2000,51200,865,,,8,16000,Supported,Not Supported,Not Supported,Supported,Supported,Supported,Supported,Supported,,Supported,,,,,,,,,,,,,,,,,,,,,,,,,,,,,,,,,,,,,,,,,,,,,,,,,,,,,,,,,,,,,,,,,,,,,,,,,,,,,,,,,,,,,,,,,,,,,,,,,,,,,,,,,,,,
Standard_L48s_v3,Intel Xeon Platinum 8370C (Ice Lake) [x86-64],48,384,,,,,,,32,76800,1315,80000,3000,76800,1315,,,8,24000,Supported,Not Supported,Not Supported,Supported,Supported,Supported,Supported,Supported,,Supported,,,,,,,,,,,,,,,,,,,,,,,,,,,,,,,,,,,,,,,,,,,,,,,,,,,,,,,,,,,,,,,,,,,,,,,,,,,,,,,,,,,,,,,,,,,,,,,,,,,,,,,,,,,,
Standard_L64s_v3,Intel Xeon Platinum 8370C (Ice Lake) [x86-64],64,512,,,,,,,32,80000,1735,80000,3000,80000,1735,,,8,30000,Supported,Not Supported,Not Supported,Supported,Supported,Supported,Supported,Supported,,Supported,,,,,,,,,,,,,,,,,,,,,,,,,,,,,,,,,,,,,,,,,,,,,,,,,,,,,,,,,,,,,,,,,,,,,,,,,,,,,,,,,,,,,,,,,,,,,,,,,,,,,,,,,,,,
Standard_L80s_v3,Intel Xeon Platinum 8370C (Ice Lake) [x86-64],80,640,,,,,,,32,80000,2160,80000,3000,80000,2160,,,8,32000,Supported,Not Supported,Not Supported,Supported,Supported,Supported,Supported,Supported,,Supported,,,,,,,,,,,,,,,,,,,,,,,,,,,,,,,,,,,,,,,,,,,,,,,,,,,,,,,,,,,,,,,,,,,,,,,,,,,,,,,,,,,,,,,,,,,,,,,,,,,,,,,,,,,,
Standard_L2s_v4,Intel Xeon Platinum 8573C (Emerald Rapids) [x86-64],2,,1,,,,,,8,"3,750",106,"40,000","1,250","4,157",124,"44,444","1,463",2,"12,500",Supported,Supported (except for L96s_v4),Not Supported,Supported,Supported,Not Supported,Supported,Supported,,Supported,,,,,,,,,,,,,,,,,,,,,,,,,,,,,,,,,,,,,16,137500,,,,,,,,,,,,,,55000,,,,,,,,,,,,,,,,,,,,,,,,,,,,,,,,,,,,,,,,,,,,,,,,,,,,,,480,750,375
Standard_L4s_v4,Intel Xeon Platinum 8573C (Emerald Rapids) [x86-64],4,,2,,,,,,12,"6,400",212,"40,000","1,250","8,333",248,"52,083","1,463",2,"12,500",Supported,Supported (except for L96s_v4),Not Supported,Supported,Supported,Not Supported,Supported,Supported,,Supported,,,,,,,,,,,,,,,,,,,,,,,,,,,,,,,,,,,,,32,275000,,,,,,,,,,,,,,110000,,,,,,,,,,,,,,,,,,,,,,,,,,,,,,,,,,,,,,,,,,,,,,,,,,,,,,480,1500,750
Standard_L8s_v4,Intel Xeon Platinum 8573C (Emerald Rapids) [x86-64],8,,4,,,,,,24,"12,800",424,"40,000","1,250","16,667",496,"52,083","1,463",4,"12,500",Supported,Supported (except for L96s_v4),Not Supported,Supported,Supported,Not Supported,Supported,Supported,,Supported,,,,,,,,,,,,,,,,,,,,,,,,,,,,,,,,,,,,,64,550000,,,,,,,,,,,,,,220000,,,,,,,,,,,,,,,,,,,,,,,,,,,,,,,,,,,,,,,,,,,,,,,,,,,,,,480,3000,1500
Standard_L16s_v4,Intel Xeon Platinum 8573C (Emerald Rapids) [x86-64],16,,4,,,,,,48,"25,600",848,"40,000","1,250","33,333",992,"52,083","1,463",8,"12,500",Supported,Supported (except for L96s_v4),Not Supported,Supported,Supported,Not Supported,Supported,Supported,,Supported,,,,,,,,,,,,,,,,,,,,,,,,,,,,,,,,,,,,,128,1100000,,,,,,,,,,,,,,440000,,,,,,,,,,,,,,,,,,,,,,,,,,,,,,,,,,,,,,,,,,,,,,,,,,,,,,960,6000,3000
Standard_L32s_v4,Intel Xeon Platinum 8573C (Emerald Rapids) [x86-64],32,,8,,,,,,64,"51,200","1,696","80,000","1,696","66,667","1,984","104,167","1,984",8,"16,000",Supported,Supported (except for L96s_v4),Not Supported,Supported,Supported,Not Supported,Supported,Supported,,Supported,,,,,,,,,,,,,,,,,,,,,,,,,,,,,,,,,,,,,256,2200000,,,,,,,,,,,,,,880000,,,,,,,,,,,,,,,,,,,,,,,,,,,,,,,,,,,,,,,,,,,,,,,,,,,,,,960,12000,6000
Standard_L48s_v4,Intel Xeon Platinum 8573C (Emerald Rapids) [x86-64],48,,6,,,,,,64,"76,800","2,544","80,000","2,544","100,000","2,976","104,167","2,976",8,"24,000",Supported,Supported (except for L96s_v4),Not Supported,Supported,Supported,Not Supported,Supported,Supported,,Supported,,,,,,,,,,,,,,,,,,,,,,,,,,,,,,,,,,,,,384,3300000,,,,,,,,,,,,,,1320000,,,,,,,,,,,,,,,,,,,,,,,,,,,,,,,,,,,,,,,,,,,,,,,,,,,,,,1920,18000,9000
Standard_L64s_v4,Intel Xeon Platinum 8573C (Emerald Rapids) [x86-64],64,,8,,,,,,64,"102,400","3,392","102,400","3,392","133,333","3,969","133,333","3,969",8,"30,000",Supported,Supported (except for L96s_v4),Not Supported,Supported,Supported,Not Supported,Supported,Supported,,Supported,,,,,,,,,,,,,,,,,,,,,,,,,,,,,,,,,,,,,512,4400000,,,,,,,,,,,,,,1760000,,,,,,,,,,,,,,,,,,,,,,,,,,,,,,,,,,,,,,,,,,,,,,,,,,,,,,1920,24000,12000
Standard_L80s_v4,Intel Xeon Platinum 8573C (Emerald Rapids) [x86-64],80,,10,,,,,,64,"128,000","4,240","128,000","4,240","166,640","4,960","166,640","4,960",8,"36,000",Supported,Supported (except for L96s_v4),Not Supported,Supported,Supported,Not Supported,Supported,Supported,,Supported,,,,,,,,,,,,,,,,,,,,,,,,,,,,,,,,,,,,,640,5500000,,,,,,,,,,,,,,2200000,,,,,,,,,,,,,,,,,,,,,,,,,,,,,,,,,,,,,,,,,,,,,,,,,,,,,,1920,30000,15000
Standard_L96s_v4,Intel Xeon Platinum 8573C (Emerald Rapids) [x86-64],96,,12,,,,,,64,"153,600","5,088","153,600","5,088","200,000","5,953","200,000","5,953",8,"41,000",Supported,Supported (except for L96s_v4),Not Supported,Supported,Supported,Not Supported,Supported,Supported,,Supported,,,,,,,,,,,,,,,,,,,,,,,,,,,,,,,,,,,,,768,6600000,,,,,,,,,,,,,,2640000,,,,,,,,,,,,,,,,,,,,,,,,,,,,,,,,,,,,,,,,,,,,,,,,,,,,,,1920,36000,18000
